-0.00,-0.00,2.03,-0.00,-0.00
-0.00,-0.00,2.03,-0.00,-0.00
-0.00,-0.00,2.03,-0.00,-0.00
-0.00,-0.00,2.03,-0.00,-0.00
-0.00,-0.00,2.03,-0.00,-0.00
-0.00,-0.00,2.03,-0.00,-0.00
0.72,0.72,2.31,0.95,0.15
5.21,5.21,6.85,4.47,6.33
19.25,19.25,22.98,16.10,23.25
26.32,26.32,30.83,22.93,30.81
29.58,29.58,34.35,23.40,29.32
29.61,29.61,37.73,23.15,31.98
32.53,32.53,40.17,28.21,31.71
33.26,33.26,43.38,32.55,36.59
37.76,37.76,43.56,32.89,40.28
38.16,38.16,44.92,34.95,43.62
38.38,38.38,41.38,35.10,46.37
36.66,36.66,36.28,29.19,44.08
37.34,37.34,40.08,36.24,44.37
36.34,36.34,33.69,31.79,46.66
35.36,35.36,33.30,36.08,45.93
35.48,35.48,34.37,36.03,48.78
32.27,32.27,33.58,39.56,50.25
31.20,31.20,32.52,38.29,48.48
31.86,31.86,31.63,41.11,53.19
33.78,33.78,32.77,34.78,51.09
32.33,32.33,33.10,38.45,55.39
33.72,33.72,30.11,36.30,52.69
30.35,30.35,31.48,35.83,57.43
31.19,31.19,31.94,32.18,57.48
29.12,29.12,27.94,32.52,58.41
28.80,28.80,26.21,30.21,59.28
27.05,27.05,24.97,29.43,60.50
29.24,29.24,24.84,30.55,62.88
27.66,27.66,23.36,31.03,59.70
29.13,29.13,25.09,30.82,57.57
29.92,29.92,24.99,26.42,59.63
28.36,28.36,24.81,32.34,62.28
27.38,27.38,24.95,29.09,60.93
27.39,27.39,26.67,32.10,64.51
29.52,29.52,26.03,24.03,64.46
28.89,28.89,23.29,28.03,64.69
27.10,27.10,21.17,27.84,64.27
29.54,29.54,21.88,23.71,64.04
30.31,30.31,21.94,29.72,64.40
30.34,30.34,22.43,29.87,63.46
31.67,31.67,22.77,24.59,65.29
30.91,30.91,22.21,27.10,67.33
31.92,31.92,24.47,26.73,67.25
33.05,33.05,25.35,23.98,66.00
36.66,36.66,26.99,21.25,64.47
36.58,36.58,30.23,28.07,64.07
37.96,37.96,27.44,31.59,64.38
37.37,37.37,29.62,27.64,62.29
33.52,33.52,28.32,34.78,66.42
32.61,32.61,27.35,27.25,65.35
31.60,31.60,26.72,28.83,66.10
31.24,31.24,25.64,24.64,65.47
32.99,32.99,26.17,22.33,66.65
32.87,32.87,26.09,19.32,65.55
33.52,33.52,26.74,22.97,65.93
31.93,31.93,26.94,22.97,65.85
32.86,32.86,27.78,25.30,65.90
34.84,34.84,28.45,22.70,66.97
34.32,34.32,28.37,25.01,64.47
34.06,34.06,28.33,26.77,66.55
33.39,33.39,27.30,23.35,69.44
33.69,33.69,27.44,26.89,68.87
33.05,33.05,26.64,26.56,66.86
32.41,32.41,26.91,26.11,67.49
30.45,30.45,26.00,27.38,68.95
31.18,31.18,25.51,28.49,65.84
30.19,30.19,26.86,27.66,65.61
28.45,28.45,25.51,31.82,64.21
29.40,29.40,26.80,31.13,63.72
29.67,29.67,26.55,30.32,64.33
31.70,31.70,27.77,30.54,61.38
33.02,33.02,27.51,28.25,61.10
31.55,31.55,25.61,29.45,61.71
30.92,30.92,26.80,28.47,60.96
30.45,30.45,28.29,29.88,61.51
29.97,29.97,26.58,28.85,58.82
29.75,29.75,26.27,30.52,61.99
27.87,27.87,26.61,32.36,60.58
28.87,28.87,27.56,33.37,62.12
29.17,29.17,28.07,24.90,61.49
27.07,27.07,26.84,32.69,62.54
28.26,28.26,25.64,36.51,64.49
26.64,26.64,24.76,36.50,63.78
26.89,26.89,23.82,34.18,64.28
26.45,26.45,22.50,34.93,66.27
26.74,26.74,23.13,33.60,67.48
26.19,26.19,21.89,33.41,66.52
24.15,24.15,20.49,29.00,67.27
25.10,25.10,21.35,30.65,69.35
24.66,24.66,20.80,32.71,68.46
24.69,24.69,22.35,26.89,68.60
23.96,23.96,23.24,26.43,69.72
24.54,24.54,20.45,22.70,70.10
23.54,23.54,20.14,26.17,69.55
22.83,22.83,20.98,22.64,69.63
22.24,22.24,20.84,26.17,70.59
21.04,21.04,14.28,21.32,70.08
21.25,21.25,12.51,24.72,69.97
23.28,23.28,15.09,28.77,70.44
22.48,22.48,11.08,23.90,71.08
23.25,23.25,22.55,22.13,69.48
21.50,21.50,17.05,27.22,71.29
22.73,22.73,13.66,25.43,71.51
25.14,25.14,13.54,26.06,69.83
21.54,21.54,12.49,26.33,71.20
22.04,22.04,12.20,27.36,72.54
23.49,23.49,13.40,25.75,71.35
21.90,21.90,11.45,24.76,70.53
23.26,23.26,11.89,18.79,71.84
23.78,23.78,11.58,27.22,71.79
23.02,23.02,10.68,20.67,70.97
22.04,22.04,9.00,20.00,70.50
22.25,22.25,9.15,23.02,72.02
24.12,24.12,9.40,19.62,71.50
24.84,24.84,10.81,22.82,70.54
23.67,23.67,9.00,22.73,71.17
24.49,24.49,11.07,19.73,72.23
22.83,22.83,10.88,19.11,70.48
22.75,22.75,9.94,18.05,69.53
23.22,23.22,11.43,21.57,71.24
20.81,20.81,11.28,21.42,70.88
20.43,20.43,10.27,22.47,68.94
19.24,19.24,9.30,24.03,68.84
18.37,18.37,9.22,25.11,70.19
18.81,18.81,10.67,22.62,68.11
18.52,18.52,24.42,22.37,67.42
18.07,18.07,19.36,20.58,68.32
16.12,16.12,20.30,21.65,68.58
15.36,15.36,13.06,19.01,68.10
14.83,14.83,9.03,21.16,68.05
15.29,15.29,10.60,20.13,68.00
14.07,14.07,10.42,19.84,67.77
13.81,13.81,10.41,20.96,66.86
14.91,14.91,11.49,22.74,67.04
14.68,14.68,11.00,22.48,66.20
17.38,17.38,15.27,24.41,66.13
18.20,18.20,14.83,23.77,64.71
19.90,19.90,14.05,21.24,63.19
19.92,19.92,13.90,19.84,63.92
20.06,20.06,13.91,18.52,65.27
18.88,18.88,12.64,17.84,65.91
18.18,18.18,11.43,18.34,66.98
17.03,17.03,11.04,18.51,68.23
17.30,17.30,11.49,14.86,68.95
18.51,18.51,11.97,16.63,69.56
18.92,18.92,12.38,18.02,70.15
19.97,19.97,11.39,15.68,70.37
19.59,19.59,10.40,15.98,71.36
19.42,19.42,8.88,15.38,71.90
19.87,19.87,7.43,17.47,72.56
19.45,19.45,15.83,16.95,72.21
21.36,21.36,24.00,15.28,73.30
20.76,20.76,22.91,9.07,74.30
21.27,21.27,17.19,9.95,73.64
23.09,23.09,9.85,9.50,74.65
22.74,22.74,7.91,8.54,74.50
22.19,22.19,7.23,7.33,75.63
21.03,21.03,7.25,7.39,75.10
20.35,20.35,7.76,8.99,75.85
19.44,19.44,6.88,7.76,75.86
18.77,18.77,7.49,10.73,75.57
19.89,19.89,7.90,13.93,75.97
19.42,19.42,6.83,13.82,77.15
19.39,19.39,8.36,15.82,75.96
18.82,18.82,6.83,12.04,75.42
18.94,18.94,7.03,13.02,77.66
19.03,19.03,7.92,13.82,76.12
22.16,22.16,14.50,16.20,74.38
29.85,29.85,23.06,22.72,75.22
39.15,39.15,31.05,24.33,74.44
46.84,46.84,35.51,26.65,72.61
55.80,55.80,38.67,26.81,71.21
59.00,59.00,40.26,23.22,69.75
55.85,55.85,39.08,19.43,71.33
59.37,59.37,39.03,14.85,68.46
61.28,61.28,38.90,17.20,69.62
62.80,62.80,38.47,21.10,70.02
64.96,64.96,37.21,16.81,72.41
65.08,65.08,41.72,17.84,73.69
63.87,63.87,39.36,18.92,74.28
63.38,63.38,39.60,16.32,73.19
62.24,62.24,38.48,16.80,74.94
61.40,61.40,39.37,19.84,74.21
60.30,60.30,39.84,14.00,74.85
61.19,61.19,39.04,18.44,73.72
59.87,59.87,38.30,18.67,72.74
60.23,60.23,38.99,18.72,73.46
60.91,60.91,39.35,18.31,71.64
59.86,59.86,39.23,16.31,69.07
60.78,60.78,40.77,20.91,72.42
59.09,59.09,38.60,18.85,70.94
57.17,57.17,39.44,16.99,68.03
57.26,57.26,38.18,20.70,67.96
58.70,58.70,37.75,20.08,65.56
58.38,58.38,37.29,22.46,64.81
58.45,58.45,39.84,16.71,62.71
57.58,57.58,37.75,19.02,60.28
57.08,57.08,37.73,17.63,63.45
56.81,56.81,35.58,13.00,65.91
58.21,58.21,37.45,17.13,67.79
58.35,58.35,37.85,16.71,70.65
57.86,57.86,38.93,23.17,72.59
57.12,57.12,38.26,13.49,72.76
57.23,57.23,39.24,17.32,73.86
58.07,58.07,38.55,18.88,73.89
58.02,58.02,37.37,14.54,73.48
57.52,57.52,37.37,15.86,73.96
57.40,57.40,37.48,13.40,73.38
59.54,59.54,36.22,14.81,72.48
59.24,59.24,35.26,18.33,71.71
60.43,60.43,34.53,9.42,73.65
62.20,62.20,33.25,19.41,74.98
66.80,66.80,32.68,17.51,75.34
69.04,69.04,34.62,22.45,71.13
70.68,70.68,35.78,17.32,75.98
69.50,69.50,34.80,21.77,76.74
69.51,69.51,32.62,19.41,77.46
68.15,68.15,33.30,22.61,75.44
67.37,67.37,34.02,12.81,76.35
67.98,67.98,34.49,19.80,74.57
66.99,66.99,34.03,15.40,77.38
66.11,66.11,33.23,21.55,77.58
66.90,66.90,33.98,24.21,78.25
68.24,68.24,34.04,23.06,76.68
68.46,68.46,33.64,19.38,76.93
70.49,70.49,33.63,23.99,76.80
70.76,70.76,32.13,20.80,75.96
71.33,71.33,33.51,26.41,75.55
72.40,72.40,32.18,21.89,75.81
72.83,72.83,32.74,24.67,75.83
72.04,72.04,32.83,29.17,76.21
72.49,72.49,32.85,20.51,77.93
71.05,71.05,32.97,19.28,78.20
70.43,70.43,30.79,17.55,76.78
70.94,70.94,33.19,18.84,77.17
69.84,69.84,32.68,21.77,78.68
68.94,68.94,32.49,19.34,76.70
69.80,69.80,33.88,19.91,76.93
70.24,70.24,33.47,22.55,78.93
66.50,66.50,35.34,17.77,79.85
66.21,66.21,33.50,16.27,80.15
65.90,65.90,32.67,17.93,78.48
66.27,66.27,33.07,17.84,77.68
61.41,61.41,33.02,13.41,76.85
60.29,60.29,33.92,13.93,79.19
62.81,62.81,34.90,15.02,78.76
60.20,60.20,36.21,17.26,77.11
58.93,58.93,36.26,12.18,73.90
55.41,55.41,34.71,14.07,73.31
54.38,54.38,34.49,12.81,74.35
53.32,53.32,35.84,15.62,73.03
56.72,56.72,35.54,17.67,74.42
54.59,54.59,35.04,23.34,69.44
57.77,57.77,36.75,20.54,71.47
55.56,55.56,34.99,14.62,68.85
59.03,59.03,35.33,12.23,70.66
56.10,56.10,37.22,14.39,72.41
60.23,60.23,35.77,8.89,72.73
54.65,54.65,36.63,13.42,69.77
57.40,57.40,35.35,12.39,74.18
53.25,53.25,33.44,13.70,73.94
53.35,53.35,30.40,9.21,75.18
51.19,51.19,29.52,8.47,73.10
53.02,53.02,28.77,11.29,76.30
50.15,50.15,25.83,12.02,77.54
47.23,47.23,24.86,9.49,77.09
50.07,50.07,23.13,4.73,77.41
47.04,47.04,23.25,4.74,75.40
48.77,48.77,20.89,10.52,77.13
47.02,47.02,20.94,7.40,74.88
46.06,46.06,20.34,6.21,76.72
46.15,46.15,19.99,9.53,76.86
45.17,45.17,19.12,7.37,76.57
43.11,43.11,17.75,8.19,76.01
43.77,43.77,18.59,8.74,76.55
44.20,44.20,17.31,10.76,77.29
42.74,42.74,17.58,10.99,73.89
41.68,41.68,17.55,14.92,73.42
41.32,41.32,20.99,20.47,74.59
43.07,43.07,14.90,13.09,76.20
42.16,42.16,15.40,10.17,77.11
44.26,44.26,13.85,9.31,77.87
42.15,42.15,12.61,13.28,78.60
40.48,40.48,12.85,11.54,77.30
44.66,44.66,12.65,10.40,75.97
44.95,44.95,13.27,11.92,74.11
39.88,39.88,12.82,17.38,76.86
41.75,41.75,11.00,16.02,78.22
46.63,46.63,11.24,13.86,79.29
42.44,42.44,13.26,12.22,79.51
40.13,40.13,12.45,15.50,79.29
41.56,41.56,12.86,19.12,77.86
39.65,39.65,12.65,19.08,75.16
36.08,36.08,13.87,17.42,75.91
37.05,37.05,18.02,19.11,77.97
35.87,35.87,18.27,15.43,78.06
37.53,37.53,15.39,14.21,78.55
38.16,38.16,14.24,19.44,78.68
36.64,36.64,16.05,21.40,77.51
34.32,34.32,18.95,21.29,75.80
32.64,32.64,19.51,20.12,72.64
33.12,33.12,23.72,21.67,73.72
31.61,31.61,19.20,17.10,75.71
30.94,30.94,28.03,15.14,76.82
30.82,30.82,23.03,11.62,76.92
31.39,31.39,21.53,14.06,76.34
30.25,30.25,19.43,14.55,74.15
28.35,28.35,16.99,7.18,72.34
27.77,27.77,22.41,12.45,72.89
26.91,26.91,27.56,15.39,72.40
24.25,24.25,27.23,16.46,72.46
23.75,23.75,27.44,16.51,72.64
23.86,23.86,24.47,12.97,72.11
22.54,22.54,24.80,17.01,70.70
22.34,22.34,24.39,13.35,71.73
22.68,22.68,17.71,12.57,71.46
23.64,23.64,18.53,7.29,70.92
23.57,23.57,17.12,2.28,70.71
22.41,22.41,19.22,10.00,69.72
21.44,21.44,16.06,7.80,68.34
20.78,20.78,17.82,9.32,69.68
19.34,19.34,16.55,8.43,68.99
17.97,17.97,14.32,4.54,68.20
19.49,19.49,16.96,7.22,68.67
19.42,19.42,22.98,14.10,66.75
19.21,19.21,21.15,10.99,67.24
19.94,19.94,18.98,10.75,67.13
19.15,19.15,17.25,6.38,67.35
19.42,19.42,21.71,7.50,66.78
18.92,18.92,27.52,12.48,66.18
20.07,20.07,24.06,9.36,65.75
20.22,20.22,22.78,13.65,68.59
21.03,21.03,19.46,9.35,69.41
23.30,23.30,16.38,5.89,69.57
20.90,20.90,15.70,4.54,67.81
22.21,22.21,19.20,9.54,69.11
20.36,20.36,18.32,9.08,70.05
21.55,21.55,17.01,7.32,71.41
19.71,19.71,17.47,7.52,71.37
19.67,19.67,15.53,7.17,71.25
22.14,22.14,16.50,9.92,71.00
19.78,19.78,15.50,7.19,71.32
19.76,19.76,10.79,3.82,71.93
20.24,20.24,7.59,1.18,72.48
23.83,23.83,12.40,2.64,72.90
23.92,23.92,10.41,0.32,73.83
24.70,24.70,9.65,0.79,72.71
24.85,24.85,9.52,0.06,72.63
24.65,24.65,7.85,0.23,72.39
23.24,23.24,13.78,4.35,72.08
23.22,23.22,13.64,5.70,73.04
23.14,23.14,9.23,2.08,73.58
22.50,22.50,10.20,2.32,73.44
20.51,20.51,13.14,2.34,72.39
21.10,21.10,28.75,14.73,72.30
20.06,20.06,20.59,6.39,72.21
20.17,20.17,22.07,6.30,71.83
21.34,21.34,12.70,1.65,71.37
21.36,21.36,9.08,0.77,70.83
22.80,22.80,8.99,1.26,70.31
22.04,22.04,12.25,1.41,70.21
22.63,22.63,12.09,0.98,69.74
23.15,23.15,10.65,1.36,69.34
23.74,23.74,10.89,3.64,68.04
25.06,25.06,19.15,8.96,68.19
34.51,34.51,20.94,5.45,67.36
41.66,41.66,23.63,7.54,65.85
47.05,47.05,23.97,8.96,65.53
59.66,59.66,29.77,15.25,64.90
76.56,76.56,33.36,18.93,63.40
79.62,79.62,32.61,14.11,62.39
82.28,82.28,33.01,15.49,67.98
82.97,82.97,39.39,8.94,72.70
82.32,82.32,40.32,10.89,70.75
82.48,82.48,37.81,10.93,67.46
82.15,82.15,36.96,9.36,68.56
82.44,82.44,40.11,8.57,68.77
82.09,82.09,40.30,7.72,70.04
81.19,81.19,38.76,9.95,72.17
80.63,80.63,39.82,18.56,72.10
80.04,80.04,39.60,14.91,71.55
80.76,80.76,35.31,12.90,71.87
79.83,79.83,37.20,11.17,70.38
79.63,79.63,46.12,13.01,70.92
80.90,80.90,42.70,13.87,72.25
80.69,80.69,45.25,12.41,72.60
81.99,81.99,42.21,9.11,73.70
82.05,82.05,43.96,14.47,72.84
81.51,81.51,43.96,13.44,75.13
82.86,82.86,41.91,15.59,75.74
81.28,81.28,41.68,14.23,78.13
79.23,79.23,45.03,14.01,77.38
79.34,79.34,43.77,15.51,75.87
79.57,79.57,38.37,16.07,76.66
74.11,74.11,45.34,15.74,77.25
71.66,71.66,39.80,9.27,77.10
72.41,72.41,41.40,13.99,76.54
68.95,68.95,36.34,15.25,76.01
67.55,67.55,35.78,17.85,76.64
69.30,69.30,41.24,12.54,79.71
72.03,72.03,34.52,12.79,79.33
74.74,74.74,36.03,12.75,79.16
75.61,75.61,33.24,16.96,77.42
73.26,73.26,34.41,12.47,77.07
71.59,71.59,43.15,12.21,77.07
71.82,71.82,35.82,18.15,77.75
79.18,79.18,31.56,17.13,74.41
82.17,82.17,40.25,12.03,74.76
84.46,84.46,43.14,17.49,73.12
83.42,83.42,39.15,14.00,71.50
82.71,82.71,40.47,15.07,75.68
82.29,82.29,42.09,13.02,75.72
80.86,80.86,42.69,18.75,71.98
81.83,81.83,45.83,16.74,75.63
81.80,81.80,38.97,12.76,71.99
82.10,82.10,43.96,15.62,70.97
80.56,80.56,46.41,11.08,72.90
80.38,80.38,46.16,14.73,73.53
83.39,83.39,43.18,22.04,74.59
82.48,82.48,45.86,15.35,75.22
81.04,81.04,40.77,19.15,75.97
78.72,78.72,39.95,9.18,76.27
80.08,80.08,42.75,17.57,73.75
79.88,79.88,35.53,16.21,72.47
76.73,76.73,39.91,15.41,74.44
76.36,76.36,44.91,15.85,76.74
76.59,76.59,38.22,19.84,76.39
77.69,77.69,36.95,23.03,77.93
77.99,77.99,40.41,15.96,76.36
78.02,78.02,38.78,16.04,73.09
77.41,77.41,39.50,26.82,71.59
76.42,76.42,35.98,9.03,73.01
75.62,75.62,32.44,15.41,72.88
76.58,76.58,31.79,11.91,73.83
76.99,76.99,33.37,13.80,73.16
76.99,76.99,36.94,16.54,70.55
75.96,75.96,37.08,12.92,71.74
75.77,75.77,38.50,14.69,71.58
75.94,75.94,36.24,12.60,70.36
75.41,75.41,34.63,15.16,66.06
76.99,76.99,30.83,15.98,67.69
75.52,75.52,31.43,18.40,68.10
77.84,77.84,32.90,18.04,66.55
76.86,76.86,32.99,20.81,68.95
76.87,76.87,35.59,18.70,66.20
77.72,77.72,36.82,12.57,68.56
75.07,75.07,35.48,14.96,65.49
75.69,75.69,32.26,12.45,65.99
75.04,75.04,29.96,16.64,67.20
75.50,75.50,30.43,10.95,69.64
75.37,75.37,32.33,13.41,67.58
77.04,77.04,31.13,8.85,66.83
75.60,75.60,28.77,17.16,65.39
76.05,76.05,32.04,14.85,71.39
76.85,76.85,35.00,10.94,72.81
76.19,76.19,31.95,15.81,71.62
76.86,76.86,31.34,17.22,69.93
77.43,77.43,29.43,11.99,73.92
76.42,76.42,30.91,15.24,74.57
76.33,76.33,30.23,18.26,74.56
77.05,77.05,30.15,18.46,73.91
78.44,78.44,30.83,21.52,72.44
78.33,78.33,32.85,20.10,75.89
77.75,77.75,35.45,20.30,76.99
75.90,75.90,32.60,17.79,74.76
75.82,75.82,30.37,23.91,76.24
76.19,76.19,30.89,20.29,75.58
74.49,74.49,32.63,18.42,74.86
73.95,73.95,34.56,19.76,75.85
73.97,73.97,33.98,11.10,72.38
71.51,71.51,37.48,15.08,74.39
70.39,70.39,33.76,15.99,74.97
71.99,71.99,35.21,19.57,74.91
69.44,69.44,33.65,17.77,75.27
68.54,68.54,34.10,24.95,74.58
63.41,63.41,31.75,20.99,74.82
60.48,60.48,30.60,20.67,75.13
58.42,58.42,29.35,10.54,73.34
58.87,58.87,29.10,24.56,73.68
55.53,55.53,28.99,24.04,73.55
56.28,56.28,28.88,19.03,71.95
55.10,55.10,28.89,24.42,70.34
55.13,55.13,26.94,20.40,71.43
55.89,55.89,23.21,20.14,72.44
59.00,59.00,25.90,23.33,72.03
65.95,65.95,26.59,25.98,70.84
67.56,67.56,39.28,19.52,71.05
70.02,70.02,32.69,21.58,71.86
69.01,69.01,35.73,18.67,71.09
66.71,66.71,32.99,27.77,71.59
62.22,62.22,28.59,25.50,72.22
59.28,59.28,31.64,16.86,68.32
66.39,66.39,27.45,12.28,66.30
78.12,78.12,27.91,12.58,60.88
77.13,77.13,27.85,18.33,66.25
76.01,76.01,29.07,20.42,64.28
76.26,76.26,26.79,16.75,64.24
73.78,73.78,25.22,18.80,65.88
74.13,74.13,25.96,11.81,65.95
76.16,76.16,25.15,6.62,65.84
76.16,76.16,29.70,9.41,67.43
75.48,75.48,32.77,9.61,67.80
75.22,75.22,34.62,3.35,68.65
74.12,74.12,31.65,10.32,69.54
75.00,75.00,25.41,13.71,70.09
72.70,72.70,25.28,10.56,71.15
71.43,71.43,24.40,18.06,70.28
73.52,73.52,24.46,16.64,71.62
74.00,74.00,21.88,14.11,72.78
73.60,73.60,22.91,18.92,72.76
72.36,72.36,22.03,18.47,74.45
72.49,72.49,23.31,11.89,74.22
72.81,72.81,22.93,15.93,72.99
74.15,74.15,21.88,15.83,73.94
73.42,73.42,23.38,7.92,73.81
74.41,74.41,30.75,5.72,74.92
72.71,72.71,32.66,9.66,74.21
72.00,72.00,30.32,9.05,74.43
72.18,72.18,29.01,8.45,74.53
73.22,73.22,28.43,9.06,74.67
73.05,73.05,29.07,10.88,74.56
72.86,72.86,31.02,13.90,73.89
72.06,72.06,28.77,15.87,73.90
72.28,72.28,30.77,18.31,75.28
71.84,71.84,32.64,14.66,73.72
71.82,71.82,29.49,13.44,73.75
71.95,71.95,29.58,7.99,74.20
70.80,70.80,31.34,7.77,75.50
71.62,71.62,31.79,9.83,74.06
68.58,68.58,31.13,12.90,73.23
66.27,66.27,30.33,11.77,73.32
66.48,66.48,29.51,19.77,73.56
66.04,66.04,31.10,28.08,71.95
63.63,63.63,30.70,22.92,73.45
66.13,66.13,29.66,16.58,72.29
67.88,67.88,26.98,11.35,73.44
66.72,66.72,26.55,7.53,75.94
67.74,67.74,24.86,12.08,73.94
69.50,69.50,24.94,15.16,74.50
67.92,67.92,25.29,13.61,75.99
66.33,66.33,22.70,10.99,73.73
64.81,64.81,24.94,9.04,74.99
63.95,63.95,25.16,12.13,74.63
63.21,63.21,23.26,16.16,72.94
63.62,63.62,21.11,18.27,73.85
58.96,58.96,19.20,20.42,74.05
54.68,54.68,17.01,12.65,71.78
49.53,49.53,16.31,20.38,72.96
44.91,44.91,15.76,30.25,72.85
48.19,48.19,16.52,33.00,72.26
45.85,45.85,17.65,34.38,71.89
40.59,40.59,19.88,34.98,70.49
44.22,44.22,22.04,36.13,70.51
45.21,45.21,29.95,38.18,70.28
42.93,42.93,24.89,38.36,69.36
40.39,40.39,33.13,42.32,68.31
37.82,37.82,31.73,42.33,68.07
39.03,39.03,30.46,42.05,67.61
36.57,36.57,35.88,40.57,67.55
40.33,40.33,29.93,37.61,66.71
46.43,46.43,38.31,47.39,67.73
41.25,41.25,29.98,43.42,68.85
43.22,43.22,25.93,30.47,69.09
51.02,51.02,28.37,36.89,69.38
56.67,56.67,30.19,36.73,71.19
63.55,63.55,33.23,37.10,71.09
62.31,62.31,35.02,29.30,70.46
61.44,61.44,34.30,35.16,70.61
58.61,58.61,31.32,36.05,72.30
65.00,65.00,26.72,33.39,71.08
68.73,68.73,31.96,26.72,69.87
79.95,79.95,34.41,21.10,71.72
82.71,82.71,33.20,19.46,71.95
82.75,82.75,30.00,19.20,70.95
80.37,80.37,28.94,20.71,67.90
79.73,79.73,28.21,24.21,65.31
80.52,80.52,28.48,24.10,66.15
80.96,80.96,26.54,24.32,68.47
80.82,80.82,29.60,17.81,70.22
81.13,81.13,29.34,19.49,68.93
80.41,80.41,30.76,16.80,66.74
80.82,80.82,33.40,17.06,66.40
82.52,82.52,32.58,22.03,67.41
83.59,83.59,31.39,21.04,67.30
81.87,81.87,34.30,22.59,67.31
81.52,81.52,35.40,28.69,69.11
83.18,83.18,31.57,20.93,70.22
80.62,80.62,33.04,23.05,71.70
82.38,82.38,32.70,16.80,73.25
83.57,83.57,35.57,22.81,72.03
83.57,83.57,39.37,20.58,72.25
82.39,82.39,37.52,21.38,70.09
81.37,81.37,37.94,25.98,71.09
82.42,82.42,38.58,21.69,71.66
82.81,82.81,37.26,19.48,72.40
76.26,76.26,39.16,22.05,72.70
77.93,77.93,35.37,18.76,72.79
75.92,75.92,35.83,20.77,74.38
73.12,73.12,31.08,22.11,73.46
69.65,69.65,31.95,22.86,73.07
70.62,70.62,37.52,20.59,73.10
76.96,76.96,48.17,15.64,70.87
79.29,79.29,48.56,15.00,69.51
77.99,77.99,40.72,14.69,71.29
76.76,76.76,39.11,20.28,70.25
74.92,74.92,39.70,18.23,71.32
72.75,72.75,30.52,18.44,69.32
71.42,71.42,32.70,18.51,67.92
78.02,78.02,31.78,19.78,67.45
81.04,81.04,33.61,17.81,68.28
81.32,81.32,35.90,15.00,63.60
81.36,81.36,33.59,13.57,64.19
80.82,80.82,31.03,13.67,63.03
81.39,81.39,33.16,17.43,60.48
82.19,82.19,34.41,15.08,63.23
81.91,81.91,28.73,16.88,61.67
81.63,81.63,30.18,15.80,60.95
81.96,81.96,32.36,21.64,59.10
81.96,81.96,32.05,12.28,62.56
82.00,82.00,32.42,12.67,63.85
78.38,78.38,33.61,16.51,62.01
77.77,77.77,31.06,23.61,64.70
77.35,77.35,33.85,14.96,66.48
78.22,78.22,32.87,16.00,69.69
79.90,79.90,33.44,20.71,68.64
78.11,78.11,36.01,14.23,72.08
78.09,78.09,38.87,15.71,71.30
79.62,79.62,33.28,18.65,73.20
78.47,78.47,27.82,16.77,73.92
78.96,78.96,35.99,16.77,73.82
78.54,78.54,35.10,16.55,74.45
78.50,78.50,33.91,24.61,71.32
79.62,79.62,31.05,22.55,72.75
78.64,78.64,32.19,20.95,75.13
77.51,77.51,33.59,22.73,75.14
77.45,77.45,32.93,23.11,75.91
75.10,75.10,31.65,18.42,76.82
67.49,67.49,28.27,14.73,73.13
68.05,68.05,25.05,20.72,73.46
69.76,69.76,39.51,16.95,72.09
78.75,78.75,52.03,25.18,71.12
68.98,68.98,38.06,19.81,74.16
64.53,64.53,26.43,18.95,71.15
62.88,62.88,23.26,21.33,73.02
71.87,71.87,28.18,19.81,73.05
72.98,72.98,31.74,20.48,71.23
72.33,72.33,29.33,22.57,72.37
73.44,73.44,31.59,17.91,76.33
71.98,71.98,29.16,21.94,72.81
73.41,73.41,30.55,21.77,76.10
73.62,73.62,29.90,19.68,72.01
75.51,75.51,27.08,19.96,72.26
76.51,76.51,30.15,19.71,76.48
75.92,75.92,28.96,21.83,73.41
77.63,77.63,29.64,21.20,75.58
76.00,76.00,29.47,22.24,76.46
76.26,76.26,30.83,20.18,74.13
75.26,75.26,31.25,21.20,75.81
73.13,73.13,29.38,21.16,78.05
73.44,73.44,31.38,24.40,75.55
72.96,72.96,31.74,21.89,76.58
73.09,73.09,29.68,21.22,76.85
74.64,74.64,30.49,18.89,75.67
74.12,74.12,29.88,17.41,77.15
71.81,71.81,32.50,18.95,72.21
72.26,72.26,36.81,23.75,76.22
70.44,70.44,33.76,24.11,74.30
70.91,70.91,35.71,20.25,71.53
72.80,72.80,31.48,23.51,73.18
73.38,73.38,30.49,26.92,73.52
74.68,74.68,29.57,19.31,70.81
72.25,72.25,29.47,20.98,70.81
72.79,72.79,29.00,24.32,70.30
67.51,67.51,29.01,22.07,70.17
69.08,69.08,29.72,20.91,67.67
67.82,67.82,29.42,25.34,68.86
64.65,64.65,30.06,25.46,64.23
60.35,60.35,32.05,17.60,68.49
61.57,61.57,31.83,18.38,68.13
55.76,55.76,31.84,23.47,69.43
56.18,56.18,31.16,23.62,69.56
54.61,54.61,31.92,27.16,68.08
51.19,51.19,30.81,26.14,71.20
52.07,52.07,31.23,29.35,68.67
51.86,51.86,32.31,28.73,69.65
50.22,50.22,31.87,26.45,68.73
51.30,51.30,29.09,27.05,69.98
50.68,50.68,29.06,30.12,72.23
51.22,51.22,29.07,25.65,70.42
48.55,48.55,33.18,27.22,72.35
49.49,49.49,38.42,25.73,73.31
48.58,48.58,30.30,28.13,71.96
45.70,45.70,29.38,25.04,72.28
45.19,45.19,28.00,26.11,72.71
45.24,45.24,28.13,25.84,72.06
47.27,47.27,27.87,28.11,74.13
46.45,46.45,29.29,24.17,74.20
45.46,45.46,29.28,30.69,73.69
43.85,43.85,26.80,22.77,74.37
42.11,42.11,26.30,21.06,75.71
42.05,42.05,25.95,25.56,75.11
41.05,41.05,26.63,23.70,74.37
41.46,41.46,25.38,27.99,76.87
38.73,38.73,24.93,24.77,75.27
38.66,38.66,26.68,32.04,74.98
39.32,39.32,26.54,33.05,76.83
36.14,36.14,24.94,24.54,75.83
37.54,37.54,24.94,20.48,74.51
37.37,37.37,26.22,25.81,76.99
39.79,39.79,24.25,29.82,75.02
40.10,40.10,30.87,24.10,75.24
38.63,38.63,25.75,32.83,77.41
36.68,36.68,25.85,32.76,74.39
35.38,35.38,22.95,28.46,75.43
35.76,35.76,20.98,25.85,75.63
32.27,32.27,23.08,32.85,74.65
29.64,29.64,23.18,32.02,74.30
29.69,29.69,19.13,24.77,74.47
30.76,30.76,21.60,22.83,75.25
31.32,31.32,21.00,23.09,73.12
33.85,33.85,24.82,29.32,72.88
34.77,34.77,24.71,24.02,73.46
34.98,34.98,26.00,29.42,70.96
34.68,34.68,26.84,32.41,72.42
33.90,33.90,26.27,34.72,72.64
33.13,33.13,25.89,31.13,70.14
32.39,32.39,26.12,30.53,70.19
31.34,31.34,25.57,25.35,71.66
31.06,31.06,26.19,28.42,68.35
31.00,31.00,27.92,34.83,68.87
30.08,30.08,26.39,31.85,70.18
29.45,29.45,26.21,23.28,67.50
29.68,29.68,25.64,22.00,68.61
26.52,26.52,25.32,25.99,67.83
29.03,29.03,27.25,27.79,65.69
29.96,29.96,31.17,24.83,67.32
28.56,28.56,29.73,29.99,66.86
25.77,25.77,28.30,33.81,66.74
27.46,27.46,27.26,32.67,67.31
25.74,25.74,24.35,28.31,68.13
26.23,26.23,25.18,23.31,69.01
26.01,26.01,24.36,26.74,68.49
24.12,24.12,24.13,22.66,70.13
23.66,23.66,25.40,26.54,70.88
25.33,25.33,23.57,23.85,71.59
26.83,26.83,24.05,25.45,72.11
27.93,27.93,23.85,24.46,72.27
27.09,27.09,24.63,24.92,72.56
26.83,26.83,23.17,22.85,73.57
25.86,25.86,22.31,23.38,73.22
24.60,24.60,21.94,21.52,74.92
22.23,22.23,23.48,22.67,73.71
23.27,23.27,22.15,20.58,75.96
24.81,24.81,22.87,19.29,75.01
27.02,27.02,25.05,21.31,75.21
27.10,27.10,23.84,20.98,76.28
27.43,27.43,23.69,22.45,73.99
26.44,26.44,21.24,18.00,75.62
24.94,24.94,17.20,12.52,76.53
25.29,25.29,21.99,19.92,76.09
25.60,25.60,24.06,22.07,76.07
30.45,30.45,29.68,15.64,77.99
44.66,44.66,29.92,16.38,75.36
56.48,56.48,35.86,19.41,77.19
55.70,55.70,32.52,14.62,77.04
57.51,57.51,29.47,13.90,75.56
64.30,64.30,35.53,16.90,75.86
80.97,80.97,42.82,20.24,75.61
83.10,83.10,35.16,15.33,77.30
80.67,80.67,40.09,17.55,74.95
82.36,82.36,44.90,17.70,75.84
81.99,81.99,39.54,18.97,74.69
82.64,82.64,42.88,21.69,74.85
82.02,82.02,35.37,23.45,72.35
82.66,82.66,46.62,19.24,72.46
83.06,83.06,39.80,25.68,71.55
85.00,85.00,35.37,25.76,74.15
84.22,84.22,32.38,22.73,73.92
82.10,82.10,37.75,22.81,74.18
81.70,81.70,32.36,20.26,71.82
81.48,81.48,37.12,19.53,73.95
82.76,82.76,36.17,14.14,73.40
82.89,82.89,39.06,14.47,75.83
82.64,82.64,36.98,22.35,73.12
82.77,82.77,41.39,27.92,74.23
83.80,83.80,35.44,27.12,72.26
82.94,82.94,41.77,28.61,72.89
83.45,83.45,39.06,27.08,71.93
82.60,82.60,37.78,22.80,71.25
81.58,81.58,39.14,23.89,70.56
81.27,81.27,36.68,20.53,70.63
80.95,80.95,36.90,20.64,69.01
76.17,76.17,54.80,22.64,70.08
80.38,80.38,58.73,21.68,70.85
79.56,79.56,55.70,19.25,71.06
77.39,77.39,49.77,18.86,72.13
74.97,74.97,48.66,17.84,69.97
73.31,73.31,50.71,16.00,70.14
73.93,73.93,51.06,19.49,68.45
73.50,73.50,52.01,20.46,68.13
71.75,71.75,44.42,17.54,68.00
72.38,72.38,45.21,19.29,68.28
73.04,73.04,36.90,11.48,67.28
73.52,73.52,31.99,16.06,65.55
81.73,81.73,37.51,21.24,69.13
79.04,79.04,40.38,18.94,68.50
77.65,77.65,39.00,19.09,68.83
80.32,80.32,43.01,13.68,65.12
81.26,81.26,39.21,25.32,68.52
82.31,82.31,41.59,23.59,69.15
82.61,82.61,37.48,20.78,68.45
82.55,82.55,36.19,26.65,66.82
80.79,80.79,36.70,26.13,69.87
80.22,80.22,36.97,20.16,68.94
79.75,79.75,40.19,25.69,73.17
78.98,78.98,34.29,25.78,75.64
77.54,77.54,36.07,17.93,76.73
76.67,76.67,35.26,18.00,75.95
75.40,75.40,38.57,16.34,76.31
75.16,75.16,39.90,16.76,76.78
76.85,76.85,31.77,20.50,77.89
75.85,75.85,30.85,22.57,78.65
75.08,75.08,31.13,18.80,79.23
72.77,72.77,31.16,22.02,80.51
71.23,71.23,29.89,22.61,79.83
70.98,70.98,31.74,18.40,79.59
67.22,67.22,32.92,18.03,78.97
60.52,60.52,31.44,21.02,77.20
61.68,61.68,28.84,19.25,77.22
62.76,62.76,28.40,19.65,78.80
59.56,59.56,27.29,17.00,78.88
65.69,65.69,23.11,13.83,78.81
69.63,69.63,40.73,17.46,78.14
72.32,72.32,43.90,12.77,76.09
72.63,72.63,43.53,18.16,75.79
74.30,74.30,46.52,19.13,75.13
73.66,73.66,48.11,14.09,73.11
73.40,73.40,46.56,20.41,73.23
71.98,71.98,42.31,13.47,72.81
63.87,63.87,32.15,15.68,75.29
62.94,62.94,28.67,7.59,71.96
65.70,65.70,34.08,13.38,68.77
67.16,67.16,39.99,20.16,70.72
65.09,65.09,35.37,18.78,68.96
64.75,64.75,32.82,19.82,68.85
74.55,74.55,34.70,17.89,70.56
77.45,77.45,33.77,17.29,69.11
77.32,77.32,35.88,11.63,68.94
77.38,77.38,37.69,13.10,67.78
76.97,76.97,37.40,14.83,68.82
76.47,76.47,34.70,13.02,67.32
75.83,75.83,37.05,18.54,67.30
75.31,75.31,38.28,14.07,66.49
76.40,76.40,35.39,20.79,66.48
76.02,76.02,34.96,13.33,65.92
76.35,76.35,37.46,13.57,69.11
76.75,76.75,35.06,15.98,65.28
76.80,76.80,38.61,13.54,68.85
75.78,75.78,36.75,14.26,70.68
75.31,75.31,33.43,11.98,70.40
74.15,74.15,37.97,15.98,69.89
74.52,74.52,36.34,20.40,70.56
75.05,75.05,34.66,22.35,70.43
74.65,74.65,31.92,22.18,73.59
75.95,75.95,31.11,18.54,73.55
75.61,75.61,29.32,15.68,71.88
75.18,75.18,29.85,15.71,74.85
75.39,75.39,32.90,13.01,74.00
74.69,74.69,30.60,11.52,74.58
74.64,74.64,35.80,11.00,74.93
74.76,74.76,34.25,9.70,75.20
72.61,72.61,33.16,11.85,75.10
71.90,71.90,34.89,8.33,74.66
70.94,70.94,31.21,12.58,74.49
72.58,72.58,31.46,16.55,74.95
73.49,73.49,32.25,15.78,74.15
75.02,75.02,31.23,13.25,75.81
75.70,75.70,33.24,12.80,73.06
73.63,73.63,34.89,17.00,75.17
71.92,71.92,33.66,14.04,75.31
69.15,69.15,33.70,17.73,74.64
66.14,66.14,32.57,18.57,75.65
63.34,63.34,28.96,15.24,75.99
66.76,66.76,31.06,15.28,74.95
71.05,71.05,25.32,13.36,76.30
72.15,72.15,25.85,13.32,76.29
70.11,70.11,27.14,8.83,74.39
70.20,70.20,30.92,10.30,75.28
71.82,71.82,32.76,10.69,73.65
73.49,73.49,30.20,11.23,73.44
74.30,74.30,30.98,18.50,74.45
76.37,76.37,31.13,18.44,73.82
77.54,77.54,34.44,15.25,76.50
77.46,77.46,30.47,7.93,76.07
75.69,75.69,30.69,5.73,74.91
75.81,75.81,32.38,7.27,76.41
74.82,74.82,28.33,8.24,76.77
74.17,74.17,29.97,4.17,74.24
75.52,75.52,33.00,10.27,75.87
74.78,74.78,29.66,8.15,74.77
74.49,74.49,26.82,7.00,74.02
76.54,76.54,23.45,8.35,75.07
74.48,74.48,27.04,8.17,74.67
72.95,72.95,28.15,13.30,74.41
73.50,73.50,24.14,11.29,74.86
71.09,71.09,24.80,10.61,73.08
73.56,73.56,27.62,5.95,73.06
74.30,74.30,23.36,8.61,72.57
73.26,73.26,21.51,7.58,71.91
74.44,74.44,23.32,8.45,71.67
71.41,71.41,19.15,8.38,72.01
72.80,72.80,18.18,8.65,72.41
72.97,72.97,19.82,11.63,70.36
72.71,72.71,28.35,16.79,70.70
72.37,72.37,25.42,14.91,69.37
73.07,73.07,25.75,15.71,67.18
73.08,73.08,35.11,15.72,67.40
74.07,74.07,39.12,16.48,67.92
72.44,72.44,34.67,12.62,68.42
73.36,73.36,38.30,12.57,66.09
72.54,72.54,37.13,10.35,67.63
72.50,72.50,31.17,11.88,69.48
71.45,71.45,35.68,8.78,68.64
71.58,71.58,35.27,14.22,68.29
71.62,71.62,27.93,16.52,69.29
69.34,69.34,22.91,15.64,69.78
66.97,66.97,22.13,11.71,68.70
66.94,66.94,19.34,12.25,72.69
66.46,66.46,19.34,14.58,72.26
65.01,65.01,13.51,12.52,71.17
62.94,62.94,11.70,8.03,70.99
58.70,58.70,14.19,12.08,73.10
59.89,59.89,15.91,20.49,72.25
59.55,59.55,16.50,28.92,72.57
59.54,59.54,16.25,33.70,73.01
55.23,55.23,17.67,34.74,73.60
54.31,54.31,17.43,32.80,72.62
53.24,53.24,14.28,30.68,72.07
52.02,52.02,17.12,23.35,72.25
63.47,63.47,24.06,18.26,73.92
71.04,71.04,28.29,12.81,71.00
71.23,71.23,26.82,13.25,72.88
72.22,72.22,27.34,7.17,75.04
72.00,72.00,26.72,11.38,73.48
73.59,73.59,26.41,9.08,73.77
72.71,72.71,27.84,15.56,75.74
73.29,73.29,29.43,19.85,74.29
73.12,73.12,28.54,21.03,74.27
74.13,74.13,28.80,18.49,75.75
73.99,73.99,28.33,10.97,75.05
73.49,73.49,27.76,13.22,73.92
71.32,71.32,27.16,13.05,75.15
70.13,70.13,26.19,10.81,77.00
67.70,67.70,25.26,11.44,74.61
70.54,70.54,25.98,11.16,74.71
69.42,69.42,26.09,8.41,76.27
70.41,70.41,28.34,8.53,75.26
73.52,73.52,30.54,13.81,74.63
75.85,75.85,31.95,15.33,75.71
72.35,72.35,24.83,25.16,75.45
69.95,69.95,24.28,27.29,73.90
68.05,68.05,26.77,28.51,73.80
66.56,66.56,32.15,28.19,71.99
68.44,68.44,27.79,29.13,73.57
63.76,63.76,25.39,28.52,72.00
67.03,67.03,26.44,16.29,68.26
71.84,71.84,32.07,10.38,71.28
75.35,75.35,35.07,8.67,71.31
74.53,74.53,33.57,8.94,70.40
73.33,73.33,27.08,18.12,70.76
72.52,72.52,29.37,14.43,71.49
73.50,73.50,31.92,8.88,69.27
73.39,73.39,28.78,11.22,67.90
73.11,73.11,29.14,13.37,69.49
74.03,74.03,32.35,18.35,70.00
76.50,76.50,33.74,18.35,71.03
74.89,74.89,31.80,14.71,71.03
73.79,73.79,28.72,14.29,68.83
73.56,73.56,31.68,12.54,69.46
73.75,73.75,31.40,13.65,70.26
73.66,73.66,33.41,18.13,73.40
76.60,76.60,32.05,17.29,71.39
77.33,77.33,34.29,22.39,73.51
77.85,77.85,34.86,24.71,73.44
78.93,78.93,34.33,31.47,72.03
79.66,79.66,33.76,31.36,73.11
80.30,80.30,33.95,31.04,73.10
77.65,77.65,36.10,33.62,73.52
76.42,76.42,36.26,30.88,75.32
76.69,76.69,37.54,30.74,74.26
75.56,75.56,33.76,27.22,75.58
71.02,71.02,31.25,18.50,76.64
67.96,67.96,32.52,22.72,74.61
69.23,69.23,32.67,25.08,72.46
69.37,69.37,37.63,25.97,77.17
70.79,70.79,38.10,25.48,73.57
70.18,70.18,33.05,24.49,75.21
70.64,70.64,29.98,21.80,76.82
70.16,70.16,33.93,23.16,76.76
70.30,70.30,30.02,19.05,77.91
68.04,68.04,27.14,15.64,78.14
64.43,64.43,28.85,15.06,79.03
62.99,62.99,26.21,13.46,77.74
76.81,76.81,31.21,13.14,79.04
79.52,79.52,32.74,18.67,78.14
79.77,79.77,38.54,17.16,77.26
79.65,79.65,33.19,24.06,76.42
80.65,80.65,30.13,20.74,76.65
80.42,80.42,29.37,20.98,79.29
80.60,80.60,30.12,24.06,78.82
78.34,78.34,25.59,20.04,77.78
77.00,77.00,22.33,23.47,77.67
75.53,75.53,25.16,27.44,80.26
76.25,76.25,21.66,23.67,80.00
76.92,76.92,23.91,20.73,76.88
77.20,77.20,28.87,28.02,77.39
77.58,77.58,21.88,28.88,79.44
77.88,77.88,29.99,28.84,79.23
78.65,78.65,29.16,30.22,76.28
79.72,79.72,31.18,26.71,77.56
79.21,79.21,31.27,29.51,78.11
75.68,75.68,35.74,21.66,77.09
71.12,71.12,35.95,23.92,77.40
73.31,73.31,30.37,24.64,76.69
75.43,75.43,31.03,25.30,77.05
73.91,73.91,27.66,17.25,76.16
71.49,71.49,24.15,19.79,73.96
76.05,76.05,22.22,26.24,73.10
78.11,78.11,23.13,25.87,70.97
79.55,79.55,22.88,23.71,71.30
77.30,77.30,23.73,19.34,69.02
74.80,74.80,24.36,22.72,69.10
72.76,72.76,25.94,30.03,65.44
73.43,73.43,28.53,30.48,65.54
72.32,72.32,26.63,32.69,64.81
71.90,71.90,25.10,29.42,64.93
72.77,72.77,27.74,26.36,64.74
74.71,74.71,27.30,24.48,68.49
71.22,71.22,27.92,25.37,69.67
69.42,69.42,30.83,22.29,70.21
68.23,68.23,35.79,20.14,69.88
65.22,65.22,30.41,18.68,69.47
63.70,63.70,27.81,19.19,66.16
63.95,63.95,26.67,21.99,68.18
64.36,64.36,35.36,16.16,70.69
65.01,65.01,28.26,14.65,67.49
66.57,66.57,24.34,13.80,69.64
67.72,67.72,24.22,18.39,71.45
66.96,66.96,24.80,19.94,71.19
66.79,66.79,27.32,18.57,74.41
66.84,66.84,22.12,21.13,72.69
66.44,66.44,21.59,22.18,72.73
67.91,67.91,20.51,23.19,71.76
66.86,66.86,25.73,24.19,72.79
65.85,65.85,24.23,18.22,72.41
67.62,67.62,25.23,21.91,73.24
65.40,65.40,21.38,27.19,72.93
65.41,65.41,22.95,29.19,71.39
65.07,65.07,22.37,23.57,73.41
63.95,63.95,27.61,19.60,72.37
63.61,63.61,24.71,24.87,73.85
61.85,61.85,20.01,27.52,74.54
62.09,62.09,25.61,25.22,72.80
60.08,60.08,22.52,21.58,74.37
60.17,60.17,21.93,18.63,73.35
56.86,56.86,24.78,21.49,75.67
58.26,58.26,28.28,25.22,75.97
56.12,56.12,22.42,23.16,77.15
53.95,53.95,20.42,25.14,71.85
55.19,55.19,18.26,26.00,72.11
54.32,54.32,19.23,24.97,74.03
49.54,49.54,17.48,23.61,73.17
45.44,45.44,17.19,19.54,75.32
42.31,42.31,15.96,20.20,73.14
44.44,44.44,17.23,24.63,73.52
45.43,45.43,17.74,26.15,72.73
40.10,40.10,17.42,29.58,69.34
43.82,43.82,18.01,19.37,71.51
41.52,41.52,17.62,20.15,70.03
41.24,41.24,22.34,22.17,68.43
42.25,42.25,21.76,26.66,68.82
42.25,42.25,21.35,29.12,68.56
39.93,39.93,19.35,27.10,66.99
36.35,36.35,24.25,23.72,69.87
39.34,39.34,23.21,21.61,66.48
42.35,42.35,21.59,29.67,68.75
48.83,48.83,19.01,25.83,66.20
54.06,54.06,29.66,24.52,68.05
56.19,56.19,25.63,25.88,66.85
52.79,52.79,29.40,28.91,65.84
49.26,49.26,25.05,22.08,63.53
44.32,44.32,30.65,29.37,64.98
38.84,38.84,27.42,30.73,68.34
34.12,34.12,25.49,30.78,67.68
32.49,32.49,32.22,31.90,68.87
35.27,35.27,31.34,27.30,69.31
34.11,34.11,36.24,30.63,68.14
33.15,33.15,31.79,21.38,70.31
29.77,29.77,28.53,24.66,70.20
28.21,28.21,30.34,22.32,71.66
25.94,25.94,27.50,20.91,71.70
23.51,23.51,26.19,17.82,72.35
20.68,20.68,27.19,25.29,72.15
20.94,20.94,24.77,29.10,72.47
20.73,20.73,29.24,22.56,73.47
18.09,18.09,22.55,27.65,74.81
21.71,21.71,21.62,24.50,75.42
21.92,21.92,22.54,25.03,75.80
22.29,22.29,26.98,22.84,75.52
20.90,20.90,22.21,22.85,74.25
21.08,21.08,28.67,17.98,72.57
20.18,20.18,26.73,26.56,75.01
19.26,19.26,26.63,22.21,76.69
20.91,20.91,21.73,17.18,77.69
22.47,22.47,25.25,20.36,78.05
24.66,24.66,20.78,15.93,77.66
23.92,23.92,25.56,25.13,76.49
24.60,24.60,25.91,23.15,74.61
26.56,26.56,25.35,23.24,74.12
27.91,27.91,23.79,24.25,77.08
32.76,32.76,22.80,18.87,78.09
30.73,30.73,21.06,21.56,78.71
34.42,34.42,21.41,13.80,78.36
35.50,35.50,23.18,19.70,77.90
35.36,35.36,24.68,21.17,77.83
35.17,35.17,24.35,17.83,76.39
37.17,37.17,25.01,26.24,75.54
37.47,37.47,23.98,22.94,76.88
36.15,36.15,22.67,18.58,77.66
34.77,34.77,22.48,18.44,77.35
33.50,33.50,23.72,21.99,77.82
30.20,30.20,22.65,22.95,77.78
27.01,27.01,20.71,19.03,76.94
26.05,26.05,24.64,21.43,74.98
23.68,23.68,18.71,20.60,74.35
24.40,24.40,17.34,20.90,73.53
23.72,23.72,16.85,19.44,74.93
26.33,26.33,16.43,16.49,75.71
22.62,22.62,18.84,13.53,75.76
24.85,24.85,21.32,15.33,74.84
22.73,22.73,19.46,12.87,73.12
22.96,22.96,19.95,19.82,71.29
22.80,22.80,30.17,18.42,69.56
22.61,22.61,20.02,11.91,71.95
20.06,20.06,21.81,17.15,73.42
21.70,21.70,21.29,15.50,74.43
22.39,22.39,16.57,15.20,74.02
20.57,20.57,17.27,12.29,72.82
19.17,19.17,15.85,13.80,72.83
22.01,22.01,17.50,14.49,72.55
21.33,21.33,16.01,16.43,72.65
20.68,20.68,17.40,12.79,73.08
19.11,19.11,14.28,10.34,73.22
17.24,17.24,19.80,8.73,73.16
17.74,17.74,17.55,11.77,72.80
17.30,17.30,17.22,11.10,71.03
20.24,20.24,18.69,14.36,70.58
23.00,23.00,19.09,18.97,71.67
24.55,24.55,18.91,12.65,72.32
28.26,28.26,32.45,15.06,71.87
29.19,29.19,48.70,15.05,70.24
37.54,37.54,59.19,17.50,66.55
46.59,46.59,64.26,31.25,64.04
62.54,62.54,86.03,39.23,66.93
63.53,63.53,83.62,44.51,64.13
79.60,79.60,88.32,45.52,64.29
80.32,80.32,85.20,50.50,63.49
80.58,80.58,90.87,53.26,65.04
80.46,80.46,84.66,49.08,65.94
81.46,81.46,87.51,53.50,68.84
81.50,81.50,79.07,57.42,71.41
82.14,82.14,79.56,60.56,73.10
81.92,81.92,69.41,61.19,73.71
81.85,81.85,77.28,60.10,72.21
81.46,81.46,76.52,65.08,69.35
82.44,82.44,76.46,66.35,69.02
82.65,82.65,69.07,62.73,71.07
83.70,83.70,58.03,63.89,72.40
82.08,82.08,58.95,57.13,73.49
81.51,81.51,60.59,56.31,72.78
81.17,81.17,60.08,55.25,72.70
80.09,80.09,53.91,59.71,72.64
82.15,82.15,63.53,65.46,74.29
81.05,81.05,58.33,61.30,76.18
80.71,80.71,65.65,67.00,76.29
81.25,81.25,61.23,65.74,76.43
82.37,82.37,65.25,67.29,75.91
80.89,80.89,61.46,67.16,75.38
81.76,81.76,57.83,63.61,73.24
80.12,80.12,53.11,63.34,72.60
81.50,81.50,58.98,60.00,72.20
83.74,83.74,63.21,58.38,74.11
83.00,83.00,66.53,59.49,73.17
83.26,83.26,62.82,60.39,73.49
84.52,84.52,62.83,55.18,72.80
82.56,82.56,63.95,58.06,70.37
83.87,83.87,58.76,61.75,71.11
83.87,83.87,53.34,61.70,72.64
84.00,84.00,56.56,62.97,73.49
83.79,83.79,54.35,58.39,75.62
80.78,80.78,66.74,63.85,74.62
83.11,83.11,63.68,62.79,72.04
81.24,81.24,66.59,65.36,65.46
82.81,82.81,57.35,61.40,67.87
82.42,82.42,60.67,61.86,68.37
82.45,82.45,58.03,60.06,71.32
80.25,80.25,54.80,58.29,63.86
80.24,80.24,49.67,57.83,67.77
81.95,81.95,56.21,54.93,67.88
80.99,80.99,56.35,53.96,63.29
81.36,81.36,63.33,48.43,63.66
80.92,80.92,63.66,59.24,67.09
81.87,81.87,67.23,57.47,66.70
84.07,84.07,64.81,54.83,68.98
83.67,83.67,68.23,56.04,69.38
81.00,81.00,62.01,52.06,68.17
81.07,81.07,61.92,53.66,64.99
80.34,80.34,49.81,47.53,65.59
81.05,81.05,55.00,44.44,69.47
76.14,76.14,43.29,53.34,72.89
79.35,79.35,51.71,56.18,73.35
78.05,78.05,50.87,60.22,68.48
79.31,79.31,55.96,56.14,67.25
78.36,78.36,56.67,56.83,68.63
76.36,76.36,64.27,50.37,68.96
77.17,77.17,83.81,44.43,68.73
71.49,71.49,82.44,37.28,69.56
68.47,68.47,85.55,44.31,71.78
67.52,67.52,84.58,52.23,73.47
67.64,67.64,88.47,52.42,72.54
69.87,69.87,83.96,49.29,74.97
70.11,70.11,87.02,54.46,74.14
70.16,70.16,78.95,54.98,74.91
69.60,69.60,78.24,55.88,74.31
68.52,68.52,65.84,58.82,73.91
68.08,68.08,76.80,60.03,73.97
65.71,65.71,77.87,61.76,68.22
65.90,65.90,81.32,56.45,71.27
62.80,62.80,86.07,52.80,65.56
66.93,66.93,83.34,50.55,67.02
71.71,71.71,86.17,47.60,66.60
72.32,72.32,91.49,51.82,69.62
76.11,76.11,87.65,53.44,67.38
78.73,78.73,86.45,51.12,63.52
79.97,79.97,85.04,49.74,70.89
78.87,78.87,79.28,55.62,71.41
75.97,75.97,74.93,56.96,70.81
76.78,76.78,73.69,62.34,73.14
79.88,79.88,78.82,63.70,73.47
81.08,81.08,75.79,63.44,73.13
79.36,79.36,72.24,63.23,73.98
77.84,77.84,65.55,62.12,73.77
75.32,75.32,61.66,58.44,77.01
76.24,76.24,62.44,53.44,75.40
79.40,79.40,67.86,58.63,77.75
82.93,82.93,64.73,63.04,76.66
83.12,83.12,61.01,62.74,76.09
77.55,77.55,65.03,61.34,77.02
73.13,73.13,69.79,60.98,75.66
80.58,80.58,69.10,54.13,77.18
81.61,81.61,70.80,60.74,76.03
80.93,80.93,62.23,63.10,74.64
79.22,79.22,60.14,58.52,75.53
79.64,79.64,52.77,59.30,75.41
81.50,81.50,62.80,58.06,74.78
81.29,81.29,54.66,55.31,72.35
80.65,80.65,60.36,53.56,73.30
78.13,78.13,65.38,58.18,72.37
76.96,76.96,57.63,52.33,72.32
75.49,75.49,63.90,57.59,70.52
76.50,76.50,61.73,56.63,71.06
76.89,76.89,62.97,59.13,68.46
77.14,77.14,62.99,61.80,70.17
76.84,76.84,65.60,63.95,67.36
76.03,76.03,63.36,56.77,67.23
75.38,75.38,68.13,62.82,67.38
74.14,74.14,61.93,59.31,64.15
70.27,70.27,68.96,60.44,65.22
68.29,68.29,64.91,56.52,61.31
74.45,74.45,65.51,60.62,61.94
76.95,76.95,61.17,53.77,63.86
74.83,74.83,54.08,54.80,67.52
71.80,71.80,57.31,54.33,68.18
73.64,73.64,57.97,59.52,68.92
73.64,73.64,69.70,57.17,71.97
75.63,75.63,65.89,54.85,71.48
75.52,75.52,73.01,59.53,69.28
74.82,74.82,68.51,54.09,70.75
74.40,74.40,71.89,59.25,73.36
74.05,74.05,67.45,55.39,73.96
74.98,74.98,65.88,55.86,72.95
75.76,75.76,56.74,53.14,72.59
74.07,74.07,52.67,48.42,73.42
72.00,72.00,53.94,54.60,71.82
72.56,72.56,50.70,53.39,70.88
71.22,71.22,61.87,61.39,73.87
74.18,74.18,59.24,57.03,73.86
74.74,74.74,63.10,54.96,73.29
73.84,73.84,59.15,59.42,73.46
76.02,76.02,58.09,52.34,74.37
74.98,74.98,56.44,51.24,72.31
73.09,73.09,59.67,51.98,75.12
72.60,72.60,58.04,52.64,74.44
73.50,73.50,58.50,55.75,72.54
74.27,74.27,60.36,52.34,74.08
71.95,71.95,56.95,48.22,72.75
69.87,69.87,60.14,44.61,71.91
69.34,69.34,57.78,54.44,71.11
70.53,70.53,60.25,48.00,73.20
71.34,71.34,59.66,50.23,74.15
70.31,70.31,63.22,47.94,71.45
71.08,71.08,71.53,41.58,72.77
72.55,72.55,88.86,34.34,74.42
72.27,72.27,81.19,34.05,75.49
69.99,69.99,75.45,38.92,72.45
67.86,67.86,72.19,43.91,71.97
69.10,69.10,68.04,48.64,72.68
69.94,69.94,65.10,46.27,73.35
68.96,68.96,61.37,51.92,73.69
71.16,71.16,59.18,48.17,73.76
67.47,67.47,60.71,49.74,73.47
69.20,69.20,57.80,47.85,73.86
70.83,70.83,56.69,52.64,74.55
71.06,71.06,56.41,49.71,72.95
72.71,72.71,58.10,49.68,75.30
73.48,73.48,55.10,48.99,74.79
72.83,72.83,54.61,51.77,73.43
69.67,69.67,54.94,51.65,74.63
71.12,71.12,54.15,51.09,73.95
72.93,72.93,55.54,55.23,72.83
72.57,72.57,50.85,52.90,72.46
72.90,72.90,52.76,52.51,72.49
72.27,72.27,50.80,49.52,71.94
72.98,72.98,50.29,49.68,70.33
72.86,72.86,50.54,49.51,68.22
69.95,69.95,53.29,52.65,69.49
71.87,71.87,48.91,50.01,67.92
70.24,70.24,46.48,45.80,66.07
65.23,65.23,47.64,49.66,67.10
57.94,57.94,42.12,43.10,65.78
53.06,53.06,46.56,50.78,66.61
56.04,56.04,47.18,47.67,68.41
54.67,54.67,47.70,48.27,68.91
55.58,55.58,48.61,50.34,68.28
55.25,55.25,48.86,46.36,69.70
56.81,56.81,50.97,48.11,70.39
57.09,57.09,45.84,42.39,70.90
58.47,58.47,41.11,49.02,70.85
59.23,59.23,41.21,38.18,72.89
59.13,59.13,47.44,39.62,74.17
56.98,56.98,45.17,40.70,72.33
56.77,56.77,45.63,40.90,74.73
55.13,55.13,41.47,43.24,74.61
51.72,51.72,35.51,37.95,75.44
49.12,49.12,45.23,36.90,76.63
49.63,49.63,41.74,38.00,76.40
50.28,50.28,42.64,37.06,76.53
48.97,48.97,41.91,39.15,77.18
43.03,43.03,41.38,36.77,78.23
43.89,43.89,52.77,34.78,78.38
40.90,40.90,64.41,33.60,74.88
55.13,55.13,73.35,39.24,74.39
56.94,56.94,88.87,43.05,71.19
75.37,75.37,82.79,43.46,70.96
78.17,78.17,87.78,50.29,70.13
78.56,78.56,89.79,53.15,71.82
78.07,78.07,86.99,50.16,74.48
79.46,79.46,87.55,52.18,74.42
81.48,81.48,84.22,50.92,74.51
81.81,81.81,80.92,55.54,75.18
83.26,83.26,70.58,57.12,77.05
82.07,82.07,69.39,62.25,75.98
83.85,83.85,74.91,62.47,75.46
82.68,82.68,78.22,68.14,74.65
82.69,82.69,73.28,60.49,74.58
79.92,79.92,66.41,64.99,74.00
79.97,79.97,53.72,60.43,73.48
81.38,81.38,61.07,53.48,75.07
81.86,81.86,63.75,55.16,72.65
81.69,81.69,55.98,58.24,72.94
81.66,81.66,54.80,63.21,74.89
78.83,78.83,61.40,62.74,76.45
81.40,81.40,64.03,62.88,76.47
82.07,82.07,65.36,64.73,76.66
83.36,83.36,66.33,66.73,74.68
83.40,83.40,63.17,68.70,74.84
83.11,83.11,58.20,63.10,75.18
80.56,80.56,56.27,65.32,73.03
80.03,80.03,53.78,59.47,73.83
82.21,82.21,58.76,59.86,74.31
80.09,80.09,64.40,60.14,72.20
81.36,81.36,65.58,61.62,71.46
79.61,79.61,64.59,60.14,71.67
76.29,76.29,64.56,55.51,72.06
69.59,69.59,59.81,57.47,70.23
73.36,73.36,59.41,59.65,68.90
70.74,70.74,52.54,65.67,68.30
72.72,72.72,58.07,61.66,72.58
74.47,74.47,60.27,65.44,70.59
74.23,74.23,65.16,64.45,71.65
72.72,72.72,67.70,66.79,64.31
72.04,72.04,62.27,63.68,65.77
78.46,78.46,61.76,63.91,65.91
79.68,79.68,61.13,63.49,65.62
80.93,80.93,59.06,61.19,68.39
78.79,78.79,48.64,62.09,66.13
81.29,81.29,51.88,59.45,68.95
81.95,81.95,54.93,59.94,68.60
80.42,80.42,60.06,53.88,67.84
79.88,79.88,61.04,56.41,70.28
78.98,78.98,65.40,60.41,71.14
77.27,77.27,62.90,56.59,71.90
78.55,78.55,66.14,63.50,72.98
78.54,78.54,61.30,56.00,73.90
79.50,79.50,61.74,60.38,74.13
78.48,78.48,53.69,56.51,75.31
76.31,76.31,50.24,50.45,75.44
76.09,76.09,48.48,51.30,73.87
77.06,77.06,43.68,50.91,75.06
77.57,77.57,51.76,59.58,75.16
76.34,76.34,46.14,59.92,76.09
74.07,74.07,52.09,59.32,77.63
75.05,75.05,59.32,54.12,76.95
73.41,73.41,65.71,45.48,77.20
68.92,68.92,87.31,39.75,75.44
67.88,67.88,80.73,42.48,74.24
73.16,73.16,86.55,47.54,72.63
69.74,69.74,86.64,49.70,74.10
68.86,68.86,86.29,51.12,74.72
66.95,66.95,87.06,49.88,74.06
63.26,63.26,83.37,49.33,75.24
66.96,66.96,80.40,55.57,72.62
68.36,68.36,73.14,57.57,71.88
67.49,67.49,70.36,57.22,74.38
65.23,65.23,76.49,59.79,72.27
55.70,55.70,80.00,62.33,71.97
58.44,58.44,82.16,53.38,71.75
55.76,55.76,84.90,54.39,69.24
56.79,56.79,84.90,53.05,68.96
58.52,58.52,87.10,49.86,67.63
63.46,63.46,90.21,54.85,68.95
68.71,68.71,86.52,50.42,70.85
71.49,71.49,88.61,50.01,67.15
71.56,71.56,81.14,49.59,65.12
72.31,72.31,77.56,57.88,63.46
73.88,73.88,74.62,56.31,64.37
72.99,72.99,78.76,62.05,67.64
74.45,74.45,78.50,59.84,66.71
75.06,75.06,73.02,64.11,68.88
75.95,75.95,72.53,61.70,71.11
76.82,76.82,62.22,62.54,67.77
74.73,74.73,60.64,57.31,67.38
71.92,71.92,63.32,56.98,66.52
76.26,76.26,69.66,63.50,64.52
76.95,76.95,66.24,64.84,66.27
76.68,76.68,65.67,63.43,61.59
76.39,76.39,67.95,60.28,67.85
74.91,74.91,72.30,59.88,69.46
72.15,72.15,68.00,55.26,65.67
74.45,74.45,68.50,61.65,70.91
73.30,73.30,67.10,59.94,71.78
72.39,72.39,54.50,58.06,68.25
72.42,72.42,58.34,61.62,73.68
71.30,71.30,63.23,60.03,71.03
71.90,71.90,62.67,54.90,72.70
71.95,71.95,63.17,56.96,71.49
70.60,70.60,63.02,57.78,74.82
71.04,71.04,62.33,54.39,71.90
72.25,72.25,62.98,55.70,74.44
72.11,72.11,61.35,55.65,72.94
73.32,73.32,63.59,64.21,73.19
72.67,72.67,64.37,65.31,75.91
72.95,72.95,64.48,62.78,74.50
69.54,69.54,63.84,62.61,76.26
69.52,69.52,61.46,61.75,75.43
72.06,72.06,67.89,64.99,75.74
70.82,70.82,64.76,56.03,76.65
70.80,70.80,66.43,63.45,76.23
75.23,75.23,65.73,61.91,76.86
73.50,73.50,54.50,57.96,76.27
71.40,71.40,49.93,54.98,76.65
76.09,76.09,57.04,64.17,76.73
76.62,76.62,59.29,60.04,76.41
73.44,73.44,65.63,56.60,75.58
68.91,68.91,68.97,62.81,76.99
69.30,69.30,69.21,60.17,76.97
69.96,69.96,70.75,58.11,76.98
68.54,68.54,69.38,62.45,77.67
72.73,72.73,65.85,59.00,74.59
69.61,69.61,63.00,59.23,77.14
67.79,67.79,50.86,49.78,75.99
68.25,68.25,52.75,49.94,76.21
71.13,71.13,50.80,55.89,75.65
71.80,71.80,55.38,57.76,75.59
67.95,67.95,57.23,60.44,74.79
65.53,65.53,62.71,62.14,73.68
64.64,64.64,59.60,58.78,75.90
60.35,60.35,59.13,60.05,72.86
57.45,57.45,55.94,55.24,73.38
58.25,58.25,57.48,55.02,73.31
62.58,62.58,57.47,55.97,73.59
64.19,64.19,60.33,56.46,73.09
65.37,65.37,60.09,53.22,74.06
62.85,62.85,58.11,52.99,72.65
59.44,59.44,61.09,49.35,74.20
57.06,57.06,58.14,51.88,73.97
54.70,54.70,61.96,52.47,72.21
54.53,54.53,59.15,47.28,74.07
44.76,44.76,62.30,51.16,68.56
34.43,34.43,66.84,47.49,66.97
36.27,36.27,76.08,42.70,61.64
36.44,36.44,88.90,35.59,63.47
34.71,34.71,80.38,35.62,68.34
34.65,34.65,73.71,47.22,63.92
33.18,33.18,70.53,50.56,61.09
36.79,36.79,67.97,50.11,67.09
42.43,42.43,66.23,51.08,68.64
42.76,42.76,63.60,52.75,65.81
45.26,45.26,63.67,50.80,68.29
45.19,45.19,61.70,49.55,64.46
44.18,44.18,60.19,53.33,66.65
42.32,42.32,65.57,46.07,67.92
36.58,36.58,65.18,46.19,62.23
37.23,37.23,85.29,40.84,64.44
35.37,35.37,84.18,44.25,66.01
36.30,36.30,87.49,45.85,68.53
46.78,46.78,84.95,47.90,68.01
42.68,42.68,91.01,56.91,66.64
43.52,43.52,85.42,54.70,67.68
42.83,42.83,88.15,56.18,69.01
42.47,42.47,80.45,55.93,71.66
44.33,44.33,80.51,60.26,70.20
43.56,43.56,68.23,57.81,70.06
44.58,44.58,77.45,60.23,72.30
46.76,46.76,77.95,63.88,73.00
45.36,45.36,77.48,63.81,70.50
43.32,43.32,68.14,62.96,74.26
43.75,43.75,60.68,63.30,72.63
44.42,44.42,64.00,56.26,73.91
42.02,42.02,62.74,52.41,73.92
42.39,42.39,64.68,57.34,73.62
41.90,41.90,54.15,62.20,75.96
42.47,42.47,63.76,65.19,75.22
43.39,43.39,62.40,59.89,73.42
45.33,45.33,69.12,65.67,74.83
42.68,42.68,67.19,65.81,74.36
41.52,41.52,68.96,67.27,74.52
40.62,40.62,65.35,66.37,73.57
38.17,38.17,63.90,64.25,75.25
37.88,37.88,54.51,65.28,74.67
34.57,34.57,60.34,58.60,72.88
32.60,32.60,66.42,57.47,75.59
28.70,28.70,69.50,58.10,74.28
28.61,28.61,66.36,60.12,74.35
32.50,32.50,65.64,55.01,76.66
39.14,39.14,63.66,57.89,74.31
49.45,49.45,60.40,62.03,74.06
55.73,55.73,56.12,61.86,76.97
59.16,59.16,60.69,65.05,73.64
64.87,64.87,65.90,60.01,71.91
65.56,65.56,81.72,61.75,70.51
62.48,62.48,87.12,56.62,68.15
73.89,73.89,84.09,51.67,69.48
77.81,77.81,86.94,52.18,69.86
79.59,79.59,89.04,55.17,68.51
79.74,79.74,88.49,57.09,71.06
81.24,81.24,86.05,56.43,68.30
79.87,79.87,84.94,55.22,70.70
81.14,81.14,76.73,60.00,69.50
81.23,81.23,71.59,58.36,67.64
81.51,81.51,76.61,63.38,66.90
80.02,80.02,80.86,66.24,66.24
80.77,80.77,74.93,63.25,66.45
80.88,80.88,76.37,67.51,64.27
84.73,84.73,63.52,65.64,64.77
82.02,82.02,59.99,64.95,65.61
83.67,83.67,58.78,55.96,67.28
84.04,84.04,66.79,51.36,67.36
83.38,83.38,54.96,63.40,71.58
83.38,83.38,60.52,62.04,70.13
78.65,78.65,62.77,65.37,71.77
78.52,78.52,69.15,64.00,71.99
79.32,79.32,67.10,67.80,74.10
80.35,80.35,70.51,70.02,74.24
77.93,77.93,64.88,65.76,72.65
69.55,69.55,64.44,69.07,70.26
71.88,71.88,54.33,65.74,73.42
69.44,69.44,58.47,62.61,73.94
70.19,70.19,61.17,59.18,73.16
73.09,73.09,68.13,52.84,72.94
74.65,74.65,69.93,63.43,74.78
75.74,75.74,64.93,53.97,72.61
76.01,76.01,63.65,57.84,72.55
75.37,75.37,63.75,61.06,72.73
73.66,73.66,60.06,62.74,73.52
75.01,75.01,59.34,61.95,71.80
76.44,76.44,57.94,64.41,71.55
77.11,77.11,63.29,63.22,72.59
72.75,72.75,64.11,67.93,72.33
68.62,68.62,66.64,65.98,72.37
75.57,75.57,62.92,63.89,70.53
81.21,81.21,62.88,63.92,70.26
83.07,83.07,60.60,64.74,71.54
83.89,83.89,58.24,63.70,68.38
83.54,83.54,50.67,63.56,73.75
82.02,82.02,54.44,65.03,74.36
81.37,81.37,52.99,61.85,74.42
80.73,80.73,62.14,56.43,76.28
80.77,80.77,63.96,59.60,75.32
80.29,80.29,66.62,62.40,75.44
78.85,78.85,67.02,56.26,74.28
78.61,78.61,66.14,62.45,73.56
79.98,79.98,65.61,60.37,74.71
81.64,81.64,62.13,59.27,77.21
83.78,83.78,59.06,59.07,77.40
83.99,83.99,56.63,55.85,77.59
82.55,82.55,48.43,44.08,76.69
79.96,79.96,47.69,49.74,76.23
81.00,81.00,49.61,59.00,76.79
82.75,82.75,46.74,59.75,77.15
78.16,78.16,58.80,53.47,77.81
80.46,80.46,64.53,52.19,76.36
75.82,75.82,79.10,41.84,74.42
72.12,72.12,85.68,44.19,73.89
75.56,75.56,83.44,44.79,71.71
74.92,74.92,84.09,49.64,72.34
74.13,74.13,88.21,51.73,69.35
72.58,72.58,88.39,54.93,71.75
66.21,66.21,85.03,51.22,68.65
61.95,61.95,85.27,52.12,70.65
62.40,62.40,75.21,56.61,70.79
61.79,61.79,69.89,54.23,71.24
61.42,61.42,74.50,60.28,67.58
59.06,59.06,80.11,64.07,65.82
60.67,60.67,76.76,59.16,64.85
60.59,60.59,88.06,57.84,61.59
64.27,64.27,81.85,52.06,62.35
70.34,70.34,88.46,50.65,63.69
73.78,73.78,88.39,47.48,60.63
73.64,73.64,88.63,55.35,62.24
73.05,73.05,88.54,52.57,62.68
70.29,70.29,84.92,48.44,60.39
71.84,71.84,81.94,53.63,63.45
74.05,74.05,75.13,56.88,60.90
74.35,74.35,75.86,59.95,63.16
74.69,74.69,76.19,61.13,62.26
75.55,75.55,80.48,64.11,66.44
76.04,76.04,72.54,59.75,68.60
74.71,74.71,70.42,64.55,65.73
74.16,74.16,60.73,60.22,67.29
74.03,74.03,60.83,51.66,66.81
75.44,75.44,66.23,57.53,71.29
76.55,76.55,67.94,65.06,69.59
77.84,77.84,62.17,59.86,72.11
76.88,76.88,70.48,62.84,72.41
77.95,77.95,71.43,60.98,69.67
78.58,78.58,68.04,56.02,73.72
77.84,77.84,71.51,60.11,73.86
78.47,78.47,64.97,59.27,72.34
76.36,76.36,64.42,58.79,74.73
72.78,72.78,54.27,56.97,73.64
69.37,69.37,61.96,57.53,73.66
70.59,70.59,55.24,54.45,75.02
73.05,73.05,66.77,54.61,73.71
74.61,74.61,62.38,57.69,75.74
73.05,73.05,63.30,48.04,76.29
73.48,73.48,62.06,56.46,75.42
75.08,75.08,61.22,54.93,74.84
75.59,75.59,61.13,57.83,74.12
73.85,73.85,65.48,63.05,73.47
70.55,70.55,64.84,60.71,74.68
74.91,74.91,63.46,60.02,74.49
78.15,78.15,67.40,60.78,73.20
77.72,77.72,64.08,60.28,74.19
77.15,77.15,67.10,59.46,73.64
76.29,76.29,66.09,57.26,73.21
75.78,75.78,67.22,58.93,73.20
71.75,71.75,64.60,57.45,72.96
73.02,73.02,55.20,50.72,73.75
73.18,73.18,53.92,56.55,73.86
66.02,66.02,58.67,61.48,73.48
70.89,70.89,62.77,58.84,75.15
68.84,68.84,67.94,55.56,73.37
73.97,73.97,68.61,59.60,69.91
76.09,76.09,69.26,55.59,71.94
77.28,77.28,70.39,61.46,71.99
77.66,77.66,67.77,57.34,69.62
76.38,76.38,64.95,61.04,70.06
75.38,75.38,58.13,56.40,71.75
72.64,72.64,50.85,50.56,71.08
73.18,73.18,55.32,47.97,71.05
72.55,72.55,52.78,57.08,72.70
74.25,74.25,58.99,57.48,70.19
76.75,76.75,61.58,59.33,67.93
76.38,76.38,61.88,59.41,67.15
77.24,77.24,62.65,57.28,65.57
74.68,74.68,53.83,51.73,63.88
74.75,74.75,59.37,57.93,64.92
73.91,73.91,57.14,49.42,64.27
71.21,71.21,59.20,57.30,63.15
73.42,73.42,58.52,53.47,64.24
72.92,72.92,60.81,57.92,64.17
72.96,72.96,58.28,52.23,65.24
69.41,69.41,59.97,48.40,67.18
69.94,69.94,58.31,53.43,67.58
76.62,76.62,59.20,47.81,68.58
78.19,78.19,58.95,52.99,68.41
79.12,79.12,57.69,49.72,67.97
75.63,75.63,62.94,41.86,68.07
68.61,68.61,85.23,39.57,69.74
68.17,68.17,83.63,37.05,69.75
67.15,67.15,75.51,44.31,67.66
64.01,64.01,73.44,47.63,69.23
63.61,63.61,69.13,51.03,70.21
65.65,65.65,65.24,52.94,69.74
66.80,66.80,63.89,49.51,72.19
68.05,68.05,62.27,53.53,73.49
71.39,71.39,60.15,49.48,72.30
71.59,71.59,58.86,52.68,70.56
73.36,73.36,57.72,50.11,73.66
71.88,71.88,59.70,50.63,75.35
70.85,70.85,59.19,51.03,75.38
74.57,74.57,54.75,51.32,75.22
72.77,72.77,54.68,50.25,74.92
74.02,74.02,55.47,53.86,74.97
73.69,73.69,57.84,51.97,74.76
74.71,74.71,56.37,56.34,74.33
73.19,73.19,54.12,51.31,75.12
73.38,73.38,52.83,52.89,76.81
68.10,68.10,52.09,50.98,76.07
67.24,67.24,50.36,49.78,75.25
65.06,65.06,51.70,50.67,75.15
67.67,67.67,51.80,50.57,76.35
64.53,64.53,49.13,51.76,76.28
67.68,67.68,46.08,48.30,75.47
64.35,64.35,44.00,49.43,73.71
72.99,72.99,41.79,42.26,74.41
73.72,73.72,41.58,47.09,75.46
73.32,73.32,46.07,42.12,73.04
73.44,73.44,41.62,46.63,70.96
72.50,72.50,47.64,47.21,73.19
72.32,72.32,45.17,47.59,72.21
73.88,73.88,47.10,45.12,68.78
72.76,72.76,39.25,43.22,69.07
72.73,72.73,42.58,41.44,70.44
73.22,73.22,40.35,38.89,69.59
72.75,72.75,43.95,40.73,68.11
73.24,73.24,44.37,41.25,67.71
73.02,73.02,44.63,40.45,66.32
71.29,71.29,40.06,46.00,66.53
70.72,70.72,35.59,41.79,65.61
70.98,70.98,39.57,40.76,63.66
69.74,69.74,40.70,39.97,64.45
67.92,67.92,40.92,40.12,63.66
66.71,66.71,40.51,40.44,61.15
67.98,67.98,43.72,39.76,62.74
73.99,73.99,50.00,35.44,62.56
76.05,76.05,60.48,28.90,62.09
74.10,74.10,63.72,26.83,58.76
66.21,66.21,87.44,24.02,59.70
56.08,56.08,84.93,30.15,56.81
59.02,59.02,88.32,31.71,59.65
62.49,62.49,84.81,36.39,61.43
67.04,67.04,90.36,43.24,65.32
67.21,67.21,86.86,42.68,67.35
71.34,71.34,87.31,42.70,69.07
72.07,72.07,81.19,45.13,69.16
70.68,70.68,78.58,45.20,69.96
72.01,72.01,68.40,49.09,70.89
72.41,72.41,80.23,51.60,70.83
72.51,72.51,79.20,53.89,72.53
73.89,73.89,78.73,53.82,71.85
73.54,73.54,71.56,55.64,72.61
72.95,72.95,65.01,55.54,71.24
73.61,73.61,64.96,48.72,71.03
80.24,80.24,67.98,52.89,68.26
82.13,82.13,62.52,53.92,69.01
82.51,82.51,58.33,53.73,70.62
82.13,82.13,67.50,61.50,71.81
81.99,81.99,66.14,56.24,72.90
82.17,82.17,70.92,58.63,74.71
82.32,82.32,71.15,59.82,75.03
81.47,81.47,70.76,58.97,74.28
79.32,79.32,67.54,58.76,75.44
76.76,76.76,63.57,59.70,75.30
72.81,72.81,57.69,59.26,74.81
70.52,70.52,60.98,57.23,75.22
71.41,71.41,68.20,43.84,74.07
72.38,72.38,69.31,55.03,73.46
72.51,72.51,67.74,53.25,73.29
72.07,72.07,64.28,43.97,72.58
73.25,73.25,62.33,49.75,73.49
73.01,73.01,60.40,56.30,72.87
75.02,75.02,64.09,54.30,71.75
73.07,73.07,56.73,56.23,72.22
73.16,73.16,58.59,52.00,71.56
70.44,70.44,69.57,57.95,71.20
66.53,66.53,66.68,58.28,73.93
70.59,70.59,69.66,61.19,75.71
77.85,77.85,64.08,58.67,73.01
80.14,80.14,64.65,56.73,71.49
80.49,80.49,63.00,59.56,72.87
81.12,81.12,58.87,51.70,68.53
80.75,80.75,51.88,57.59,68.26
81.37,81.37,55.85,55.13,70.23
83.88,83.88,57.20,53.36,70.95
83.03,83.03,64.79,44.19,70.51
82.23,82.23,63.40,54.70,70.79
79.91,79.91,68.42,53.98,71.45
80.32,80.32,64.19,56.51,72.01
80.80,80.80,66.80,55.12,71.99
81.84,81.84,60.60,56.19,72.03
81.17,81.17,56.08,55.27,71.84
81.14,81.14,49.58,50.24,68.67
80.42,80.42,49.14,44.72,68.10
80.96,80.96,43.04,53.07,66.70
81.56,81.56,49.46,56.16,64.84
80.51,80.51,48.66,60.78,65.68
80.99,80.99,53.40,58.32,64.85
82.25,82.25,57.02,57.15,62.69
83.22,83.22,61.79,50.47,62.62
82.22,82.22,84.42,51.66,65.10
81.00,81.00,82.02,44.21,64.81
81.72,81.72,87.27,45.18,68.71
79.46,79.46,83.37,50.53,70.00
77.70,77.70,90.19,52.54,67.88
78.35,78.35,84.56,50.54,71.80
79.14,79.14,86.77,51.49,69.47
77.23,77.23,78.69,54.07,70.27
70.62,70.62,78.53,56.13,73.65
75.31,75.31,67.51,56.09,73.28
69.92,69.92,77.83,62.68,72.48
69.54,69.54,76.46,61.85,74.11
70.05,70.05,81.27,59.44,73.43
67.83,67.83,84.77,52.80,71.49
65.00,65.00,83.39,54.44,73.47
65.69,65.69,85.66,51.27,74.45
64.93,64.93,89.59,53.08,72.77
66.31,66.31,89.41,54.99,73.22
66.35,66.35,85.94,50.87,72.91
66.30,66.30,85.84,50.53,73.64
63.91,63.91,75.35,50.63,73.73
61.51,61.51,74.89,51.61,69.37
63.38,63.38,76.01,57.98,74.52
64.39,64.39,81.55,61.27,73.21
62.25,62.25,74.23,56.08,75.94
60.51,60.51,73.44,59.59,74.07
62.09,62.09,68.46,57.86,74.33
59.87,59.87,64.23,57.62,73.13
61.02,61.02,57.55,54.34,74.14
62.67,62.67,70.08,58.40,74.44
61.68,61.68,67.51,59.79,73.75
59.65,59.65,68.06,56.92,75.85
58.71,58.71,71.22,57.20,74.69
59.20,59.20,73.90,54.14,72.40
56.24,56.24,70.71,55.22,75.99
57.23,57.23,74.34,47.72,78.06
55.79,55.79,65.12,54.92,75.64
56.93,56.93,64.45,47.84,76.00
54.74,54.74,57.70,55.37,77.03
53.90,53.90,66.23,56.22,73.60
56.13,56.13,58.81,51.80,70.82
55.87,55.87,66.19,49.45,73.83
53.20,53.20,68.75,48.07,74.78
50.63,50.63,59.32,49.06,75.65
51.47,51.47,66.26,52.98,75.43
53.18,53.18,61.74,45.47,74.75
54.90,54.90,65.10,54.28,75.12
58.25,58.25,68.28,58.71,71.86
63.05,63.05,68.48,60.93,75.82
68.41,68.41,64.99,55.99,76.25
68.05,68.05,71.36,62.79,74.69
64.38,64.38,64.58,58.50,73.92
62.20,62.20,69.07,58.66,76.19
58.29,58.29,69.37,56.68,71.93
51.98,51.98,65.93,58.72,70.58
48.92,48.92,61.75,50.25,72.27
47.60,47.60,58.62,49.79,72.77
49.70,49.70,59.72,54.89,70.19
49.21,49.21,60.32,56.57,67.85
48.61,48.61,69.96,55.50,68.50
45.00,45.00,67.81,55.78,70.82
45.87,45.87,72.24,56.47,70.14
48.03,48.03,72.71,53.47,68.63
47.47,47.47,71.25,55.87,68.77
44.52,44.52,71.26,54.70,67.72
45.67,45.67,65.35,52.29,65.66
46.36,46.36,60.17,50.93,64.25
44.07,44.07,54.07,41.52,67.22
43.48,43.48,58.91,51.82,68.26
39.52,39.52,56.16,51.26,67.29
33.08,33.08,64.45,55.97,66.70
31.47,31.47,66.38,54.97,67.58
32.09,32.09,66.44,48.84,69.27
33.41,33.41,62.57,53.48,67.72
37.50,37.50,59.93,48.62,69.04
36.55,36.55,59.23,49.11,69.30
35.97,35.97,62.68,49.85,69.66
39.49,39.49,59.40,49.56,70.69
47.36,47.36,62.98,54.44,70.50
50.89,50.89,59.57,50.02,69.54
52.89,52.89,61.58,50.52,68.95
57.41,57.41,59.45,49.16,69.22
58.55,58.55,61.72,52.30,70.35
59.18,59.18,59.33,46.65,70.81
57.35,57.35,62.11,49.43,69.22
53.12,53.12,67.50,48.75,66.20
45.33,45.33,72.06,42.35,64.86
41.81,41.81,91.56,24.26,67.47
36.17,36.17,81.56,35.78,67.68
36.76,36.76,75.37,46.60,64.65
37.85,37.85,71.14,46.44,66.15
37.97,37.97,68.02,50.42,70.56
40.29,40.29,66.59,48.62,70.64
40.43,40.43,63.92,52.89,64.90
41.20,41.20,65.06,47.29,68.33
43.56,43.56,63.12,53.43,63.43
43.19,43.19,64.32,48.71,68.00
41.45,41.45,62.99,52.20,68.96
40.31,40.31,65.40,48.66,66.99
43.21,43.21,63.93,52.22,69.94
42.83,42.83,59.11,47.27,66.49
42.10,42.10,60.13,53.80,66.41
42.74,42.74,62.36,50.84,67.63
43.37,43.37,62.81,52.67,65.18
42.36,42.36,58.63,53.28,68.07
43.21,43.21,58.13,54.06,68.96
42.40,42.40,57.33,53.04,68.09
40.64,40.64,57.30,51.33,67.26
42.31,42.31,58.68,48.76,66.74
43.84,43.84,58.45,47.05,69.05
40.99,40.99,57.40,51.25,68.08
41.51,41.51,53.79,50.08,69.18
45.48,45.48,52.61,47.25,70.15
53.16,53.16,48.68,44.17,69.94
58.02,58.02,47.28,43.40,67.45
67.92,67.92,47.17,46.41,67.27
74.58,74.58,49.00,43.16,69.18
73.83,73.83,48.93,41.95,70.96
74.51,74.51,50.10,46.41,70.29
74.85,74.85,49.81,43.66,70.34
74.98,74.98,47.67,43.95,70.59
74.90,74.90,44.63,41.96,70.04
74.99,74.99,41.42,37.01,71.24
75.77,75.77,44.53,38.39,72.83
75.62,75.62,45.41,28.52,74.00
76.23,76.23,44.94,38.02,73.52
75.86,75.86,43.70,35.13,72.19
76.24,76.24,38.90,34.52,70.82
77.29,77.29,37.15,39.01,69.92
77.18,77.18,44.60,36.99,72.78
76.64,76.64,42.30,33.72,72.49
76.36,76.36,41.46,33.27,73.56
76.18,76.18,43.33,33.73,74.17
75.66,75.66,43.89,28.63,73.53
75.91,75.91,52.80,26.07,70.72
75.87,75.87,64.81,19.87,66.15
77.22,77.22,75.30,6.86,67.93
73.88,73.88,87.51,-0.00,64.53
72.00,72.00,84.09,0.23,67.27
71.46,71.46,85.72,1.77,68.79
71.18,71.18,90.84,1.82,71.25
72.43,72.43,87.66,11.62,69.85
72.04,72.04,86.71,19.29,72.37
71.73,71.73,86.04,22.17,71.88
73.17,73.17,79.59,24.59,72.77
74.15,74.15,70.77,31.83,76.10
75.05,75.05,72.29,38.65,76.74
75.00,75.00,79.48,35.49,72.67
75.82,75.82,80.29,42.86,77.06
75.57,75.57,76.08,45.09,77.44
78.05,78.05,69.03,47.17,75.72
74.98,74.98,64.34,45.66,76.60
75.99,75.99,66.23,40.44,76.18
81.20,81.20,67.00,43.10,75.39
82.45,82.45,58.74,39.72,77.75
82.36,82.36,63.75,50.81,75.56
82.89,82.89,67.27,45.55,77.34
80.78,80.78,70.77,47.62,76.18
80.07,80.07,72.69,42.55,74.26
78.18,78.18,72.57,44.76,76.77
74.36,74.36,70.20,46.09,72.24
74.02,74.02,68.86,46.79,73.19
72.89,72.89,64.44,47.81,75.76
72.06,72.06,59.93,40.62,73.79
75.31,75.31,60.21,40.23,73.53
77.22,77.22,67.46,39.31,75.33
76.63,76.63,71.12,40.04,72.01
77.27,77.27,62.86,34.69,72.76
76.74,76.74,66.04,35.47,69.79
76.06,76.06,58.48,37.05,69.58
73.72,73.72,61.71,39.56,72.22
72.69,72.69,60.83,39.23,70.71
69.98,69.98,60.74,35.32,68.87
69.66,69.66,63.54,36.17,65.58
68.77,68.77,69.36,36.58,63.72
78.32,78.32,72.78,41.10,62.07
79.06,79.06,67.96,38.30,61.86
79.54,79.54,66.77,38.22,58.11
79.96,79.96,67.24,42.95,61.86
81.68,81.68,61.88,35.81,58.92
80.26,80.26,62.44,36.54,63.98
78.07,78.07,56.34,37.10,64.66
76.55,76.55,57.97,38.00,64.57
78.32,78.32,65.62,41.16,66.78
80.39,80.39,61.29,40.20,69.33
81.49,81.49,70.50,42.99,69.38
81.63,81.63,65.55,43.89,70.50
81.80,81.80,70.05,39.30,71.17
80.56,80.56,65.38,36.42,71.33
81.34,81.34,64.93,43.15,70.93
81.80,81.80,59.47,39.70,71.28
82.46,82.46,53.62,36.22,73.51
83.27,83.27,49.47,42.71,73.42
82.99,82.99,46.99,43.94,74.50
82.22,82.22,57.87,48.23,75.74
81.95,81.95,58.00,41.72,76.45
83.78,83.78,60.81,32.68,75.04
82.34,82.34,64.00,24.52,74.95
82.22,82.22,71.76,11.46,73.91
80.42,80.42,87.00,12.61,72.91
80.26,80.26,81.35,15.66,72.21
79.82,79.82,84.89,19.54,72.14
79.55,79.55,89.09,16.21,71.62
77.88,77.88,85.70,15.89,72.18
79.60,79.60,86.75,9.00,75.14
80.49,80.49,84.14,14.62,75.05
80.27,80.27,78.84,28.39,73.66
79.94,79.94,70.34,34.17,73.78
77.65,77.65,71.98,36.20,73.70
76.35,76.35,76.54,36.25,70.88
77.01,77.01,79.80,36.46,69.29
78.58,78.58,84.59,27.12,68.88
80.36,80.36,83.27,20.55,68.39
79.80,79.80,86.92,23.57,67.24
77.95,77.95,84.95,27.68,69.30
77.15,77.15,90.79,29.10,68.10
75.81,75.81,83.62,22.93,67.51
71.57,71.57,86.43,21.82,67.76
76.50,76.50,78.12,30.83,70.07
74.52,74.52,74.70,38.82,64.40
80.01,80.01,72.54,43.66,72.14
76.39,76.39,78.74,47.11,67.43
78.88,78.88,77.21,46.65,73.37
74.88,74.88,72.04,52.12,67.50
77.94,77.94,71.02,52.59,74.66
79.92,79.92,61.99,51.58,69.83
76.74,76.74,61.50,46.76,74.26
76.76,76.76,64.99,48.41,71.60
77.21,77.21,68.76,51.34,73.13
79.15,79.15,65.75,52.39,72.93
78.58,78.58,71.27,48.76,71.59
78.00,78.00,67.66,50.02,71.92
79.00,79.00,68.12,49.12,71.04
81.20,81.20,68.31,49.59,70.05
79.15,79.15,67.23,47.85,69.03
77.22,77.22,65.49,43.84,68.49
79.04,79.04,55.45,38.98,67.74
76.88,76.88,61.18,48.95,63.49
75.15,75.15,60.53,46.20,65.19
75.86,75.86,64.52,40.03,67.08
78.74,78.74,64.05,39.89,68.94
80.75,80.75,60.45,36.28,68.75
79.37,79.37,55.57,43.08,66.08
76.49,76.49,63.62,44.64,70.36
77.17,77.17,60.05,40.21,70.14
76.95,76.95,65.73,48.32,69.06
76.63,76.63,67.74,49.44,67.62
76.91,76.91,68.18,48.17,70.69
78.02,78.02,66.78,48.19,70.09
80.88,80.88,64.95,45.27,69.35
80.74,80.74,68.79,47.37,70.41
78.63,78.63,67.70,42.16,67.96
79.72,79.72,66.70,42.05,69.44
76.93,76.93,67.00,46.07,70.64
77.19,77.19,58.82,39.32,70.99
76.10,76.10,55.06,40.06,72.69
74.77,74.77,65.71,43.68,72.64
76.61,76.61,61.25,45.41,72.99
79.35,79.35,67.69,38.47,74.56
71.94,71.94,67.22,46.07,73.98
76.24,76.24,70.50,43.21,75.83
77.46,77.46,68.55,39.16,72.39
75.96,75.96,71.98,32.46,73.61
72.59,72.59,66.97,32.62,73.08
76.12,76.12,65.03,38.90,73.59
81.88,81.88,55.54,35.67,73.69
76.46,76.46,54.98,37.92,75.81
76.89,76.89,55.74,32.09,73.79
76.38,76.38,61.91,34.40,73.33
77.15,77.15,63.19,34.89,74.72
73.64,73.64,64.65,36.58,73.68
72.50,72.50,65.43,37.11,75.49
76.18,76.18,62.15,33.01,73.04
76.98,76.98,62.58,34.35,73.53
77.47,77.47,58.09,35.49,72.03
74.55,74.55,61.20,32.82,72.98
77.44,77.44,62.41,34.76,72.15
76.88,76.88,60.75,34.98,71.87
77.66,77.66,60.37,24.81,71.86
76.05,76.05,58.92,30.52,69.99
76.57,76.57,57.65,36.20,68.70
75.11,75.11,59.89,30.73,69.25
76.67,76.67,61.49,35.96,68.10
73.74,73.74,62.59,25.85,66.21
72.50,72.50,67.39,18.72,61.73
78.92,78.92,82.52,12.13,60.44
78.08,78.08,87.21,13.31,63.43
77.37,77.37,79.03,24.48,57.39
83.18,83.18,74.52,34.24,61.01
80.30,80.30,69.19,41.83,63.67
83.32,83.32,67.68,41.00,66.71
81.42,81.42,65.14,44.84,68.82
81.42,81.42,61.91,45.01,66.93
81.51,81.51,61.30,48.84,67.76
79.91,79.91,58.06,44.84,61.64
84.39,84.39,59.60,44.89,64.59
81.92,81.92,66.56,36.41,64.05
81.81,81.81,65.73,32.36,59.60
81.50,81.50,86.33,17.04,62.49
82.59,82.59,83.96,9.14,62.79
82.11,82.11,87.03,8.09,64.40
80.40,80.40,84.34,10.98,65.01
80.26,80.26,88.52,16.42,63.03
77.58,77.58,85.38,5.76,59.89
72.80,72.80,85.77,13.01,59.37
70.64,70.64,79.83,17.38,62.77
71.37,71.37,77.41,10.27,63.48
71.99,71.99,64.56,5.94,64.29
72.99,72.99,77.83,12.75,65.14
73.46,73.46,78.25,18.56,66.47
72.35,72.35,77.43,29.34,65.46
72.50,72.50,72.17,38.52,66.49
70.85,70.85,64.38,46.88,65.63
77.25,77.25,65.02,42.89,62.54
83.17,83.17,64.42,40.34,66.72
84.57,84.57,63.49,28.65,67.13
81.23,81.23,57.88,28.28,67.47
80.56,80.56,67.72,30.94,65.81
81.74,81.74,65.74,28.73,66.57
81.63,81.63,70.26,27.37,67.67
79.18,79.18,71.84,27.00,70.20
80.72,80.72,71.20,20.19,71.70
81.20,81.20,69.02,20.47,71.45
82.54,82.54,65.06,21.53,70.33
83.35,83.35,59.77,22.52,66.48
84.34,84.34,59.14,23.20,68.35
84.63,84.63,65.65,26.27,68.22
84.91,84.91,69.10,27.25,68.57
84.59,84.59,64.41,27.92,69.47
82.85,82.85,62.21,31.64,69.13
83.17,83.17,58.45,35.85,68.55
82.91,82.91,60.32,43.30,67.87
82.40,82.40,60.87,54.36,68.42
82.95,82.95,57.36,54.03,67.67
82.84,82.84,65.05,64.10,65.51
80.51,80.51,85.73,79.68,64.45
80.16,80.16,85.24,83.69,64.68
80.55,80.55,84.95,83.10,65.14
80.72,80.72,84.86,77.45,65.33
80.99,80.99,86.35,78.24,66.22
79.87,79.87,85.44,77.80,63.26
81.49,81.49,85.29,80.62,62.37
81.94,81.94,79.64,80.45,62.93
81.74,81.74,75.40,81.01,61.60
84.12,84.12,71.34,82.73,65.60
84.51,84.51,74.05,81.19,64.93
83.97,83.97,76.31,76.58,67.50
83.45,83.45,74.04,81.45,68.00
83.50,83.50,71.75,84.13,68.23
81.62,81.62,66.43,83.25,68.40
83.09,83.09,64.61,81.36,67.86
83.16,83.16,54.75,80.70,68.99
83.04,83.04,62.43,82.99,68.23
80.67,80.67,62.95,83.26,66.95
80.77,80.77,61.82,80.73,67.60
81.25,81.25,59.49,81.05,68.63
81.45,81.45,65.71,82.83,67.07
81.38,81.38,63.30,82.08,67.05
80.52,80.52,68.42,80.59,68.59
79.69,79.69,66.16,82.54,66.43
80.14,80.14,66.64,82.84,68.13
79.90,79.90,56.28,80.87,69.75
79.29,79.29,52.29,79.96,68.97
81.25,81.25,59.23,81.97,68.58
83.03,83.03,62.13,82.11,70.03
82.45,82.45,58.10,79.10,68.30
82.53,82.53,58.97,79.70,66.99
82.39,82.39,58.22,79.46,68.44
83.85,83.85,61.17,79.28,68.40
84.47,84.47,56.43,82.06,68.54
84.39,84.39,63.06,81.66,68.09
82.83,82.83,67.52,80.97,64.94
82.51,82.51,82.72,78.19,63.72
81.45,81.45,83.50,77.58,68.12
82.03,82.03,71.99,83.08,69.95
84.01,84.01,66.73,81.05,68.49
84.90,84.90,65.23,83.20,71.25
83.24,83.24,65.19,81.98,72.59
81.62,81.62,60.77,83.09,70.13
81.58,81.58,58.75,81.11,70.71
80.05,80.05,61.42,79.92,71.16
80.11,80.11,58.39,81.95,68.63
79.38,79.38,58.34,80.89,73.10
79.24,79.24,57.87,83.58,73.92
78.94,78.94,57.87,80.19,71.57
79.53,79.53,59.13,84.34,70.58
78.40,78.40,54.43,80.39,69.60
78.03,78.03,55.72,83.98,69.37
76.63,76.63,54.73,81.03,70.89
80.40,80.40,51.38,82.05,70.37
81.77,81.77,50.74,83.22,72.14
82.84,82.84,46.26,82.31,70.60
83.73,83.73,45.86,83.74,72.69
83.93,83.93,47.69,81.97,72.52
83.70,83.70,54.69,83.86,71.42
82.78,82.78,61.60,80.57,68.23
83.73,83.73,68.16,80.55,68.92
82.28,82.28,81.17,77.95,69.02
82.76,82.76,85.73,81.33,66.26
81.13,81.13,80.50,83.08,66.39
80.71,80.71,81.19,83.54,63.38
79.30,79.30,85.45,85.43,64.70
79.99,79.99,85.04,83.23,66.16
79.48,79.48,84.56,84.57,65.15
81.92,81.92,80.82,82.74,66.19
81.34,81.34,75.61,83.88,64.50
81.87,81.87,65.67,81.61,62.94
81.88,81.88,74.72,83.26,62.63
82.29,82.29,79.49,83.37,59.05
82.87,82.87,77.85,83.04,61.20
81.35,81.35,85.76,82.20,54.81
79.96,79.96,76.64,81.25,64.29
80.78,80.78,84.03,81.09,65.09
79.48,79.48,88.40,79.20,62.17
80.63,80.63,85.36,81.45,65.80
82.60,82.60,85.60,82.35,66.30
82.32,82.32,82.90,82.46,66.70
83.92,83.92,80.49,82.32,65.75
83.71,83.71,72.84,83.70,66.75
84.39,84.39,73.83,82.80,65.56
84.44,84.44,77.29,82.11,64.52
83.60,83.60,77.27,81.74,62.16
83.60,83.60,64.90,83.84,63.83
81.60,81.60,66.86,83.77,60.71
82.05,82.05,64.41,83.44,62.66
82.36,82.36,60.58,83.36,63.51
82.90,82.90,61.10,84.97,64.94
84.84,84.84,66.11,83.85,62.28
84.77,84.77,68.07,83.05,64.49
82.77,82.77,68.80,83.35,63.18
82.05,82.05,71.40,84.27,64.58
79.52,79.52,68.84,83.31,62.51
78.38,78.38,69.99,82.60,62.43
78.95,78.95,64.86,82.81,64.26
78.74,78.74,59.87,84.00,66.54
78.44,78.44,58.51,82.84,64.17
79.07,79.07,64.43,82.86,64.52
79.06,79.06,65.96,83.06,66.80
79.12,79.12,63.35,85.00,66.86
77.95,77.95,65.57,84.45,63.66
79.11,79.11,57.38,83.48,63.16
79.30,79.30,61.57,84.59,64.69
79.39,79.39,57.32,85.16,63.87
80.04,80.04,65.29,83.24,64.88
80.94,80.94,64.34,83.14,66.77
80.16,80.16,67.13,83.87,66.25
77.95,77.95,67.86,85.39,68.58
76.76,76.76,66.09,83.76,66.98
75.98,75.98,66.03,82.62,66.48
77.33,77.33,66.84,83.55,67.29
78.02,78.02,66.99,84.54,67.73
78.19,78.19,67.68,83.27,66.86
79.21,79.21,59.71,83.10,67.26
78.41,78.41,53.91,83.53,68.74
78.32,78.32,57.36,84.52,66.24
78.29,78.29,62.82,83.41,68.61
77.68,77.68,67.33,82.53,67.01
77.30,77.30,66.82,84.54,66.51
77.76,77.76,71.18,85.11,67.30
78.93,78.93,67.88,83.65,63.20
80.81,80.81,70.60,83.72,66.64
81.75,81.75,64.54,83.25,67.48
82.59,82.59,63.70,84.35,62.30
83.75,83.75,55.76,83.28,62.49
83.55,83.55,49.22,81.39,63.82
83.13,83.13,53.16,83.43,63.40
82.80,82.80,61.59,83.48,65.18
81.71,81.71,62.30,80.92,62.91
81.32,81.32,61.42,82.53,64.90
81.61,81.61,62.74,82.58,65.30
80.44,80.44,57.64,83.14,65.54
80.12,80.12,57.03,82.98,66.31
79.93,79.93,53.74,81.53,64.54
78.48,78.48,56.82,84.12,63.80
78.99,78.99,57.09,83.98,63.81
79.21,79.21,54.26,82.21,63.02
78.07,78.07,57.68,83.59,60.95
77.61,77.61,52.45,84.35,63.91
78.44,78.44,56.16,84.34,60.89
78.21,78.21,52.85,83.93,64.27
77.81,77.81,55.18,83.06,66.51
78.87,78.87,54.57,85.03,62.18
78.23,78.23,62.29,84.70,63.23
76.46,76.46,72.38,83.60,57.07
76.24,76.24,86.70,78.79,56.52
77.22,77.22,81.63,81.64,55.51
78.72,78.72,76.06,83.26,61.08
77.36,77.36,72.34,82.16,61.67
77.79,77.79,68.42,82.05,63.88
77.66,77.66,65.42,83.12,63.15
78.07,78.07,60.78,83.26,68.50
77.71,77.71,60.23,82.52,65.93
79.48,79.48,59.66,82.62,60.31
78.95,78.95,56.71,84.12,64.52
79.04,79.04,55.00,83.63,66.47
80.08,80.08,56.77,83.20,69.53
81.05,81.05,57.60,82.92,68.76
83.65,83.65,53.74,84.51,70.44
82.50,82.50,51.19,83.74,70.72
81.42,81.42,51.06,82.37,71.10
80.84,80.84,52.16,83.35,69.08
82.65,82.65,51.05,84.88,70.33
81.52,81.52,50.96,83.61,72.21
81.52,81.52,51.82,82.72,70.91
82.37,82.37,51.04,81.94,70.63
83.11,83.11,47.51,83.89,72.36
81.62,81.62,50.49,83.26,70.98
82.84,82.84,49.42,81.22,71.92
84.08,84.08,49.49,82.89,73.86
81.64,81.64,47.31,83.17,71.53
79.70,79.70,46.08,82.04,71.88
81.63,81.63,44.04,83.11,70.81
82.35,82.35,47.58,82.09,71.39
84.91,84.91,51.96,84.63,73.47
83.00,83.00,52.68,83.29,71.24
84.52,84.52,51.10,81.79,69.54
84.20,84.20,53.70,83.11,69.95
81.52,81.52,50.57,84.05,71.45
78.88,78.88,48.39,82.99,71.02
79.32,79.32,48.31,82.77,69.65
78.33,78.33,48.03,82.64,70.06
79.07,79.07,48.91,84.54,69.75
81.85,81.85,48.96,83.99,68.99
84.32,84.32,46.95,82.16,68.43
83.31,83.31,47.45,83.32,67.62
84.23,84.23,46.25,83.53,66.70
83.57,83.57,45.63,82.23,68.59
82.98,82.98,46.08,82.25,68.19
82.67,82.67,46.32,82.59,68.39
80.92,80.92,42.78,83.95,66.62
79.10,79.10,48.45,83.17,64.57
78.02,78.02,63.43,81.70,64.80
79.13,79.13,64.21,64.14,61.72
82.48,82.48,74.15,76.67,60.51
79.16,79.16,84.96,83.77,60.90
79.09,79.09,81.98,75.40,62.80
77.95,77.95,85.10,74.57,64.70
78.75,78.75,84.69,78.78,62.35
80.05,80.05,84.48,83.08,62.83
83.92,83.92,85.65,79.32,65.57
82.80,82.80,82.44,78.00,65.66
81.83,81.83,79.56,81.38,63.47
83.87,83.87,73.34,81.95,68.90
81.65,81.65,74.77,79.98,68.68
81.21,81.21,73.95,81.29,69.73
83.33,83.33,77.02,83.33,67.05
82.97,82.97,74.67,81.19,68.28
85.14,85.14,64.23,80.91,68.88
81.31,81.31,62.26,82.66,65.79
80.88,80.88,62.83,82.52,65.50
80.15,80.15,63.31,81.70,64.70
79.98,79.98,59.88,81.68,64.78
80.47,80.47,61.77,82.48,67.60
80.60,80.60,65.70,84.50,68.78
80.38,80.38,62.12,82.69,66.32
83.37,83.37,58.20,81.37,67.96
84.69,84.69,63.09,81.68,67.80
83.82,83.82,63.81,82.75,68.86
84.29,84.29,59.76,82.37,67.75
83.94,83.94,60.03,81.70,66.92
85.68,85.68,58.53,82.25,66.48
85.02,85.02,54.36,80.46,65.79
83.43,83.43,59.39,79.77,67.48
81.56,81.56,60.72,81.59,64.35
83.99,83.99,59.10,83.30,66.52
85.07,85.07,55.63,83.13,65.52
83.15,83.15,54.02,82.64,65.93
81.17,81.17,53.45,81.53,64.77
79.85,79.85,55.52,80.13,63.55
80.17,80.17,62.28,83.46,61.70
80.51,80.51,70.29,83.51,57.06
82.02,82.02,86.57,80.07,62.78
79.12,79.12,78.07,82.18,65.32
84.14,84.14,70.09,82.80,63.19
85.04,85.04,67.17,81.81,64.05
79.99,79.99,67.12,83.31,64.35
81.78,81.78,64.76,81.75,65.31
83.07,83.07,60.90,82.46,68.74
81.27,81.27,59.36,83.51,65.98
80.25,80.25,60.33,81.73,66.53
80.44,80.44,58.99,82.72,65.06
80.83,80.83,60.49,80.66,66.49
80.47,80.47,59.71,84.56,67.21
81.96,81.96,60.42,83.17,66.56
80.40,80.40,58.92,82.81,68.14
81.58,81.58,58.44,82.79,68.30
83.56,83.56,55.62,80.62,67.78
80.80,80.80,57.73,82.50,66.67
81.60,81.60,50.28,81.90,67.10
79.90,79.90,46.32,84.02,59.53
76.83,76.83,46.35,80.57,68.31
78.11,78.11,45.77,83.11,63.19
79.20,79.20,48.23,81.59,65.72
78.88,78.88,53.21,84.51,60.72
74.70,74.70,65.71,82.42,63.24
75.60,75.60,71.43,83.51,60.48
77.31,77.31,86.27,84.37,62.10
77.38,77.38,82.14,80.96,63.66
76.55,76.55,87.92,81.77,61.96
77.88,77.88,86.12,75.18,62.04
75.02,75.02,86.87,75.86,61.49
70.44,70.44,87.94,76.25,63.45
68.87,68.87,83.35,81.27,63.95
71.87,71.87,82.82,79.37,65.42
72.28,72.28,75.34,81.12,67.24
74.46,74.46,67.39,81.84,64.42
73.14,73.14,78.78,80.80,67.65
69.26,69.26,77.49,84.10,62.40
65.74,65.74,82.93,81.29,63.21
72.33,72.33,82.21,80.43,67.35
74.02,74.02,82.14,83.82,69.02
69.69,69.69,86.36,85.16,70.08
73.31,73.31,87.48,83.67,68.13
71.44,71.44,87.27,81.57,70.30
68.53,68.53,84.80,81.23,70.75
66.84,66.84,81.52,80.37,66.02
65.39,65.39,73.17,82.26,69.53
64.87,64.87,71.94,84.04,69.84
71.23,71.23,77.15,82.45,70.74
68.11,68.11,78.71,83.83,70.81
69.01,69.01,73.04,83.76,69.91
71.92,71.92,70.57,84.46,74.05
70.71,70.71,66.77,83.43,72.90
69.30,69.30,62.26,81.73,72.77
73.31,73.31,59.17,82.91,76.27
69.75,69.75,64.79,83.91,77.62
69.35,69.35,68.39,83.28,76.55
72.28,72.28,67.31,82.80,77.88
69.94,69.94,68.06,83.58,76.47
71.98,71.98,65.05,85.33,74.21
69.99,69.99,70.38,83.84,75.62
68.40,68.40,72.13,83.27,75.75
70.38,70.38,64.18,84.44,72.76
69.18,69.18,60.36,84.69,73.70
70.43,70.43,59.99,83.69,73.82
71.57,71.57,66.02,83.47,73.95
69.80,69.80,64.12,83.94,73.65
69.08,69.08,65.84,84.71,74.07
67.80,67.80,61.79,83.56,72.89
63.91,63.91,57.34,83.03,70.02
64.23,64.23,56.91,84.33,71.52
64.28,64.28,61.39,85.40,72.42
60.50,60.50,63.66,84.50,69.96
62.73,62.73,68.44,83.95,70.71
60.18,60.18,63.63,85.13,70.17
59.39,59.39,68.31,85.32,66.80
60.06,60.06,67.51,84.62,67.16
60.89,60.89,69.73,83.52,69.96
61.65,61.65,67.70,85.30,71.67
62.06,62.06,70.29,85.49,71.74
59.87,59.87,65.61,83.27,73.12
59.75,59.75,61.76,84.02,73.90
58.42,58.42,56.50,84.18,72.48
56.70,56.70,61.85,84.86,70.41
54.18,54.18,67.11,84.80,67.36
51.84,51.84,65.78,83.10,66.06
47.61,47.61,71.16,85.32,62.32
49.97,49.97,69.20,85.15,64.16
54.05,54.05,71.94,83.05,63.04
49.21,49.21,68.63,84.26,65.99
53.24,53.24,68.72,85.04,65.66
57.48,57.48,61.30,85.46,59.45
56.46,56.46,56.19,85.00,63.08
51.58,51.58,42.26,83.68,64.37
54.25,54.25,55.93,85.88,65.32
55.61,55.61,59.70,85.55,67.35
46.91,46.91,60.58,84.34,69.68
45.04,45.04,63.54,84.60,72.78
47.73,47.73,59.51,85.71,73.68
52.30,52.30,60.30,85.19,75.18
47.93,47.93,54.79,84.45,75.72
43.60,43.60,56.81,83.62,74.27
43.36,43.36,53.67,85.75,75.20
43.87,43.87,53.64,84.92,75.69
49.31,49.31,57.76,83.43,74.65
49.19,49.19,55.39,83.94,73.94
44.35,44.35,55.84,85.05,74.02
44.40,44.40,53.15,84.36,75.71
45.24,45.24,56.11,84.01,75.04
43.89,43.89,53.68,83.14,76.92
38.45,38.45,58.48,85.62,76.09
27.96,27.96,68.21,84.83,73.60
22.09,22.09,75.64,82.93,72.92
16.41,16.41,88.20,81.22,72.25
17.32,17.32,80.30,84.33,70.32
29.20,29.20,75.50,83.10,68.97
37.87,37.87,72.27,82.54,73.09
36.95,36.95,68.46,82.17,71.93
41.13,41.13,66.49,83.65,74.69
42.41,42.41,65.91,82.83,75.13
45.39,45.39,65.47,80.25,73.74
51.67,51.67,63.10,82.53,74.38
46.69,46.69,62.55,84.36,72.83
59.33,59.33,67.02,82.51,71.58
60.81,60.81,70.32,83.17,70.69
64.09,64.09,83.48,82.42,71.74
68.65,68.65,85.88,80.57,71.85
76.33,76.33,82.06,74.41,69.09
76.74,76.74,86.77,73.91,70.18
76.43,76.43,88.51,75.97,66.54
78.04,78.04,85.99,80.12,64.23
77.35,77.35,87.42,80.75,64.33
75.21,75.21,80.41,82.44,65.01
78.46,78.46,79.16,82.93,67.33
80.89,80.89,60.46,84.30,67.10
80.93,80.93,75.83,83.10,65.36
82.93,82.93,81.23,81.05,65.75
81.06,81.06,76.45,82.14,67.90
81.77,81.77,71.72,84.17,65.97
81.65,81.65,62.39,84.08,65.46
81.63,81.63,63.05,83.77,66.66
81.25,81.25,61.86,83.69,65.57
81.68,81.68,58.71,85.19,64.20
81.83,81.83,61.35,84.22,64.76
80.61,80.61,65.43,83.86,62.34
81.09,81.09,65.41,83.45,62.20
81.29,81.29,70.23,84.48,64.23
79.81,79.81,70.90,83.50,63.54
77.95,77.95,72.76,82.48,64.40
77.67,77.67,68.46,84.25,63.57
77.49,77.49,67.36,85.53,60.96
78.23,78.23,65.09,83.63,58.31
78.14,78.14,58.80,83.00,61.57
78.42,78.42,65.77,83.69,61.39
76.83,76.83,67.82,85.15,60.67
77.28,77.28,67.42,84.21,60.30
76.45,76.45,60.77,82.64,63.04
75.29,75.29,57.52,84.96,65.82
73.45,73.45,61.25,84.73,67.50
71.97,71.97,62.31,75.13,64.68
82.14,82.14,58.69,63.02,65.27
73.52,73.52,67.64,67.26,67.61
76.28,76.28,83.27,82.25,68.73
76.06,76.06,86.50,84.59,71.32
81.79,81.79,82.07,77.48,72.15
80.51,80.51,81.60,76.47,72.03
77.11,77.11,87.00,82.03,72.46
77.62,77.62,86.82,83.55,74.51
81.78,81.78,82.91,80.26,75.30
77.95,77.95,84.14,78.77,74.98
80.84,80.84,73.12,81.37,75.37
80.87,80.87,73.59,78.98,77.28
79.16,79.16,75.24,80.19,76.43
82.94,82.94,76.40,82.59,73.52
79.69,79.69,74.63,82.26,72.52
82.62,82.62,70.24,79.75,70.61
83.99,83.99,63.39,78.51,70.81
83.56,83.56,63.42,80.11,72.11
82.84,82.84,62.97,80.88,73.53
83.22,83.22,59.82,80.07,76.39
82.19,82.19,58.50,80.77,77.96
81.42,81.42,58.16,81.87,77.09
81.48,81.48,60.03,82.35,75.31
83.36,83.36,63.08,82.16,74.11
83.28,83.28,68.42,81.36,70.66
82.06,82.06,63.03,82.60,70.86
82.38,82.38,63.49,81.76,69.18
78.67,78.67,65.39,80.14,70.61
82.09,82.09,64.61,81.86,71.49
81.65,81.65,54.77,82.56,71.66
81.67,81.67,53.76,83.08,71.21
82.89,82.89,59.79,82.08,68.46
82.46,82.46,64.08,81.16,68.50
84.29,84.29,55.84,80.16,70.97
84.31,84.31,53.28,80.71,70.22
83.52,83.52,57.82,82.09,71.08
80.16,80.16,54.20,81.86,71.67
77.87,77.87,65.29,80.45,71.68
78.82,78.82,70.98,82.24,69.57
78.49,78.49,80.27,81.60,68.30
82.38,82.38,84.36,80.24,68.36
81.18,81.18,77.06,82.72,70.43
80.69,80.69,68.96,80.92,72.65
81.27,81.27,64.70,83.14,73.82
78.91,78.91,66.08,80.75,75.25
81.31,81.31,64.85,82.57,73.76
83.61,83.61,61.88,80.17,71.22
81.65,81.65,59.48,82.95,69.07
81.49,81.49,59.56,80.76,66.96
79.78,79.78,58.14,82.76,66.61
83.83,83.83,58.90,82.66,70.19
83.82,83.82,62.12,81.72,69.67
83.87,83.87,63.49,82.05,69.91
79.34,79.34,57.55,78.65,67.40
70.45,70.45,59.16,83.29,67.07
74.11,74.11,56.08,79.96,70.87
72.42,72.42,57.48,83.66,73.00
74.50,74.50,53.55,79.62,71.46
70.85,70.85,47.93,82.78,71.34
71.35,71.35,44.17,81.17,72.48
71.91,71.91,45.56,82.56,73.44
74.16,74.16,51.05,83.54,70.78
76.58,76.58,59.36,81.71,65.91
80.12,80.12,70.18,83.96,63.33
80.45,80.45,77.52,81.41,63.69
81.80,81.80,83.62,83.54,61.45
79.43,79.43,80.35,76.42,59.53
80.70,80.70,84.63,78.00,62.19
78.69,78.69,88.67,75.93,61.71
79.05,79.05,86.71,78.45,64.40
73.70,73.70,84.79,80.26,61.69
71.34,71.34,85.02,80.53,62.54
67.00,67.00,76.42,82.66,63.45
71.07,71.07,72.32,81.48,70.42
72.62,72.62,72.06,84.30,72.05
71.75,71.75,79.57,82.58,74.27
71.87,71.87,78.26,83.89,75.66
76.07,76.07,82.76,81.41,73.49
79.06,79.06,79.42,82.74,72.72
76.96,76.96,85.32,84.93,72.94
77.84,77.84,82.11,84.35,70.92
80.63,80.63,86.60,83.51,69.36
84.09,84.09,84.67,80.79,69.88
85.52,85.52,83.03,79.67,66.32
85.06,85.06,80.40,79.85,71.62
86.36,86.36,70.02,81.92,72.99
83.98,83.98,73.33,83.77,68.79
81.97,81.97,76.72,83.96,72.65
81.87,81.87,76.22,84.06,74.64
81.34,81.34,72.99,85.27,73.93
81.08,81.08,65.04,84.09,75.76
80.06,80.06,62.76,81.98,75.99
80.86,80.86,57.89,81.76,76.35
80.00,80.00,61.18,82.13,75.22
80.76,80.76,66.44,83.01,73.41
83.00,83.00,64.05,82.64,72.35
80.82,80.82,70.01,81.17,67.09
79.32,79.32,68.51,83.98,64.51
80.36,80.36,67.02,83.40,61.72
80.65,80.65,70.92,81.52,63.95
80.09,80.09,68.42,82.76,65.88
79.41,79.41,62.73,84.07,68.17
81.59,81.59,59.14,83.81,69.76
77.30,77.30,64.17,83.51,70.78
78.20,78.20,58.77,83.00,71.54
80.22,80.22,62.91,84.40,71.00
77.60,77.60,62.15,83.90,69.20
78.93,78.93,57.50,83.55,67.35
79.77,79.77,52.24,82.97,66.38
78.15,78.15,58.44,84.18,65.00
77.04,77.04,59.19,84.21,65.61
77.52,77.52,66.71,82.97,67.48
78.58,78.58,64.17,83.77,67.04
77.86,77.86,66.28,85.64,68.64
78.20,78.20,64.75,84.46,70.26
79.27,79.27,66.14,83.83,70.23
79.65,79.65,64.34,82.99,70.15
80.73,80.73,66.17,84.85,69.18
81.21,81.21,64.26,83.59,67.50
81.55,81.55,65.61,82.31,64.98
80.95,80.95,55.81,83.09,61.67
80.83,80.83,61.60,84.37,61.73
79.06,79.06,60.14,84.48,64.15
80.29,80.29,62.81,84.06,62.47
79.06,79.06,67.99,83.28,66.42
79.71,79.71,66.52,85.59,65.10
80.38,80.38,70.39,84.33,65.27
82.21,82.21,67.99,83.45,66.01
83.08,83.08,69.20,83.99,68.90
83.74,83.74,63.72,85.22,68.26
82.87,82.87,62.44,84.98,67.90
83.38,83.38,52.15,84.29,69.37
83.50,83.50,50.13,83.69,68.57
83.04,83.04,54.79,85.65,67.68
80.74,80.74,57.56,84.59,68.11
78.18,78.18,61.11,83.59,68.21
76.24,76.24,57.96,84.53,68.93
73.36,73.36,59.58,85.83,68.32
73.37,73.37,50.93,84.95,69.32
74.05,74.05,52.02,84.23,69.26
74.54,74.54,51.75,84.11,68.56
74.22,74.22,54.40,85.74,66.51
75.36,75.36,54.62,84.53,68.80
73.52,73.52,50.62,83.45,69.57
72.85,72.85,52.98,83.97,66.48
73.70,73.70,51.16,85.27,68.08
71.93,71.93,53.80,84.51,66.99
68.93,68.93,51.13,83.98,66.14
67.60,67.60,52.62,84.76,65.64
64.59,64.59,57.68,85.71,65.39
68.27,68.27,67.99,84.57,63.21
77.47,77.47,83.44,82.10,63.56
79.79,79.79,82.38,82.55,63.24
78.32,78.32,76.64,83.98,60.21
70.48,70.48,73.89,81.46,53.79
71.99,71.99,69.55,82.10,55.41
74.96,74.96,66.04,82.90,58.75
76.00,76.00,61.62,83.13,61.63
77.09,77.09,60.40,82.99,63.11
76.51,76.51,58.96,82.32,62.35
75.87,75.87,56.19,84.29,60.70
77.32,77.32,53.07,84.63,62.75
79.72,79.72,51.15,83.73,62.67
78.99,78.99,52.72,82.76,65.90
81.19,81.19,50.11,84.01,70.04
79.69,79.69,48.11,84.76,69.50
81.14,81.14,48.79,83.72,68.96
80.17,80.17,51.29,83.73,67.55
79.77,79.77,48.76,84.48,66.76
80.03,80.03,42.50,84.69,66.69
76.39,76.39,41.35,83.38,65.57
73.11,73.11,40.36,83.42,65.73
72.42,72.42,42.92,85.04,64.73
71.71,71.71,39.93,85.16,64.89
74.33,74.33,42.48,84.29,62.71
76.74,76.74,41.02,83.92,61.51
76.30,76.30,38.02,85.32,63.77
80.33,80.33,39.72,85.18,65.25
80.24,80.24,36.30,82.90,65.30
79.13,79.13,35.40,83.29,64.54
80.32,80.32,37.86,84.72,61.97
79.99,79.99,36.68,84.37,63.16
83.07,83.07,36.49,83.22,58.92
82.40,82.40,37.77,82.64,58.45
78.40,78.40,40.57,84.77,59.30
77.46,77.46,40.13,84.46,57.60
79.84,79.84,40.76,83.20,58.89
78.58,78.58,41.85,83.31,59.35
79.98,79.98,39.40,84.76,57.66
81.99,81.99,40.01,83.84,60.55
80.43,80.43,39.47,83.40,60.01
81.89,81.89,41.92,82.99,63.03
82.49,82.49,42.45,85.31,63.31
82.92,82.92,44.62,84.22,62.95
81.74,81.74,40.14,82.85,64.09
79.71,79.71,37.26,82.93,63.81
78.80,78.80,42.57,84.18,63.90
75.41,75.41,43.43,83.59,61.69
74.66,74.66,51.83,83.48,60.70
76.22,76.22,55.04,83.19,62.25
76.89,76.89,70.02,82.88,64.75
76.96,76.96,84.65,81.19,66.38
79.75,79.75,82.13,84.48,63.13
80.24,80.24,85.40,84.01,65.16
77.43,77.43,82.47,83.74,65.36
76.52,76.52,88.44,82.74,64.31
74.83,74.83,83.85,82.12,66.88
78.82,78.82,85.96,81.71,64.97
79.23,79.23,79.67,81.85,63.63
80.41,80.41,77.11,83.32,64.00
83.20,83.20,62.35,81.39,65.91
83.13,83.13,77.59,82.35,64.63
80.49,80.49,77.04,83.45,64.91
84.15,84.15,76.18,81.20,65.24
83.98,83.98,67.76,82.08,62.10
84.29,84.29,63.82,83.72,64.62
82.45,82.45,59.35,84.46,66.38
81.81,81.81,63.97,83.92,66.61
81.76,81.76,54.39,83.33,64.83
81.99,81.99,57.86,84.03,67.88
82.80,82.80,65.74,83.98,65.17
84.43,84.43,65.99,83.27,64.60
82.85,82.85,68.93,82.77,65.55
81.75,81.75,69.96,84.43,60.18
81.10,81.10,69.47,83.80,62.64
82.98,82.98,69.93,83.12,62.75
80.63,80.63,64.53,84.23,63.06
78.37,78.37,59.74,84.17,64.01
77.06,77.06,56.23,84.32,63.41
76.99,76.99,61.48,83.30,66.92
76.99,76.99,67.66,84.32,68.45
77.19,77.19,65.86,84.75,66.66
75.82,75.82,60.66,83.33,65.33
75.55,75.55,59.99,83.34,66.08
75.83,75.83,61.51,85.52,66.38
76.21,76.21,63.22,84.38,69.25
76.98,76.98,57.86,83.91,67.53
75.57,75.57,67.89,84.98,67.32
84.58,84.58,79.91,83.53,71.71
85.04,85.04,79.70,84.52,69.50
85.74,85.74,64.48,81.99,69.32
82.93,82.93,57.99,83.90,63.11
81.79,81.79,60.21,84.64,66.54
81.41,81.41,56.32,83.58,68.74
81.30,81.30,57.32,81.29,66.97
84.59,84.59,52.30,81.21,67.83
83.31,83.31,51.80,83.32,67.30
81.72,81.72,55.96,81.81,67.72
81.89,81.89,59.61,81.45,67.97
82.66,82.66,61.65,83.72,70.31
84.38,84.38,63.14,84.02,67.81
85.45,85.45,59.73,82.22,69.59
83.92,83.92,52.82,82.10,71.40
83.59,83.59,54.29,83.56,73.31
82.50,82.50,49.81,83.78,73.94
80.99,80.99,41.54,84.95,75.14
77.83,77.83,50.96,85.43,76.01
81.98,81.98,56.53,84.92,73.61
84.94,84.94,54.74,85.27,74.45
82.05,82.05,49.06,83.02,72.41
84.43,84.43,53.92,83.60,69.35
82.55,82.55,59.75,84.67,65.23
84.10,84.10,69.71,82.46,62.95
78.82,78.82,82.17,78.24,61.74
80.24,80.24,81.08,77.90,62.82
77.57,77.57,85.58,78.28,62.54
75.11,75.11,86.37,76.97,60.74
73.75,73.75,88.34,79.29,62.01
79.13,79.13,84.05,81.80,65.07
77.14,77.14,87.19,83.05,65.49
70.82,70.82,80.20,83.48,63.27
76.04,76.04,78.15,85.49,60.81
74.65,74.65,64.88,86.23,61.69
71.95,71.95,78.39,85.85,61.30
71.51,71.51,80.72,85.34,61.48
69.78,69.78,79.94,86.75,62.46
73.56,73.56,80.36,80.65,63.80
73.61,73.61,82.04,82.51,63.12
75.27,75.27,84.38,80.45,64.52
74.58,74.58,89.21,76.71,64.66
75.92,75.92,83.92,79.14,67.73
75.06,75.06,85.38,81.47,62.94
74.10,74.10,84.92,82.79,63.83
72.75,72.75,76.22,81.97,60.89
71.45,71.45,74.37,79.98,61.52
71.49,71.49,74.73,82.64,63.07
71.46,71.46,77.54,84.15,63.28
73.67,73.67,73.53,83.44,63.71
74.55,74.55,70.13,81.02,65.62
75.65,75.65,64.34,84.14,63.25
75.76,75.76,61.49,83.50,63.95
75.41,75.41,62.09,83.06,65.70
75.03,75.03,67.50,80.30,69.09
72.66,72.66,62.98,81.17,65.00
71.95,71.95,65.79,83.55,64.66
72.83,72.83,65.38,82.72,65.99
68.70,68.70,67.14,81.55,66.34
65.89,65.89,65.65,82.55,67.26
66.89,66.89,66.03,84.16,64.74
66.52,66.52,61.54,82.58,65.97
70.95,70.95,55.64,83.93,67.57
72.08,72.08,52.18,84.07,66.77
73.25,73.25,62.89,84.50,69.51
73.47,73.47,60.83,82.70,68.41
72.66,72.66,62.47,82.49,68.93
71.40,71.40,64.63,84.27,68.02
68.50,68.50,51.57,84.47,64.89
66.62,66.62,58.31,83.62,65.85
65.62,65.62,60.00,84.22,64.42
67.99,67.99,59.02,81.95,66.14
67.57,67.57,61.13,83.02,66.53
67.95,67.95,62.70,84.88,67.07
65.59,65.59,59.41,84.82,64.92
66.18,66.18,65.10,84.20,65.93
66.81,66.81,59.68,83.04,66.83
68.55,68.55,60.15,80.13,69.66
68.88,68.88,57.38,83.81,69.67
66.97,66.97,55.39,84.98,66.94
65.07,65.07,54.04,83.92,63.48
61.99,61.99,48.22,83.43,64.03
59.90,59.90,50.69,82.54,65.28
57.43,57.43,54.03,81.43,65.25
56.73,56.73,64.62,85.27,66.06
57.55,57.55,60.18,84.62,65.14
58.39,58.39,64.94,82.61,66.68
58.43,58.43,62.91,84.49,65.98
60.15,60.15,63.99,83.51,65.61
61.67,61.67,60.54,82.75,66.07
61.32,61.32,59.07,84.89,65.29
61.44,61.44,55.60,85.25,63.88
60.02,60.02,54.65,83.87,65.60
60.50,60.50,52.22,82.92,64.31
60.96,60.96,51.68,83.34,66.35
60.28,60.28,53.26,85.86,65.94
58.97,58.97,51.14,84.66,65.71
60.77,60.77,51.51,83.59,66.78
60.28,60.28,52.81,84.92,68.04
59.03,59.03,50.61,82.68,66.45
57.05,57.05,52.29,82.72,65.58
57.51,57.51,56.82,85.41,65.72
56.16,56.16,56.44,85.05,65.41
54.57,54.57,53.37,84.75,65.80
54.13,54.13,54.85,84.44,64.06
51.19,51.19,52.71,83.31,63.19
51.55,51.55,54.32,85.65,65.28
52.94,52.94,53.57,85.29,67.96
49.17,49.17,55.06,84.44,68.05
51.64,51.64,52.96,84.76,67.83
52.38,52.38,60.89,83.27,64.00
59.98,59.98,69.77,83.93,61.11
74.56,74.56,86.55,81.31,65.08
77.18,77.18,78.60,79.97,64.39
80.90,80.90,75.09,80.85,61.85
81.13,81.13,70.42,79.66,62.71
80.49,80.49,66.45,79.10,64.53
80.13,80.13,64.21,81.32,64.87
82.95,82.95,60.17,81.84,67.28
81.97,81.97,56.16,80.98,68.69
79.11,79.11,53.21,81.08,70.12
79.43,79.43,53.81,80.91,68.68
79.30,79.30,62.87,80.78,67.31
73.56,73.56,67.48,83.70,66.01
71.33,71.33,76.49,85.24,64.15
67.14,67.14,84.90,83.15,64.69
73.68,73.68,79.71,76.03,67.17
79.94,79.94,80.80,74.43,68.32
81.62,81.62,87.35,81.94,69.29
80.48,80.48,86.69,83.71,69.01
77.66,77.66,82.50,78.75,67.79
78.22,78.22,84.50,80.38,66.14
81.76,81.76,74.72,80.96,66.62
80.69,80.69,72.79,80.64,65.81
74.61,74.61,73.08,81.33,66.59
74.71,74.71,77.23,83.87,67.61
78.49,78.49,75.59,83.59,69.69
81.05,81.05,70.35,81.04,69.06
81.33,81.33,62.55,81.07,68.91
82.54,82.54,60.05,82.92,69.51
82.01,82.01,50.90,83.17,70.68
84.32,84.32,58.42,81.96,71.35
82.82,82.82,59.41,81.92,72.85
81.24,81.24,58.85,81.54,72.68
81.61,81.61,58.82,81.42,70.86
83.53,83.53,60.70,81.13,69.76
82.96,82.96,61.67,82.23,68.44
81.30,81.30,64.43,82.77,71.10
80.76,80.76,61.41,82.73,69.95
80.75,80.75,62.12,79.96,70.63
79.15,79.15,58.86,81.97,69.79
80.43,80.43,52.57,83.55,70.57
84.10,84.10,56.94,83.02,71.45
84.92,84.92,55.37,80.91,71.53
82.81,82.81,51.36,74.39,70.44
79.94,79.94,50.16,66.06,69.30
78.48,78.48,46.52,66.26,70.03
80.40,80.40,51.27,63.12,70.46
78.83,78.83,58.65,62.71,70.47
83.43,83.43,55.92,59.16,68.08
85.26,85.26,65.01,59.98,66.59
83.04,83.04,78.11,72.04,65.57
78.90,78.90,86.53,83.07,63.26
77.85,77.85,80.97,83.85,60.43
74.27,74.27,84.22,82.31,64.59
76.18,76.18,86.97,78.43,64.77
76.53,76.53,86.61,80.60,68.71
77.08,77.08,86.58,78.94,69.75
80.74,80.74,80.94,79.94,70.46
82.60,82.60,79.75,77.87,70.94
81.12,81.12,74.74,81.31,70.20
81.24,81.24,72.23,83.00,68.63
81.19,81.19,74.54,80.28,67.72
81.31,81.31,78.69,77.72,69.12
82.10,82.10,71.19,82.29,66.31
84.55,84.55,63.98,82.95,71.07
84.98,84.98,59.33,79.80,71.35
83.94,83.94,63.87,80.81,71.91
81.76,81.76,58.59,81.96,70.73
81.35,81.35,57.57,82.46,71.79
82.43,82.43,56.62,80.23,69.13
82.63,82.63,61.85,80.69,66.84
81.49,81.49,61.49,81.26,68.00
77.41,77.41,67.28,83.52,67.99
76.20,76.20,66.32,80.28,67.74
78.03,78.03,70.30,81.54,68.79
82.22,82.22,64.12,83.19,68.77
83.84,83.84,62.25,82.35,66.62
83.85,83.85,59.05,81.67,67.69
82.84,82.84,54.74,84.01,65.23
80.40,80.40,63.14,83.82,65.96
79.33,79.33,64.24,82.65,63.68
78.69,78.69,60.53,82.68,65.04
76.82,76.82,62.55,82.17,67.09
78.52,78.52,54.05,82.55,67.49
80.33,80.33,58.42,82.75,66.96
80.93,80.93,59.90,83.05,67.01
80.60,80.60,65.71,81.11,67.45
80.14,80.14,73.47,81.26,66.50
82.74,82.74,86.91,79.74,68.44
82.10,82.10,78.40,82.67,66.03
82.33,82.33,70.90,81.96,64.45
82.55,82.55,67.30,81.94,64.72
82.62,82.62,64.32,81.97,66.05
83.44,83.44,60.97,82.80,65.36
83.01,83.01,60.12,83.46,71.17
81.48,81.48,59.28,82.35,67.60
83.19,83.19,59.92,83.52,70.21
81.61,81.61,56.42,80.71,69.87
83.25,83.25,58.79,83.95,70.25
82.55,82.55,62.36,80.51,69.41
81.55,81.55,60.89,82.76,71.60
82.72,82.72,62.81,80.19,70.53
82.12,82.12,58.60,81.47,66.19
80.82,80.82,59.44,82.76,69.45
77.99,77.99,57.19,80.66,69.24
78.15,78.15,50.57,83.40,68.49
79.51,79.51,50.54,82.16,67.67
81.86,81.86,45.46,83.89,67.51
81.61,81.61,46.21,81.87,67.40
79.44,79.44,48.55,84.66,64.10
78.59,78.59,56.08,81.71,63.88
79.58,79.58,65.69,83.22,62.39
80.78,80.78,73.92,82.31,62.56
80.50,80.50,86.45,82.91,60.73
79.44,79.44,78.71,80.87,62.50
78.53,78.53,86.49,81.46,61.98
78.72,78.72,87.15,84.87,61.16
79.17,79.17,84.95,83.79,61.37
79.96,79.96,87.54,84.55,62.97
80.10,80.10,81.01,81.60,64.19
78.93,78.93,80.42,83.80,62.20
78.75,78.75,72.75,82.64,61.77
77.44,77.44,70.92,82.59,63.15
77.66,77.66,76.43,83.42,60.79
77.59,77.59,81.46,82.82,59.46
78.27,78.27,81.44,82.32,62.03
80.43,80.43,82.67,81.78,60.23
81.74,81.74,79.41,80.39,62.68
83.04,83.04,85.97,81.69,65.68
80.72,80.72,87.18,83.22,66.83
81.55,81.55,83.62,83.03,67.87
81.85,81.85,86.86,83.26,66.80
82.81,82.81,79.89,84.61,66.08
83.28,83.28,73.56,83.83,65.74
83.38,83.38,71.69,82.76,68.25
83.28,83.28,77.84,81.87,66.50
82.61,82.61,76.31,82.11,68.90
81.71,81.71,70.68,81.91,69.42
82.39,82.39,67.49,81.76,69.32
81.70,81.70,65.77,82.14,72.24
81.34,81.34,61.00,84.02,70.48
80.62,80.62,58.27,83.93,70.53
80.42,80.42,63.85,84.41,69.54
79.85,79.85,68.20,83.67,72.70
80.70,80.70,68.65,85.29,72.71
79.90,79.90,67.48,84.34,70.29
81.41,81.41,70.08,82.39,71.57
81.59,81.59,68.49,82.66,73.23
81.57,81.57,69.62,84.04,70.88
82.32,82.32,61.80,83.21,71.67
83.36,83.36,59.83,83.25,70.82
83.81,83.81,57.98,82.87,71.07
82.02,82.02,63.94,84.63,70.29
79.89,79.89,63.16,83.65,68.53
78.67,78.67,63.55,82.92,68.71
80.02,80.02,59.47,83.70,69.87
80.11,80.11,57.99,84.83,68.73
80.21,80.21,60.04,84.09,68.24
81.31,81.31,62.15,83.24,67.09
80.25,80.25,63.82,82.10,69.24
80.61,80.61,67.38,84.47,68.47
79.81,79.81,65.21,83.88,68.41
78.21,78.21,66.52,81.76,68.65
79.45,79.45,63.61,82.84,67.94
79.74,79.74,69.10,84.23,63.93
77.56,77.56,66.78,83.08,65.86
79.55,79.55,67.15,83.40,64.45
78.71,78.71,64.46,82.57,63.70
79.90,79.90,59.32,84.32,64.16
79.79,79.79,55.97,83.91,62.50
79.82,79.82,63.33,82.62,61.71
79.47,79.47,64.93,83.06,62.58
80.57,80.57,65.60,84.78,62.55
79.63,79.63,68.27,84.06,60.72
78.77,78.77,67.57,83.56,62.11
78.83,78.83,67.57,83.80,59.66
78.42,78.42,68.89,85.11,57.15
79.08,79.08,63.99,84.62,62.77
78.32,78.32,61.31,83.59,60.31
78.80,78.80,52.74,84.29,61.63
78.05,78.05,46.89,85.36,61.51
79.71,79.71,54.50,84.01,57.28
79.24,79.24,61.60,83.57,56.89
80.48,80.48,59.04,84.07,57.89
80.72,80.72,59.95,84.95,56.91
81.54,81.54,58.00,84.00,60.98
81.90,81.90,60.21,82.55,55.76
82.85,82.85,56.62,83.93,58.64
83.52,83.52,57.90,84.86,61.70
83.37,83.37,55.20,83.23,57.10
83.40,83.40,57.64,83.02,58.81
83.65,83.65,54.88,83.22,59.92
83.39,83.39,56.94,84.74,59.14
83.46,83.46,52.63,83.83,58.10
83.92,83.92,53.55,82.41,60.29
83.55,83.55,51.85,83.68,62.12
82.27,82.27,52.37,84.50,62.49
81.30,81.30,54.62,82.74,60.68
80.11,80.11,66.09,82.96,61.12
78.98,78.98,79.92,82.98,60.13
78.74,78.74,85.93,80.24,60.72
76.52,76.52,78.65,82.26,62.20
77.26,77.26,72.84,82.38,65.53
78.54,78.54,70.58,83.12,67.14
79.67,79.67,66.65,83.57,65.82
79.52,79.52,62.77,81.65,66.39
79.08,79.08,61.59,81.50,64.43
80.98,80.98,61.63,82.87,63.79
82.44,82.44,58.63,83.43,64.34
82.97,82.97,58.32,83.33,63.96
82.47,82.47,57.86,82.13,65.35
81.61,81.61,56.99,84.46,62.46
80.16,80.16,52.13,83.80,60.67
79.84,79.84,50.86,83.01,63.88
78.80,78.80,51.47,83.47,65.68
81.27,81.27,50.54,83.40,65.09
83.41,83.41,53.37,84.31,66.21
82.79,82.79,50.90,83.30,63.11
81.63,81.63,47.49,82.32,63.32
81.69,81.69,46.27,84.34,62.57
83.18,83.18,49.29,83.47,58.72
83.77,83.77,48.97,82.39,64.92
84.06,84.06,48.51,83.13,65.51
83.46,83.46,45.49,84.77,66.97
82.72,82.72,45.40,84.30,67.28
80.96,80.96,46.93,83.69,70.50
82.20,82.20,44.11,82.70,69.48
78.05,78.05,42.78,84.69,69.78
78.47,78.47,43.72,83.39,70.60
80.27,80.27,45.17,82.31,70.12
82.51,82.51,44.29,83.14,68.37
83.03,83.03,43.36,84.03,66.07
82.09,82.09,42.18,83.73,63.52
83.14,83.14,41.05,83.31,63.98
83.90,83.90,41.50,82.82,64.33
81.26,81.26,41.97,84.90,64.43
79.84,79.84,41.86,84.06,60.29
84.18,84.18,42.54,82.65,59.20
83.85,83.85,44.60,83.40,61.47
80.29,80.29,42.60,84.70,65.15
80.54,80.54,42.42,83.57,64.32
81.26,81.26,43.20,82.42,65.45
79.55,79.55,42.01,82.59,63.72
79.06,79.06,42.37,84.15,62.74
79.18,79.18,43.80,83.18,64.54
80.25,80.25,42.44,82.68,62.58
81.73,81.73,51.41,82.75,64.48
81.71,81.71,62.16,73.03,63.33
83.09,83.09,65.32,65.81,60.64
81.44,81.44,82.27,79.97,60.72
77.03,77.03,83.85,81.30,61.05
79.07,79.07,82.61,81.74,62.72
76.49,76.49,85.90,78.43,65.84
76.85,76.85,85.38,71.84,69.28
79.10,79.10,86.25,71.81,70.09
80.86,80.86,84.23,80.29,69.80
80.79,80.79,80.67,79.68,70.91
80.65,80.65,75.20,77.42,70.82
78.54,78.54,73.73,82.38,69.81
78.11,78.11,74.88,82.24,73.24
79.56,79.56,75.98,82.52,73.31
79.68,79.68,72.83,79.08,72.78
81.46,81.46,71.65,81.13,72.11
83.90,83.90,58.48,83.10,73.38
84.03,84.03,63.06,81.25,73.54
84.59,84.59,58.63,82.10,75.72
84.75,84.75,61.40,82.72,76.69
84.04,84.04,62.12,82.31,74.55
84.70,84.70,59.34,80.62,71.62
83.65,83.65,59.83,82.08,72.31
83.00,83.00,64.66,82.72,72.11
80.32,80.32,62.38,83.61,73.25
81.08,81.08,67.25,81.46,74.37
81.10,81.10,61.18,81.29,73.18
79.99,79.99,64.01,83.59,72.24
79.15,79.15,55.51,83.70,72.80
80.26,80.26,52.24,83.10,71.07
79.00,79.00,58.21,81.99,70.50
77.83,77.83,65.56,81.94,71.00
83.04,83.04,62.05,80.57,72.05
82.98,82.98,58.32,80.86,70.57
81.14,81.14,54.45,81.19,71.70
81.24,81.24,54.60,81.00,71.54
82.01,82.01,51.33,81.20,70.92
83.15,83.15,61.34,81.05,71.08
78.69,78.69,73.71,81.26,70.20
76.78,76.78,83.29,79.80,65.31
78.33,78.33,84.29,77.84,61.82
76.66,76.66,74.06,76.03,65.29
75.29,75.29,68.99,83.28,65.36
73.11,73.11,65.48,80.42,66.03
77.36,77.36,65.74,82.78,64.35
76.95,76.95,63.74,81.59,64.26
75.03,75.03,61.14,82.80,67.95
73.59,73.59,60.87,83.23,66.86
72.48,72.48,59.76,82.01,65.95
76.01,76.01,55.84,83.41,65.85
72.69,72.69,61.32,82.21,65.90
76.73,76.73,59.32,83.29,66.35
78.99,78.99,59.90,80.67,64.30
76.90,76.90,55.09,82.43,65.96
76.99,76.99,57.25,82.78,67.90
76.30,76.30,55.06,83.04,63.08
75.17,75.17,56.87,81.82,64.07
72.80,72.80,49.73,81.54,64.34
74.27,74.27,46.42,83.81,62.17
72.37,72.37,46.78,81.30,62.95
70.60,70.60,44.94,83.59,64.63
72.40,72.40,52.17,79.03,65.50
69.27,69.27,55.80,83.72,64.80
69.01,69.01,66.62,82.97,63.12
71.49,71.49,80.98,83.14,60.95
62.48,62.48,84.43,82.47,59.61
70.31,70.31,82.01,83.85,63.89
68.02,68.02,84.26,85.89,64.51
69.07,69.07,88.17,83.61,66.74
71.93,71.93,87.40,84.93,67.41
71.11,71.11,84.43,80.45,65.43
66.64,66.64,83.72,82.94,66.05
64.59,64.59,74.48,80.89,66.17
65.07,65.07,69.42,81.65,65.12
62.78,62.78,73.30,80.62,64.43
66.35,66.35,77.60,81.82,70.05
68.69,68.69,78.16,83.03,72.40
64.86,64.86,86.83,83.54,67.98
68.50,68.50,82.29,80.99,72.62
70.74,70.74,88.01,76.65,73.40
63.05,63.05,88.81,75.25,69.50
64.61,64.61,87.05,78.06,69.35
61.46,61.46,87.38,81.29,65.98
63.93,63.93,82.77,84.75,66.84
65.63,65.63,81.07,83.92,70.15
64.79,64.79,74.16,81.78,69.48
67.07,67.07,75.74,81.94,68.30
63.81,63.81,76.77,82.16,71.34
56.89,56.89,80.12,79.81,71.24
62.41,62.41,70.18,81.72,72.45
60.13,60.13,68.37,83.60,71.86
60.54,60.54,63.07,85.24,73.78
61.86,61.86,58.74,84.65,73.69
64.42,64.42,61.34,82.56,76.25
62.65,62.65,69.14,83.84,74.01
59.64,59.64,64.77,85.37,73.82
61.32,61.32,69.59,83.44,75.71
57.94,57.94,72.31,82.43,75.54
60.64,60.64,66.51,83.21,74.36
61.33,61.33,70.04,84.50,73.26
61.93,61.93,68.30,83.91,72.49
60.41,60.41,57.01,83.37,72.01
58.91,58.91,59.05,84.21,74.75
57.15,57.15,63.10,84.68,72.62
60.10,60.10,66.23,82.60,73.48
59.21,59.21,65.59,82.84,72.80
57.97,57.97,64.05,83.93,69.61
54.44,54.44,58.32,84.47,67.27
50.70,50.70,58.43,84.21,63.98
54.90,54.90,56.81,83.54,66.80
53.76,53.76,63.01,84.64,66.38
52.49,52.49,67.74,84.59,61.86
50.56,50.56,66.66,83.42,61.87
51.48,51.48,68.56,82.63,64.99
47.78,47.78,66.33,84.15,66.54
47.81,47.81,69.76,84.52,66.01
47.06,47.06,68.12,83.20,66.78
49.80,49.80,67.90,82.77,67.74
47.15,47.15,68.87,85.08,68.05
45.69,45.69,61.26,84.98,69.90
41.23,41.23,57.27,83.87,71.57
44.63,44.63,58.57,83.92,73.10
44.46,44.46,63.14,84.90,74.02
44.45,44.45,67.34,85.01,73.40
44.67,44.67,67.23,84.30,73.61
44.02,44.02,70.12,82.80,71.82
43.72,43.72,69.61,85.16,69.90
41.47,41.47,71.68,84.70,69.89
44.90,44.90,67.73,83.91,70.50
46.10,46.10,67.17,83.63,69.74
46.57,46.57,57.77,84.85,72.19
44.18,44.18,50.57,84.89,72.59
40.51,40.51,43.37,83.81,73.98
40.95,40.95,57.54,83.35,75.44
42.35,42.35,56.86,84.51,76.38
42.33,42.33,60.91,83.91,75.47
41.54,41.54,60.68,83.53,75.64
41.08,41.08,58.79,83.13,74.74
42.32,42.32,56.43,85.26,75.72
39.90,39.90,56.91,84.50,72.94
41.34,41.34,54.29,82.94,73.14
41.28,41.28,56.88,83.12,74.75
42.68,42.68,54.97,84.59,71.78
42.56,42.56,58.61,84.22,74.95
41.44,41.44,55.08,83.41,74.72
41.00,41.00,56.59,82.24,70.93
42.52,42.52,51.81,85.34,71.81
44.92,44.92,52.55,84.06,70.67
47.73,47.73,54.77,82.24,69.51
46.99,46.99,67.60,83.83,68.73
35.53,35.53,73.34,85.13,59.98
31.60,31.60,85.63,82.53,60.69
42.35,42.35,83.29,80.78,59.74
63.02,63.02,77.92,81.52,64.05
71.83,71.83,74.59,83.76,67.20
73.78,73.78,70.62,83.10,68.76
73.78,73.78,68.92,82.00,71.84
75.24,75.24,64.01,83.20,68.19
76.05,76.05,64.64,84.70,70.12
75.19,75.19,63.51,83.45,68.48
76.14,76.14,62.41,83.17,65.34
78.39,78.39,63.88,83.20,67.39
77.48,77.48,68.90,84.58,64.11
74.41,74.41,76.27,78.68,63.87
70.92,70.92,85.44,78.78,62.53
70.33,70.33,78.11,82.37,65.58
71.01,71.01,83.85,84.89,64.38
71.84,71.84,89.03,82.81,66.69
71.13,71.13,85.98,82.79,65.92
70.35,70.35,87.01,82.78,66.46
71.27,71.27,83.31,82.07,67.19
69.87,69.87,81.42,81.75,65.31
71.37,71.37,69.61,79.96,63.76
73.89,73.89,68.24,82.85,62.54
76.10,76.10,76.05,84.21,65.66
76.95,76.95,80.79,83.54,67.05
78.89,78.89,71.12,83.65,67.82
79.03,79.03,66.43,83.20,67.85
80.77,80.77,61.57,84.32,69.37
79.24,79.24,62.56,83.64,69.79
76.92,76.92,60.39,83.19,69.54
76.43,76.43,57.27,84.48,69.13
77.53,77.53,63.28,84.07,68.96
75.33,75.33,66.64,83.03,69.58
76.15,76.15,68.14,83.56,67.82
75.62,75.62,67.59,84.04,68.08
74.79,74.79,71.30,85.20,66.42
73.56,73.56,72.33,83.52,67.04
77.34,77.34,65.83,82.32,67.79
76.96,76.96,66.24,84.19,71.74
78.65,78.65,57.43,84.53,73.53
78.98,78.98,59.93,82.97,73.07
74.65,74.65,66.93,83.20,73.70
73.62,73.62,66.59,84.06,71.59
71.64,71.64,64.52,84.69,69.83
72.00,72.00,59.08,84.20,70.11
71.15,71.15,54.00,83.43,72.87
72.51,72.51,53.74,82.01,70.11
74.16,74.16,60.04,67.07,69.84
71.04,71.04,59.53,63.75,71.62
68.70,68.70,72.19,73.33,67.76
74.42,74.42,83.67,83.72,69.37
80.63,80.63,82.99,82.30,68.42
80.33,80.33,85.90,81.23,68.95
83.38,83.38,84.68,76.95,71.32
84.17,84.17,87.76,75.19,72.08
84.10,84.10,84.97,76.31,72.56
83.11,83.11,82.20,79.69,72.03
85.41,85.41,77.66,78.65,70.65
83.51,83.51,76.35,79.88,69.61
84.24,84.24,72.89,83.03,69.10
84.78,84.78,74.12,82.92,69.76
85.80,85.80,75.78,80.07,69.34
82.18,82.18,72.16,79.31,66.87
85.79,85.79,69.37,82.37,67.68
85.44,85.44,66.72,80.19,66.52
84.68,84.68,64.91,81.93,64.42
84.44,84.44,57.30,82.54,65.48
86.01,86.01,59.35,82.35,66.88
81.78,81.78,61.03,81.92,65.03
84.15,84.15,60.46,80.17,65.96
80.23,80.23,64.25,82.62,64.50
79.53,79.53,64.96,84.54,64.07
79.57,79.57,68.11,82.96,65.27
76.20,76.20,67.62,80.60,65.60
80.21,80.21,69.90,82.05,65.59
86.39,86.39,59.68,82.06,64.79
81.03,81.03,58.18,81.86,64.72
80.70,80.70,54.95,81.66,63.24
83.78,83.78,60.47,82.28,65.95
81.06,81.06,62.57,81.36,67.27
79.73,79.73,60.56,79.95,65.39
76.52,76.52,58.48,82.55,65.18
75.23,75.23,60.11,82.17,65.00
77.55,77.55,58.37,82.64,63.66
79.00,79.00,59.43,81.88,64.68
77.07,77.07,66.41,82.00,66.65
74.10,74.10,73.87,82.33,64.90
79.79,79.79,84.69,78.98,67.63
78.54,78.54,79.62,78.87,70.63
82.74,82.74,72.47,79.27,73.91
82.71,82.71,68.57,83.70,76.85
83.20,83.20,65.36,80.80,76.55
78.62,78.62,64.37,83.89,76.04
80.34,80.34,62.97,80.46,73.96
81.08,81.08,61.46,82.64,72.22
81.98,81.98,58.11,82.74,67.74
85.45,85.45,56.98,82.77,68.70
86.64,86.64,54.87,82.13,67.96
86.21,86.21,55.84,82.19,68.73
85.83,85.83,61.69,83.49,67.75
85.07,85.07,59.90,82.28,65.18
83.90,83.90,62.84,83.90,67.28
83.58,83.58,58.91,82.45,68.35
80.21,80.21,57.14,82.88,67.62
80.50,80.50,55.50,82.60,67.57
77.79,77.79,45.75,82.15,68.82
74.96,74.96,41.68,82.99,67.99
74.88,74.88,41.38,79.42,67.24
76.72,76.72,44.30,82.95,68.06
76.79,76.79,53.66,79.52,69.52
76.90,76.90,64.88,83.32,66.22
78.16,78.16,69.00,80.62,65.15
73.67,73.67,85.23,81.32,62.59
80.31,80.31,84.02,81.36,67.83
79.46,79.46,83.76,84.50,67.85
79.17,79.17,82.79,85.43,71.55
71.88,71.88,87.76,84.28,68.92
74.75,74.75,84.96,84.39,70.46
77.30,77.30,84.55,82.45,66.99
77.37,77.37,77.21,84.68,68.28
78.36,78.36,74.54,81.41,70.49
77.36,77.36,65.47,83.62,68.45
77.55,77.55,77.01,82.68,68.89
75.59,75.59,77.45,84.46,70.35
69.14,69.14,81.69,83.59,68.54
71.25,71.25,84.14,83.52,68.72
81.77,81.77,84.17,80.12,71.39
80.17,80.17,85.80,79.51,64.61
81.80,81.80,87.49,79.07,63.85
80.10,80.10,87.75,80.53,63.71
79.37,79.37,83.45,80.64,66.69
81.93,81.93,83.33,83.87,72.97
83.08,83.08,73.21,83.57,70.07
81.24,81.24,74.58,82.55,72.19
80.00,80.00,75.51,82.89,70.41
79.53,79.53,79.59,81.85,63.31
77.99,77.99,74.79,82.25,65.99
82.28,82.28,71.91,82.26,64.91
82.31,82.31,67.31,81.85,67.64
85.27,85.27,61.04,83.09,69.64
84.60,84.60,56.58,84.24,68.89
82.16,82.16,63.51,82.78,68.14
80.77,80.77,65.08,81.52,67.59
79.40,79.40,65.90,83.65,67.78
78.93,78.93,67.66,83.77,69.24
79.26,79.26,65.86,81.14,66.10
79.19,79.19,66.96,82.64,66.25
81.13,81.13,69.41,82.83,67.12
80.18,80.18,59.41,83.45,68.02
78.52,78.52,60.71,83.55,66.31
80.48,80.48,61.68,82.60,66.54
78.15,78.15,66.99,84.53,67.90
78.85,78.85,61.48,84.23,67.53
76.52,76.52,64.91,82.79,67.37
77.57,77.57,63.73,82.82,67.60
78.85,78.85,59.15,83.74,67.40
80.37,80.37,57.17,84.22,66.96
80.36,80.36,58.54,82.68,68.86
80.39,80.39,64.67,82.28,66.93
78.39,78.39,65.10,84.48,67.55
77.16,77.16,64.95,83.16,67.57
78.04,78.04,61.59,80.07,67.12
77.58,77.58,67.94,82.36,66.37
78.58,78.58,64.36,83.36,67.65
78.82,78.82,65.49,83.48,68.49
73.57,73.57,67.14,83.35,69.16
70.31,70.31,62.58,82.68,69.74
72.00,72.00,59.60,84.30,69.55
72.73,72.73,54.63,83.87,69.18
72.25,72.25,57.12,82.38,68.48
73.09,73.09,63.59,83.13,69.15
73.50,73.50,63.74,84.60,65.59
74.62,74.62,67.83,84.08,67.52
77.08,77.08,67.91,83.15,66.42
76.51,76.51,70.63,83.13,65.88
75.20,75.20,66.25,85.03,66.26
77.27,77.27,66.64,84.14,66.64
78.20,78.20,59.71,82.96,64.78
78.28,78.28,54.17,83.23,67.68
76.96,76.96,41.81,84.78,67.68
77.46,77.46,53.95,83.27,64.60
77.87,77.87,54.86,82.86,65.61
79.10,79.10,57.13,82.68,65.03
77.30,77.30,59.63,84.96,64.98
76.99,76.99,59.59,84.02,64.80
77.17,77.17,56.15,82.97,66.76
79.39,79.39,55.50,83.51,65.02
79.32,79.32,52.05,84.95,66.96
78.88,78.88,55.32,83.95,67.41
78.68,78.68,53.23,83.20,67.15
77.65,77.65,57.09,83.68,66.77
76.62,76.62,51.43,85.31,66.80
75.13,75.13,53.57,84.40,66.62
73.10,73.10,52.07,83.02,65.04
72.62,72.62,54.74,83.94,64.22
70.40,70.40,52.26,85.39,63.51
74.56,74.56,56.59,84.13,59.98
76.09,76.09,67.99,83.59,54.90
75.13,75.13,77.06,83.56,55.80
74.67,74.67,88.96,77.70,57.97
66.34,66.34,78.47,80.22,57.25
70.87,70.87,74.13,81.68,54.13
75.43,75.43,70.72,82.26,55.62
77.05,77.05,67.93,83.01,59.87
77.14,77.14,65.28,82.46,60.08
73.07,73.07,61.94,81.99,56.69
74.50,74.50,61.94,83.55,61.02
74.91,74.91,58.10,83.79,60.21
76.16,76.16,55.31,82.43,61.36
77.34,77.34,54.39,82.79,60.58
81.74,81.74,55.78,82.95,63.04
81.84,81.84,55.46,84.24,64.83
81.11,81.11,49.55,83.40,65.78
81.64,81.64,50.05,83.26,65.83
83.14,83.14,50.65,84.29,66.45
81.47,81.47,50.97,84.33,65.02
82.91,82.91,48.50,83.90,64.16
78.94,78.94,49.17,82.26,64.24
80.68,80.68,45.65,84.06,65.01
78.87,78.87,44.86,84.36,65.88
77.79,77.79,44.21,83.12,63.14
79.12,79.12,42.46,83.28,63.31
78.81,78.81,47.08,85.08,64.41
72.37,72.37,47.51,84.49,63.98
75.77,75.77,45.43,84.07,64.48
78.62,78.62,39.85,83.03,63.90
79.84,79.84,38.46,84.83,64.89
76.39,76.39,37.92,84.47,65.21
77.64,77.64,42.61,83.56,65.66
78.53,78.53,40.41,83.21,65.02
79.24,79.24,38.43,85.13,65.27
79.13,79.13,40.86,84.66,63.84
79.27,79.27,41.56,83.68,64.11
77.73,77.73,41.28,83.26,63.96
77.47,77.47,41.69,85.02,65.25
77.22,77.22,40.34,84.99,63.54
74.19,74.19,40.14,83.96,61.85
78.34,78.34,40.63,83.12,64.36
79.79,79.79,43.19,85.05,66.59
80.02,80.02,45.40,84.65,63.91
79.73,79.73,44.45,82.83,65.54
79.07,79.07,42.05,83.44,62.92
79.79,79.79,42.54,84.65,65.66
79.54,79.54,40.42,83.11,61.50
78.54,78.54,38.49,82.70,60.15
80.20,80.20,46.69,82.21,62.87
79.65,79.65,61.21,85.00,60.42
78.56,78.56,67.94,85.14,57.28
76.57,76.57,74.80,85.00,57.82
78.14,78.14,80.82,79.03,61.29
80.62,80.62,85.46,72.71,62.89
78.93,78.93,85.84,77.91,65.01
81.54,81.54,88.19,80.11,63.43
80.47,80.47,85.26,82.55,63.86
78.00,78.00,84.10,83.45,65.28
78.30,78.30,85.71,83.38,64.12
80.26,80.26,77.73,83.53,61.99
80.34,80.34,69.15,84.14,64.08
81.43,81.43,73.83,84.02,64.54
82.97,82.97,77.99,82.79,65.83
81.89,81.89,77.07,84.44,66.09
82.17,82.17,72.81,85.60,65.91
82.40,82.40,67.04,84.79,65.71
83.40,83.40,63.75,83.40,63.72
85.88,85.88,58.11,84.30,64.92
85.25,85.25,60.09,83.80,61.97
83.99,83.99,60.25,83.98,64.10
83.35,83.35,64.81,83.03,65.97
82.59,82.59,65.86,84.20,64.57
81.92,81.92,66.69,85.05,64.66
80.47,80.47,71.69,84.50,64.57
83.19,83.19,70.65,84.80,67.86
86.36,86.36,68.22,85.67,66.41
83.45,83.45,67.24,84.30,66.16
75.26,75.26,61.99,82.72,65.68
75.74,75.74,61.81,83.63,64.21
75.96,75.96,62.43,85.15,66.67
77.76,77.76,67.53,84.13,70.45
77.53,77.53,69.92,83.67,70.11
76.06,76.06,63.51,84.83,70.39
75.80,75.80,62.17,84.89,68.51
74.52,74.52,57.72,84.68,68.12
75.56,75.56,65.13,84.64,68.25
76.02,76.02,60.86,86.09,67.50
76.77,76.77,67.13,86.24,64.92
78.79,78.79,77.16,83.07,64.17
83.12,83.12,85.02,80.56,68.40
77.66,77.66,71.78,82.79,64.24
80.59,80.59,70.37,84.22,69.22
79.00,79.00,62.07,82.56,72.72
79.56,79.56,64.30,82.01,73.57
80.33,80.33,60.43,84.54,73.13
82.93,82.93,58.67,84.11,68.58
82.63,82.63,57.74,83.76,65.13
82.21,82.21,54.76,86.02,64.00
81.33,81.33,59.93,86.04,66.32
84.90,84.90,57.67,85.34,66.30
83.21,83.21,65.91,83.90,66.90
82.33,82.33,63.42,84.15,66.30
84.35,84.35,63.15,83.33,67.84
84.08,84.08,57.73,80.58,67.49
84.65,84.65,50.61,80.68,65.19
86.26,86.26,53.58,81.16,65.39
87.25,87.25,49.67,83.14,64.62
81.40,81.40,47.79,84.12,66.39
85.34,85.34,52.53,84.72,68.63
85.07,85.07,59.58,85.25,68.57
84.96,84.96,49.98,84.90,69.06
82.15,82.15,59.08,83.33,66.81
82.72,82.72,68.21,84.31,64.71
79.78,79.78,75.07,84.74,65.41
77.49,77.49,83.15,84.67,63.20
73.95,73.95,80.80,84.12,65.39
72.40,72.40,82.76,84.63,66.70
77.21,77.21,88.47,82.06,67.22
73.02,73.02,85.89,81.10,67.30
75.40,75.40,84.76,81.57,69.07
74.47,74.47,83.38,82.45,64.18
73.08,73.08,78.49,83.32,68.28
72.09,72.09,67.66,81.58,67.13
72.87,72.87,70.71,83.14,66.53
74.07,74.07,76.70,84.39,64.45
72.27,72.27,77.33,81.86,60.42
74.66,74.66,82.88,82.15,61.45
74.55,74.55,82.62,82.14,62.58
75.86,75.86,85.85,82.48,64.79
73.91,73.91,82.72,82.97,65.30
72.64,72.64,89.11,80.97,63.15
74.60,74.60,84.45,78.24,61.80
77.76,77.76,83.37,75.12,66.04
77.42,77.42,77.45,79.34,64.10
77.55,77.55,74.66,82.63,64.30
75.86,75.86,75.00,83.92,63.67
73.60,73.60,75.78,81.50,66.52
71.30,71.30,73.51,78.24,64.65
69.49,69.49,73.11,83.65,66.73
71.09,71.09,65.00,84.41,63.07
71.30,71.30,60.89,83.84,69.50
70.29,70.29,59.00,83.16,66.02
70.65,70.65,61.64,83.04,67.92
70.66,70.66,65.33,82.12,68.40
74.15,74.15,60.90,82.73,70.42
76.14,76.14,67.10,84.25,68.01
77.45,77.45,61.86,84.47,72.36
77.50,77.50,64.91,83.14,73.29
78.32,78.32,60.53,80.62,71.47
77.00,77.00,62.86,82.62,74.81
76.72,76.72,60.70,83.67,73.28
75.49,75.49,45.41,83.33,72.32
74.14,74.14,57.14,83.04,70.91
71.87,71.87,60.35,81.12,72.79
68.05,68.05,64.10,82.87,70.52
67.52,67.52,62.79,83.76,68.32
69.99,69.99,58.90,84.61,68.18
71.65,71.65,51.71,85.45,70.71
71.30,71.30,60.12,84.56,68.83
68.66,68.66,61.06,83.34,69.66
63.82,63.82,65.30,84.67,69.39
65.13,65.13,63.57,85.23,69.76
65.05,65.05,67.67,83.82,71.11
64.48,64.48,66.05,82.96,72.76
63.62,63.62,62.79,82.87,69.33
63.88,63.88,63.71,83.60,71.33
65.95,65.95,63.65,84.54,70.92
66.39,66.39,59.23,83.90,68.32
63.31,63.31,60.69,81.44,65.53
59.87,59.87,55.59,83.69,69.92
60.09,60.09,55.69,83.31,68.54
62.51,62.51,60.32,84.01,67.15
66.87,66.87,58.08,84.57,67.67
65.44,65.44,64.26,83.59,69.14
64.71,64.71,62.02,84.35,70.00
64.06,64.06,64.80,82.36,68.00
64.56,64.56,61.63,77.81,67.19
64.05,64.05,64.07,84.16,66.64
65.06,65.06,58.53,84.16,64.74
64.74,64.74,58.48,82.23,63.65
61.25,61.25,54.14,83.67,64.44
57.77,57.77,47.68,83.53,64.68
61.22,61.22,53.12,82.76,63.77
62.90,62.90,48.58,83.20,64.38
59.97,59.97,53.82,82.53,63.71
56.88,56.88,54.30,85.09,61.22
54.01,54.01,54.69,82.74,61.36
53.66,53.66,51.06,81.78,64.58
51.71,51.71,53.83,84.34,62.77
51.33,51.33,53.30,84.83,61.03
54.41,54.41,54.62,84.17,63.99
59.02,59.02,55.89,84.14,65.77
60.11,60.11,52.51,83.18,67.41
59.71,59.71,54.67,82.65,67.00
56.34,56.34,49.57,84.14,65.33
52.78,52.78,53.19,83.99,64.15
49.30,49.30,52.06,84.84,60.43
48.40,48.40,51.88,83.29,61.72
43.45,43.45,58.18,83.22,60.87
35.38,35.38,64.67,84.11,59.26
32.54,32.54,80.51,83.15,57.47
22.24,22.24,85.87,81.91,57.67
19.89,19.89,78.52,83.46,56.32
27.60,27.60,75.62,82.24,61.63
35.27,35.27,71.64,80.24,64.43
39.26,39.26,70.77,82.32,67.67
41.86,41.86,66.87,83.27,65.54
43.58,43.58,65.71,83.77,64.83
47.75,47.75,64.61,83.22,62.85
49.24,49.24,63.43,81.99,66.78
50.63,50.63,64.22,83.41,65.94
43.86,43.86,67.76,84.68,68.13
39.22,39.22,74.77,82.63,69.00
43.63,43.63,86.54,82.30,70.79
47.10,47.10,82.98,82.03,70.50
45.90,45.90,86.89,82.11,71.51
48.07,48.07,84.97,77.57,73.62
48.84,48.84,86.05,73.88,70.48
47.09,47.09,86.63,79.27,70.07
53.11,53.11,84.17,82.47,72.30
51.71,51.71,80.56,79.87,71.80
55.69,55.69,78.10,81.46,71.34
60.20,60.20,72.09,84.80,75.01
70.97,70.97,76.91,84.62,74.15
75.07,75.07,76.35,82.15,68.90
76.61,76.61,76.87,83.34,63.75
75.77,75.77,67.62,84.82,61.97
79.34,79.34,63.27,83.10,62.42
79.89,79.89,60.77,83.78,64.39
82.09,82.09,59.04,83.77,64.31
83.57,83.57,55.06,82.75,66.43
83.51,83.51,59.84,81.14,65.60
84.42,84.42,60.14,79.26,66.89
83.43,83.43,61.69,82.37,67.50
82.79,82.79,58.41,83.63,67.80
83.45,83.45,60.84,82.47,68.68
83.24,83.24,62.99,80.46,68.61
82.87,82.87,64.02,81.44,67.44
82.56,82.56,59.97,82.36,69.74
82.70,82.70,55.85,82.29,68.68
82.63,82.63,48.67,82.96,67.54
81.90,81.90,56.57,82.90,65.41
81.63,81.63,60.75,74.45,63.27
81.92,81.92,59.28,68.07,64.88
80.20,80.20,51.70,63.49,68.43
82.87,82.87,51.91,64.90,70.52
79.40,79.40,55.44,64.26,68.54
78.60,78.60,58.17,60.99,67.31
76.98,76.98,61.08,61.60,63.05
74.15,74.15,66.16,62.69,60.59
80.97,80.97,83.10,79.99,63.39
78.55,78.55,81.95,83.59,65.11
80.47,80.47,86.12,81.91,64.15
81.51,81.51,86.35,80.70,69.42
81.37,81.37,87.84,81.81,66.69
78.73,78.73,85.15,82.50,70.88
80.85,80.85,86.12,82.24,69.27
81.04,81.04,79.40,83.03,70.75
79.21,79.21,77.49,82.38,71.48
83.72,83.72,67.14,80.47,70.55
82.39,82.39,77.59,83.09,71.17
82.48,82.48,79.44,81.67,68.78
82.55,82.55,74.44,82.36,73.01
83.04,83.04,74.52,83.74,68.46
82.84,82.84,71.89,84.56,68.42
81.11,81.11,66.19,83.96,72.14
81.75,81.75,65.87,83.28,70.36
81.51,81.51,54.54,83.53,70.33
81.27,81.27,61.67,84.48,71.69
80.53,80.53,66.47,84.04,69.25
80.72,80.72,66.61,83.17,73.30
79.89,79.89,71.98,83.74,73.64
79.75,79.75,70.09,83.37,72.23
82.04,82.04,72.51,82.32,72.37
81.21,81.21,68.78,81.74,70.29
81.76,81.76,67.70,84.03,69.14
78.71,78.71,66.40,83.54,72.89
81.09,81.09,55.18,82.78,69.77
77.32,77.32,61.42,82.77,72.35
71.62,71.62,66.80,83.79,71.65
71.83,71.83,66.52,81.56,71.40
72.62,72.62,65.91,80.65,71.93
73.29,73.29,63.32,82.09,72.16
74.56,74.56,62.26,82.99,76.10
74.82,74.82,64.85,81.01,76.42
74.51,74.51,65.06,80.64,71.98
74.02,74.02,71.36,82.67,70.04
80.17,80.17,82.35,80.00,67.95
77.58,77.58,82.43,78.64,68.01
78.49,78.49,71.19,80.14,69.25
87.91,87.91,67.05,82.40,69.57
85.21,85.21,67.69,83.62,70.91
84.71,84.71,64.74,82.30,71.14
83.71,83.71,64.36,82.63,70.70
83.56,83.56,61.24,83.73,67.22
82.31,82.31,61.79,84.08,61.65
81.19,81.19,56.39,83.86,65.07
79.73,79.73,61.27,84.44,65.05
81.02,81.02,63.12,84.50,66.15
82.00,82.00,66.05,84.51,66.29
83.30,83.30,66.34,83.56,65.13
85.08,85.08,65.66,83.56,64.93
85.44,85.44,62.50,82.68,64.78
85.19,85.19,60.77,82.87,68.27
84.18,84.18,56.85,82.32,67.91
84.72,84.72,47.78,82.65,68.43
84.87,84.87,48.15,82.95,67.47
84.56,84.56,56.48,81.01,66.70
84.99,84.99,55.88,81.85,65.33
84.57,84.57,52.14,82.77,65.47
83.82,83.82,60.26,82.84,67.91
80.84,80.84,66.70,82.61,66.41
76.01,76.01,82.99,82.63,66.49
75.80,75.80,80.60,79.54,67.44
80.89,80.89,83.48,77.78,69.19
83.64,83.64,86.32,78.90,70.46
85.29,85.29,86.74,79.40,70.14
85.89,85.89,83.72,81.34,72.72
86.53,86.53,85.38,81.88,71.58
84.45,84.45,80.17,82.43,65.48
80.94,80.94,77.69,83.54,66.44
82.93,82.93,63.22,84.01,64.79
79.76,79.76,76.73,83.55,66.32
78.93,78.93,78.68,84.01,64.20
82.24,82.24,79.20,82.38,68.65
79.15,79.15,83.02,84.53,63.52
79.92,79.92,83.64,82.68,65.18
83.77,83.77,80.71,82.29,64.50
83.94,83.94,87.67,81.22,63.30
82.36,82.36,85.11,82.23,68.01
82.32,82.32,85.40,83.46,66.61
81.22,81.22,83.50,83.44,67.67
83.49,83.49,79.94,84.32,67.62
83.18,83.18,71.21,83.32,67.66
83.43,83.43,73.18,83.99,68.88
83.96,83.96,77.93,84.33,67.48
84.48,84.48,78.04,84.13,63.41
81.95,81.95,68.22,85.05,65.79
85.35,85.35,61.87,84.80,67.75
83.20,83.20,61.09,84.00,63.62
79.53,79.53,58.52,84.19,67.51
79.33,79.33,65.23,83.26,70.86
84.91,84.91,68.55,83.31,69.54
85.30,85.30,65.52,84.89,71.10
82.69,82.69,68.64,84.74,69.55
79.94,79.94,70.83,85.07,71.49
75.76,75.76,66.90,85.96,68.71
78.16,78.16,71.03,85.54,69.23
80.14,80.14,68.17,86.79,71.57
77.91,77.91,58.12,86.65,66.95
76.52,76.52,56.35,86.16,71.24
76.03,76.03,64.60,86.62,72.44
76.67,76.67,58.76,85.96,72.25
74.89,74.89,61.58,85.73,72.14
72.30,72.30,64.83,86.54,72.26
71.90,71.90,56.92,86.25,70.40
72.83,72.83,57.47,86.60,71.16
70.07,70.07,62.28,87.06,65.86
70.43,70.43,62.89,86.19,70.35
72.02,72.02,66.65,86.78,69.57
70.70,70.70,69.89,86.85,71.59
68.13,68.13,67.55,86.20,68.72
69.69,69.69,68.55,86.69,67.95
63.63,63.63,65.98,85.93,65.78
71.49,71.49,70.89,84.28,64.64
69.01,69.01,65.82,85.13,65.70
66.76,66.76,67.68,84.15,67.70
66.18,66.18,59.53,84.37,67.71
66.97,66.97,60.76,85.35,68.22
68.13,68.13,59.27,85.11,66.86
64.07,64.07,61.50,86.24,69.52
64.18,64.18,69.23,86.46,70.82
64.24,64.24,65.21,85.04,69.94
64.42,64.42,72.42,84.83,71.28
61.35,61.35,68.31,84.00,70.69
55.56,55.56,71.77,82.61,67.40
55.79,55.79,66.52,84.45,69.66
53.96,53.96,66.59,83.46,69.44
57.87,57.87,57.17,83.68,69.14
59.90,59.90,53.21,84.46,67.80
59.37,59.37,55.01,83.26,67.80
57.55,57.55,57.08,83.56,69.81
59.25,59.25,63.18,85.05,70.09
58.86,58.86,60.05,84.39,71.66
53.66,53.66,63.39,85.58,71.39
55.49,55.49,61.75,85.83,70.58
58.76,58.76,60.11,84.33,71.00
55.59,55.59,58.84,85.11,71.57
52.55,52.55,59.14,84.05,69.77
49.20,49.20,59.62,82.35,71.58
54.99,54.99,56.58,83.87,70.29
53.92,53.92,60.97,84.01,68.87
53.18,53.18,55.81,85.10,68.16
50.89,50.89,59.37,86.56,69.56
51.32,51.32,56.46,86.01,69.95
52.38,52.38,56.36,86.32,70.33
47.99,47.99,62.10,86.40,68.15
42.21,42.21,68.10,85.02,66.58
34.71,34.71,74.89,85.44,61.35
34.03,34.03,88.09,80.25,57.32
28.09,28.09,82.42,79.98,58.03
34.80,34.80,76.34,84.43,61.35
44.36,44.36,74.60,84.77,61.02
39.73,39.73,69.16,84.12,62.66
43.89,43.89,65.64,85.33,66.13
50.72,50.72,64.52,84.99,69.51
55.10,55.10,64.32,85.31,66.35
52.75,52.75,62.21,85.91,72.07
51.40,51.40,65.72,84.45,72.16
52.75,52.75,63.38,85.32,73.42
46.90,46.90,71.24,84.82,73.46
41.14,41.14,81.02,83.15,72.21
38.37,38.37,79.71,81.75,69.45
41.35,41.35,85.07,82.14,66.65
43.81,43.81,83.07,83.11,63.88
50.41,50.41,90.31,85.23,66.25
45.61,45.61,86.53,83.70,62.22
44.62,44.62,84.55,83.24,69.34
49.39,49.39,86.82,84.19,66.65
47.21,47.21,79.11,84.68,71.44
44.97,44.97,71.14,85.64,67.34
44.95,44.95,69.14,85.74,69.20
45.96,45.96,79.66,84.85,65.65
50.80,50.80,79.82,85.79,69.15
49.49,49.49,75.29,85.78,69.78
47.88,47.88,65.51,84.33,70.31
45.75,45.75,64.91,85.51,67.99
47.68,47.68,63.99,84.68,66.72
50.98,50.98,65.92,84.86,69.48
52.33,52.33,60.88,86.16,70.05
49.59,49.59,64.42,85.86,67.35
52.67,52.67,66.04,86.84,67.21
48.41,48.41,70.35,87.79,66.85
49.00,49.00,71.65,86.96,66.72
50.93,50.93,72.36,87.79,66.52
50.54,50.54,70.79,87.45,68.38
49.74,49.74,68.51,86.67,67.56
48.64,48.64,66.95,87.30,67.23
48.76,48.76,59.77,87.01,70.18
46.23,46.23,63.68,86.54,71.34
44.87,44.87,66.18,86.81,72.28
44.69,44.69,73.43,73.43,73.70
46.26,46.26,62.54,56.26,74.55
47.50,47.50,65.23,48.61,73.07
44.37,44.37,58.30,45.99,72.03
42.45,42.45,60.74,54.08,70.64
40.72,40.72,61.67,53.34,71.11
39.31,39.31,62.94,62.02,70.23
42.92,42.92,77.81,74.85,68.58
49.95,49.95,86.29,84.11,66.15
60.94,60.94,79.11,85.57,66.81
70.00,70.00,85.85,84.98,67.45
73.43,73.43,86.31,79.47,74.04
75.02,75.02,85.27,75.44,71.45
75.03,75.03,88.64,79.77,70.54
75.60,75.60,82.47,83.04,72.22
75.74,75.74,79.67,81.75,74.30
74.04,74.04,77.14,82.20,73.90
77.73,77.73,75.28,85.65,73.77
75.43,75.43,74.74,85.10,73.32
77.12,77.12,78.37,82.09,71.45
76.81,76.81,74.63,84.57,70.95
75.18,75.18,64.99,86.96,71.09
79.39,79.39,63.26,85.67,72.85
78.49,78.49,63.60,84.55,73.37
79.69,79.69,57.86,84.90,74.24
78.83,78.83,59.52,84.62,74.15
78.97,78.97,57.54,85.57,75.33
77.46,77.46,62.88,83.94,72.96
77.73,77.73,56.43,84.40,71.82
79.86,79.86,60.11,85.08,69.67
80.60,80.60,57.43,83.64,69.96
81.04,81.04,63.16,82.16,70.58
79.73,79.73,57.76,85.60,70.37
80.86,80.86,56.73,85.81,69.73
79.24,79.24,55.68,84.04,67.69
76.69,76.69,52.56,84.24,65.74
75.07,75.07,60.54,84.23,65.30
73.11,73.11,63.36,84.99,65.36
73.34,73.34,56.04,85.01,61.20
67.98,67.98,59.73,85.84,62.62
69.17,69.17,54.34,85.11,66.02
72.83,72.83,53.40,84.69,59.91
73.15,73.15,51.34,85.47,62.69
71.90,71.90,46.34,85.72,67.06
68.84,68.84,47.00,85.84,64.84
69.90,69.90,51.66,86.65,67.78
72.98,72.98,49.64,83.59,67.24
79.25,79.25,51.55,87.13,68.78
80.94,80.94,55.74,83.40,70.40
81.08,81.08,54.08,85.29,67.74
80.37,80.37,50.19,85.00,70.57
80.35,80.35,53.67,84.53,67.28
80.37,80.37,56.29,85.28,70.19
82.35,82.35,54.55,83.68,68.37
83.75,83.75,55.76,85.64,66.64
82.97,82.97,54.67,83.19,66.36
81.29,81.29,58.04,85.70,66.28
80.82,80.82,58.24,82.98,68.43
79.39,79.39,57.04,86.87,71.16
78.88,78.88,55.66,83.46,73.90
77.53,77.53,56.41,86.28,74.90
75.24,75.24,46.51,85.28,72.17
77.37,77.37,45.83,85.37,75.52
76.95,76.95,39.23,86.81,73.89
75.41,75.41,39.69,84.77,75.64
77.25,77.25,38.69,87.29,77.77
77.56,77.56,45.09,84.68,77.40
75.00,75.00,50.80,86.29,76.00
77.35,77.35,57.35,84.31,72.60
77.77,77.77,68.20,84.13,72.90
76.88,76.88,83.93,82.05,73.20
73.15,73.15,77.27,82.77,71.58
73.77,73.77,84.30,86.47,72.32
73.69,73.69,83.64,85.30,72.98
71.79,71.79,83.52,86.99,69.98
73.33,73.33,86.02,83.98,72.39
75.89,75.89,82.23,86.44,72.76
75.21,75.21,79.97,84.11,72.27
75.09,75.09,72.34,86.00,71.87
75.67,75.67,66.50,85.41,71.11
75.54,75.54,75.16,85.68,72.83
71.74,71.74,79.63,86.71,73.00
71.31,71.31,84.50,85.07,73.21
77.32,77.32,83.66,84.52,69.86
78.99,78.99,78.85,84.39,72.18
78.90,78.90,88.02,83.26,71.04
76.43,76.43,87.03,82.79,71.26
72.50,72.50,86.86,85.03,69.11
73.08,73.08,85.03,86.21,73.22
74.63,74.63,81.90,84.75,70.69
72.30,72.30,73.94,85.21,68.39
69.89,69.89,70.34,86.36,69.80
68.11,68.11,76.09,86.52,67.83
70.32,70.32,79.54,85.63,68.94
73.34,73.34,71.35,85.41,69.38
74.40,74.40,70.67,87.22,67.22
73.21,73.21,63.48,87.06,68.98
73.73,73.73,62.03,86.32,69.05
75.85,75.85,55.82,86.13,65.61
74.48,74.48,63.10,87.10,68.41
72.50,72.50,66.65,85.75,67.53
70.11,70.11,64.83,84.96,63.20
70.61,70.61,68.55,85.14,66.41
71.09,71.09,68.39,86.44,62.64
74.24,74.24,68.41,85.79,64.16
74.81,74.81,70.73,85.11,63.06
73.48,73.48,62.61,84.50,60.58
71.38,71.38,58.32,86.40,62.67
69.45,69.45,58.38,85.79,65.39
66.20,66.20,60.77,85.87,64.40
65.65,65.65,59.80,86.20,67.36
64.63,64.63,65.43,87.69,67.33
62.80,62.80,64.67,86.77,64.73
62.65,62.65,58.11,85.46,67.70
63.48,63.48,51.05,85.07,68.87
63.05,63.05,60.61,86.30,69.24
59.83,59.83,63.44,84.98,70.76
62.17,62.17,67.11,85.30,70.26
60.69,60.69,64.21,86.09,70.83
59.81,59.81,63.86,87.52,69.75
57.97,57.97,65.80,86.31,70.18
57.00,57.00,66.47,85.49,71.78
58.96,58.96,64.60,85.24,70.48
59.57,59.57,67.86,86.51,70.36
59.43,59.43,62.69,85.44,71.16
59.89,59.89,61.16,84.54,73.06
62.74,62.74,56.49,85.13,69.38
63.25,63.25,58.41,86.67,70.03
67.25,67.25,62.11,85.09,71.54
73.91,73.91,65.90,85.54,70.15
76.43,76.43,67.99,86.56,70.83
75.62,75.62,67.48,87.88,71.62
71.87,71.87,70.07,86.64,72.88
73.55,73.55,67.01,86.21,71.12
75.21,75.21,66.59,86.65,73.37
72.12,72.12,61.09,87.92,73.75
73.45,73.45,55.20,86.32,70.28
74.13,74.13,44.32,85.74,72.03
72.62,72.62,52.53,86.19,73.88
74.50,74.50,56.93,87.65,72.37
73.10,73.10,56.86,86.15,72.33
74.28,74.28,60.67,85.23,73.13
71.11,71.11,55.08,86.12,72.12
70.68,70.68,55.86,86.90,71.01
69.28,69.28,51.45,85.59,72.15
71.67,71.67,55.12,85.77,71.37
69.40,69.40,51.81,86.01,69.91
70.24,70.24,53.38,87.38,71.67
68.14,68.14,54.05,86.41,69.85
69.34,69.34,48.82,85.86,71.73
59.17,59.17,50.20,87.08,70.54
59.88,59.88,50.35,87.79,68.48
67.49,67.49,53.73,86.04,71.37
65.57,65.57,54.25,86.00,67.23
59.14,59.14,56.92,87.09,65.58
51.10,51.10,63.63,87.17,64.25
57.39,57.39,69.94,84.65,58.21
62.31,62.31,87.33,78.93,62.13
64.61,64.61,80.92,84.86,65.53
69.29,69.29,74.55,85.53,63.45
70.75,70.75,72.02,84.24,62.81
68.05,68.05,69.36,83.45,65.48
68.86,68.86,65.37,85.43,63.05
70.06,70.06,60.90,85.29,61.66
68.92,68.92,62.47,84.73,62.28
68.24,68.24,62.60,84.77,65.65
71.08,71.08,60.23,86.28,64.69
71.36,71.36,59.46,86.36,64.91
68.05,68.05,61.04,85.62,64.91
70.94,70.94,59.24,85.37,63.37
69.17,69.17,55.35,86.95,63.66
65.84,65.84,55.94,86.23,66.46
59.69,59.69,57.28,85.48,66.84
56.51,56.51,60.59,85.48,66.81
60.72,60.72,58.57,87.06,70.29
64.93,64.93,55.98,86.73,70.54
67.24,67.24,53.33,85.61,66.81
53.80,53.80,51.56,85.68,70.28
51.27,51.27,53.99,87.47,71.57
50.30,50.30,51.07,86.49,69.70
50.22,50.22,52.88,85.92,68.97
50.58,50.58,47.80,85.73,73.21
50.72,50.72,52.30,87.28,72.36
51.47,51.47,53.27,86.59,71.20
53.29,53.29,51.22,85.64,73.92
52.13,52.13,49.92,85.59,73.11
50.92,50.92,50.15,87.41,70.71
49.35,49.35,49.41,86.43,73.48
46.92,46.92,46.61,85.56,73.59
44.26,44.26,43.19,85.82,72.32
41.47,41.47,46.99,87.40,71.89
38.97,38.97,40.29,86.34,74.26
48.20,48.20,39.11,85.72,72.02
55.83,55.83,36.43,85.72,71.97
64.32,64.32,34.70,87.40,71.41
78.82,78.82,37.73,86.62,71.62
78.68,78.68,37.28,85.01,70.14
79.92,79.92,38.50,85.22,69.69
79.58,79.58,37.48,86.99,70.79
79.99,79.99,38.80,85.58,70.89
82.06,82.06,39.03,85.37,68.02
81.86,81.86,40.10,85.41,69.54
82.42,82.42,41.46,86.68,68.51
82.15,82.15,45.61,85.71,66.91
82.25,82.25,58.31,85.05,66.38
82.41,82.41,66.80,85.70,62.90
83.38,83.38,77.94,87.54,63.02
81.58,81.58,83.89,82.93,59.83
79.45,79.45,80.53,84.58,62.90
78.38,78.38,82.10,80.69,63.52
77.27,77.27,85.15,83.82,65.16
78.66,78.66,85.31,83.42,68.92
78.56,78.56,83.26,79.59,65.20
78.67,78.67,83.32,83.79,64.53
80.20,80.20,71.58,83.74,68.66
80.51,80.51,73.32,81.49,68.47
81.00,81.00,74.65,82.14,70.22
80.89,80.89,77.16,85.29,71.21
80.26,80.26,75.15,84.67,70.22
80.08,80.08,71.42,83.87,69.74
81.61,81.61,62.78,84.74,65.90
79.35,79.35,58.74,84.44,67.44
77.86,77.86,56.28,84.43,64.75
79.00,79.00,57.63,83.59,65.79
80.15,80.15,60.42,84.61,67.86
80.25,80.25,57.46,85.96,66.01
80.41,80.41,58.94,85.41,62.55
81.03,81.03,59.32,82.05,65.77
80.46,80.46,58.09,83.81,68.04
81.35,81.35,60.16,85.64,66.96
79.79,79.79,55.48,85.23,62.23
80.71,80.71,57.49,84.32,61.91
80.31,80.31,54.06,85.07,64.62
79.18,79.18,57.83,84.52,64.27
77.87,77.87,55.69,82.68,64.67
77.98,77.98,60.78,85.44,64.50
78.60,78.60,60.98,86.83,66.38
75.52,75.52,58.58,85.72,68.78
72.97,72.97,53.62,84.19,69.90
77.79,77.79,57.36,85.28,68.85
77.66,77.66,47.59,84.15,69.11
77.71,77.71,47.37,86.31,69.64
78.26,78.26,48.84,87.06,66.57
78.45,78.45,48.22,84.83,65.48
73.00,73.00,46.93,85.11,67.55
75.86,75.86,44.97,85.07,67.77
80.36,80.36,48.27,85.35,69.76
80.87,80.87,48.00,84.96,68.93
78.56,78.56,46.92,85.83,71.37
77.15,77.15,47.31,84.23,71.11
77.43,77.43,47.38,85.95,73.17
77.72,77.72,41.04,83.56,69.90
76.93,76.93,47.06,85.88,70.59
77.39,77.39,50.47,84.12,72.45
77.90,77.90,51.46,85.36,73.04
79.02,79.02,56.60,85.90,72.60
78.37,78.37,56.28,84.10,69.18
78.63,78.63,53.32,86.27,69.63
79.40,79.40,53.12,83.12,71.28
79.50,79.50,46.92,86.11,71.67
78.77,78.77,45.41,83.44,72.32
77.93,77.93,38.70,86.31,72.06
74.27,74.27,40.48,84.07,72.31
73.22,73.22,36.15,86.13,73.58
77.13,77.13,37.85,84.52,71.24
73.05,73.05,45.34,84.85,73.40
72.90,72.90,54.24,85.23,72.48
71.78,71.78,63.02,84.61,71.56
67.59,67.59,78.23,85.33,69.85
69.05,69.05,83.27,81.94,68.21
71.53,71.53,79.13,85.58,67.68
71.73,71.73,82.80,81.35,63.50
73.03,73.03,85.96,80.33,69.55
74.68,74.68,86.68,78.99,67.28
75.94,75.94,83.38,81.67,65.27
75.77,75.77,84.39,83.39,68.39
75.17,75.17,75.19,83.31,68.42
73.15,73.15,70.49,85.30,65.45
66.94,66.94,72.01,82.59,64.31
67.31,67.31,78.05,85.94,61.65
73.36,73.36,78.65,83.65,59.97
74.38,74.38,85.12,85.64,59.14
79.13,79.13,83.10,82.71,62.18
76.32,76.32,87.27,84.32,63.36
75.49,75.49,87.07,83.65,65.93
75.21,75.21,88.16,81.54,65.23
75.32,75.32,86.48,80.42,64.01
78.14,78.14,81.94,81.99,63.45
77.73,77.73,80.05,85.04,64.15
77.42,77.42,74.68,84.06,66.72
75.07,75.07,74.49,82.83,67.09
75.00,75.00,75.28,83.59,67.88
76.49,76.49,76.30,85.92,64.43
76.47,76.47,70.76,84.86,69.97
73.05,73.05,67.55,84.68,71.04
75.64,75.64,62.22,85.02,69.20
77.08,77.08,56.92,86.34,69.63
76.80,76.80,58.70,84.80,71.77
76.02,76.02,65.52,84.13,70.35
76.82,76.82,61.64,85.38,69.27
76.74,76.74,70.00,86.70,74.03
75.94,75.94,69.61,84.84,73.16
76.03,76.03,67.61,85.18,71.18
76.21,76.21,71.46,85.65,72.02
74.32,74.32,67.61,87.12,70.78
73.67,73.67,58.82,85.92,69.88
72.83,72.83,55.35,85.03,71.55
72.80,72.80,61.96,85.55,70.14
73.23,73.23,60.92,86.56,72.09
74.76,74.76,61.83,85.68,75.05
74.36,74.36,62.41,86.14,73.49
75.09,75.09,63.15,86.81,71.97
71.11,71.11,53.21,87.44,72.77
71.63,71.63,57.10,86.29,72.84
71.17,71.17,59.24,86.17,72.56
68.69,68.69,65.64,87.03,71.85
73.54,73.54,64.62,87.71,74.36
73.41,73.41,66.90,86.34,71.32
73.01,73.01,63.57,86.39,74.96
70.85,70.85,68.51,86.97,73.20
70.55,70.55,64.98,87.78,71.94
75.22,75.22,68.05,86.40,73.25
76.77,76.77,66.09,85.79,73.11
73.83,73.83,61.07,87.50,72.42
73.53,73.53,55.14,86.98,70.87
74.22,74.22,57.37,85.76,72.98
72.91,72.91,61.43,85.81,70.34
71.42,71.42,61.96,87.39,70.71
74.90,74.90,67.26,86.84,71.35
75.04,75.04,65.35,85.85,68.77
71.18,71.18,69.35,85.98,70.16
64.92,64.92,66.43,87.08,67.52
66.01,66.01,66.99,87.64,69.58
68.35,68.35,62.13,86.33,65.90
72.99,72.99,55.55,86.14,66.79
64.78,64.78,47.17,87.73,68.94
71.90,71.90,43.70,87.02,67.01
68.86,68.86,51.13,85.85,65.76
72.04,72.04,54.13,86.32,62.73
70.75,70.75,58.33,87.67,65.37
72.63,72.63,55.76,86.92,64.89
69.84,69.84,56.21,86.51,59.95
66.89,66.89,49.39,86.16,58.52
63.22,63.22,53.95,88.03,60.91
56.31,56.31,50.74,87.21,60.40
54.09,54.09,54.65,86.34,62.24
55.33,55.33,53.75,86.47,63.28
53.15,53.15,53.49,88.00,63.83
53.82,53.82,53.52,86.95,65.54
54.22,54.22,50.98,86.40,65.81
56.66,56.66,53.63,86.37,66.80
52.50,52.50,51.15,87.86,66.66
50.99,50.99,52.22,87.24,67.28
40.56,40.56,60.42,86.55,66.37
41.60,41.60,66.19,86.66,64.21
39.38,39.38,82.89,85.34,65.58
35.88,35.88,84.28,84.13,67.90
37.32,37.32,77.26,85.01,68.60
34.02,34.02,72.80,85.01,68.84
34.86,34.86,70.19,86.36,66.76
39.92,39.92,68.01,85.48,69.97
39.35,39.35,62.93,85.06,70.67
40.28,40.28,63.75,85.35,71.12
43.73,43.73,62.51,87.16,73.39
44.59,44.59,61.61,85.97,73.08
35.85,35.85,63.62,85.87,72.93
33.44,33.44,68.99,86.11,72.96
26.40,26.40,75.19,86.85,72.24
26.88,26.88,87.83,85.58,71.13
30.34,30.34,76.45,85.16,67.87
40.22,40.22,85.90,83.69,69.38
46.34,46.34,87.50,84.54,70.66
41.09,41.09,86.09,84.50,71.41
39.63,39.63,87.88,85.07,71.79
40.80,40.80,83.48,85.99,71.86
39.49,39.49,82.34,86.89,73.67
40.50,40.50,73.93,85.71,70.01
42.59,42.59,68.22,85.09,73.96
41.67,41.67,76.25,85.51,74.29
38.49,38.49,79.68,86.72,71.88
40.63,40.63,73.80,85.35,74.45
43.34,43.34,68.99,85.42,73.95
42.03,42.03,60.68,86.38,74.31
41.49,41.49,61.75,87.81,72.70
41.66,41.66,58.90,86.75,73.64
42.18,42.18,55.13,86.41,73.00
41.81,41.81,58.41,87.03,72.16
40.87,40.87,65.97,88.08,71.90
41.38,41.38,67.52,86.78,71.74
39.22,39.22,66.60,86.41,71.99
38.48,38.48,70.96,87.34,73.21
36.45,36.45,71.58,88.13,72.80
35.07,35.07,66.01,86.51,71.84
33.86,33.86,66.50,86.31,71.73
32.08,32.08,57.87,87.40,68.96
32.30,32.30,58.97,88.05,70.49
27.58,27.58,66.99,86.58,72.30
27.63,27.63,65.63,86.43,69.10
28.40,28.40,64.75,87.32,69.55
29.57,29.57,59.53,87.83,69.91
35.41,35.41,57.62,86.84,70.59
40.24,40.24,59.59,85.92,68.75
52.66,52.66,59.64,87.13,68.13
59.36,59.36,62.20,87.55,67.48
64.57,64.57,71.62,86.17,64.72
65.29,65.29,85.03,85.67,59.76
67.52,67.52,81.41,84.80,63.53
78.11,78.11,84.96,81.27,66.44
80.28,80.28,82.63,82.84,69.09
76.96,76.96,86.94,83.58,69.70
78.36,78.36,84.15,81.53,67.69
79.67,79.67,83.38,80.05,69.22
79.17,79.17,79.68,82.13,69.50
80.04,80.04,75.51,85.01,65.58
80.74,80.74,74.93,84.60,68.31
80.09,80.09,76.39,81.81,67.19
80.22,80.22,73.39,83.94,66.82
80.11,80.11,73.77,84.86,68.14
81.28,81.28,63.44,84.22,71.03
82.34,82.34,65.67,83.80,68.93
81.23,81.23,62.34,84.58,71.38
80.44,80.44,58.33,82.88,71.61
80.13,80.13,60.24,84.32,70.93
77.97,77.97,61.72,85.05,72.86
80.36,80.36,62.24,85.61,72.49
80.53,80.53,61.06,85.62,71.81
80.05,80.05,62.20,84.46,75.51
82.19,82.19,63.72,83.31,75.86
80.92,80.92,64.54,86.14,75.52
77.64,77.64,60.12,86.32,74.61
77.86,77.86,59.46,84.57,76.05
83.03,83.03,58.56,84.49,75.07
80.84,80.84,57.84,84.46,75.47
78.31,78.31,62.14,85.35,75.14
80.08,80.08,63.39,85.47,73.09
74.64,74.64,64.78,85.66,74.57
77.07,77.07,58.74,85.00,75.70
77.94,77.94,59.81,83.94,75.28
76.86,76.86,55.79,83.82,75.51
76.95,76.95,55.61,85.50,76.69
75.41,75.41,52.99,85.35,74.83
73.36,73.36,51.51,85.40,74.54
71.00,71.00,47.37,83.34,75.25
73.49,73.49,54.06,84.67,72.70
70.46,70.46,53.76,87.80,72.80
70.45,70.45,53.19,83.71,73.07
75.87,75.87,56.98,87.64,71.44
76.50,76.50,56.51,84.64,68.50
76.69,76.69,54.28,87.13,73.28
77.59,77.59,56.82,85.24,72.52
80.27,80.27,56.43,85.24,70.07
80.83,80.83,55.59,85.62,69.47
81.26,81.26,59.20,84.21,70.67
80.63,80.63,59.93,86.42,65.75
80.42,80.42,62.94,83.55,67.53
81.38,81.38,57.53,85.81,66.90
80.09,80.09,60.55,83.41,66.34
78.43,78.43,57.26,85.95,66.70
77.54,77.54,57.35,84.95,69.31
78.07,78.07,50.38,85.46,68.97
77.45,77.45,50.95,85.20,68.70
79.74,79.74,47.89,84.07,70.32
77.74,77.74,38.87,86.37,71.39
76.17,76.17,43.27,84.19,69.94
75.84,75.84,50.95,87.06,68.74
73.27,73.27,62.56,84.53,65.44
69.36,69.36,69.52,86.69,67.41
70.68,70.68,82.52,85.07,65.64
61.27,61.27,81.17,85.48,67.72
66.04,66.04,79.42,81.20,66.32
66.07,66.07,85.03,81.38,68.90
69.03,69.03,88.04,84.32,68.19
64.82,64.82,84.80,82.99,68.93
65.92,65.92,86.13,86.03,70.27
68.55,68.55,79.18,84.00,69.96
69.78,69.78,76.89,86.57,70.17
67.41,67.41,67.16,84.15,70.68
64.85,64.85,77.78,85.57,71.13
63.35,63.35,76.27,86.88,70.34
62.04,62.04,81.09,86.04,68.00
62.73,62.73,82.43,84.84,66.04
67.94,67.94,81.43,86.16,67.10
68.89,68.89,81.67,86.06,65.47
76.03,76.03,88.64,84.99,65.87
79.68,79.68,85.94,86.01,68.08
79.34,79.34,84.78,84.75,69.34
79.82,79.82,85.10,83.93,69.78
79.25,79.25,77.19,84.46,67.80
77.88,77.88,72.77,85.83,67.51
77.69,77.69,72.73,86.45,69.99
77.59,77.59,80.25,85.97,71.56
77.62,77.62,74.07,86.46,74.75
78.02,78.02,70.64,87.71,75.91
78.20,78.20,66.34,86.79,71.89
77.77,77.77,63.67,85.93,74.78
78.43,78.43,56.85,86.08,75.46
78.68,78.68,62.28,87.53,74.67
79.46,79.46,61.62,86.50,74.15
79.46,79.46,67.83,85.56,71.85
78.74,78.74,67.18,85.59,72.30
78.15,78.15,66.45,87.54,75.35
78.44,78.44,71.54,86.95,72.68
77.15,77.15,70.65,86.35,71.23
72.04,72.04,62.61,86.86,72.88
69.98,69.98,62.11,88.04,70.22
76.17,76.17,57.24,87.34,70.31
78.39,78.39,63.94,86.75,70.33
78.41,78.41,61.96,86.80,65.52
79.98,79.98,62.64,88.22,66.97
79.46,79.46,66.53,87.12,67.39
79.68,79.68,56.65,86.51,65.84
79.77,79.77,55.89,86.26,67.65
78.75,78.75,57.94,87.79,66.74
79.42,79.42,64.30,87.17,64.35
79.80,79.80,62.75,86.48,67.09
80.70,80.70,67.75,86.94,66.49
81.29,81.29,63.65,88.37,63.14
81.44,81.44,69.03,87.10,60.70
82.04,82.04,65.89,86.73,63.95
81.86,81.86,69.64,86.86,61.78
80.62,80.62,65.86,88.36,62.13
77.26,77.26,64.09,87.13,61.41
71.74,71.74,59.55,86.68,64.29
70.40,70.40,55.86,86.98,65.54
70.44,70.44,58.44,88.55,67.31
68.49,68.49,63.14,87.55,69.09
67.55,67.55,67.21,87.02,69.68
68.19,68.19,66.42,87.18,71.18
70.63,70.63,70.15,88.82,70.97
73.77,73.77,69.25,87.31,68.72
72.55,72.55,68.26,86.91,70.29
71.73,71.73,67.73,87.28,66.68
77.95,77.95,63.83,88.67,71.62
74.01,74.01,54.91,87.19,71.51
72.98,72.98,46.43,86.56,68.27
71.42,71.42,49.01,87.09,72.63
74.13,74.13,54.26,88.46,70.60
71.36,71.36,61.56,87.25,71.96
75.11,75.11,58.58,86.68,72.38
71.88,71.88,59.81,87.15,70.81
74.15,74.15,53.41,88.52,74.19
71.59,71.59,54.79,87.16,72.26
72.92,72.92,52.94,86.99,71.53
70.88,70.88,55.93,87.38,73.80
71.75,71.75,53.36,88.31,70.11
71.53,71.53,55.84,86.99,71.98
72.34,72.34,55.00,86.28,71.51
73.99,73.99,54.78,86.79,70.59
73.10,73.10,54.57,88.06,71.75
71.08,71.08,53.83,86.76,71.32
72.74,72.74,54.00,86.22,72.22
69.95,69.95,60.10,87.58,70.46
72.08,72.08,68.83,88.08,65.30
71.50,71.50,75.52,86.00,63.44
74.54,74.54,88.83,82.65,64.39
72.18,72.18,79.89,84.08,63.65
69.61,69.61,75.25,86.13,67.36
67.74,67.74,71.28,85.23,66.19
69.59,69.59,69.70,84.86,66.30
67.30,67.30,66.87,85.91,68.83
70.70,70.70,63.28,86.08,63.85
69.13,69.13,65.07,85.26,65.12
68.81,68.81,60.98,85.39,65.22
71.61,71.61,63.04,86.74,66.62
73.06,73.06,63.14,86.94,69.87
71.45,71.45,63.02,86.02,64.51
72.70,72.70,59.57,85.76,66.27
73.46,73.46,55.99,87.37,63.87
70.01,70.01,55.09,87.01,64.12
69.05,69.05,56.54,85.84,63.30
68.26,68.26,58.30,85.95,67.86
69.30,69.30,56.83,87.02,65.12
66.44,66.44,52.74,86.87,67.35
70.31,70.31,53.86,86.06,66.64
66.19,66.19,50.42,85.56,65.31
66.80,66.80,53.56,87.50,67.71
66.67,66.67,53.21,87.13,65.74
65.12,65.12,54.08,86.22,66.16
69.54,69.54,48.35,86.36,65.72
69.83,69.83,48.79,87.75,65.53
71.76,71.76,48.17,87.07,67.41
70.94,70.94,43.94,86.40,66.08
72.61,72.61,44.49,86.10,67.02
72.29,72.29,45.55,87.74,66.51
71.41,71.41,43.30,87.06,66.36
71.70,71.70,42.40,86.17,67.33
70.02,70.02,38.62,85.99,66.91
71.80,71.80,38.95,87.75,65.80
72.72,72.72,39.45,86.81,66.77
71.49,71.49,38.12,85.99,66.74
71.49,71.49,36.77,86.09,66.76
68.82,68.82,39.47,87.55,67.30
66.63,66.63,38.02,86.63,69.46
61.23,61.23,38.73,86.06,69.64
54.97,54.97,37.06,85.93,69.41
56.51,56.51,36.05,87.79,71.47
54.86,54.86,36.37,86.97,70.78
59.16,59.16,37.08,86.18,70.87
54.83,54.83,33.63,86.35,71.06
50.24,50.24,38.21,87.94,71.98
55.73,55.73,45.76,87.00,71.28
69.27,69.27,60.60,86.42,70.44
60.37,60.37,70.03,86.63,70.35
59.24,59.24,79.15,86.73,67.50
61.31,61.31,85.84,86.99,64.32
62.84,62.84,80.88,85.79,65.58
64.52,64.52,83.60,87.14,67.97
67.99,67.99,89.43,86.70,68.25
68.14,68.14,87.04,84.93,70.28
69.49,69.49,85.05,85.28,70.89
69.64,69.64,84.34,86.62,62.64
68.47,68.47,80.67,86.49,70.14
71.77,71.77,71.74,86.29,68.33
71.68,71.68,71.83,85.99,68.08
70.59,70.59,77.52,87.33,68.72
70.26,70.26,79.91,86.81,67.85
72.37,72.37,72.00,86.06,67.29
73.34,73.34,70.56,86.50,66.23
71.52,71.52,62.25,87.73,66.37
71.86,71.86,66.17,87.42,68.58
73.30,73.30,61.76,86.77,70.61
70.24,70.24,55.75,87.38,69.75
72.19,72.19,66.37,87.41,71.56
76.20,76.20,66.28,86.34,71.68
75.21,75.21,70.22,85.70,70.63
75.22,75.22,70.44,87.54,70.16
73.83,73.83,70.39,86.92,72.19
72.18,72.18,71.44,86.97,66.98
71.71,71.71,65.88,86.38,70.23
71.92,71.92,64.84,87.47,68.92
71.34,71.34,59.14,87.05,64.08
71.28,71.28,60.21,86.09,66.66
71.93,71.93,67.59,86.72,65.31
71.55,71.55,68.18,87.67,63.65
72.79,72.79,60.43,87.73,65.69
73.75,73.75,62.27,86.34,65.36
73.15,73.15,59.46,87.68,62.25
73.77,73.77,63.00,88.32,64.65
75.06,75.06,63.25,87.30,64.59
76.90,76.90,60.35,86.59,68.83
76.64,76.64,63.08,88.37,69.62
82.58,82.58,66.27,88.09,68.94
82.94,82.94,68.87,86.50,66.80
84.48,84.48,65.17,86.02,70.49
82.81,82.81,60.14,87.36,71.27
80.45,80.45,61.03,87.31,69.05
80.12,80.12,58.43,86.30,69.84
80.89,80.89,58.54,87.33,66.98
79.84,79.84,56.75,88.06,67.10
81.87,81.87,55.11,87.46,69.89
83.35,83.35,58.04,86.68,66.99
84.11,84.11,58.58,87.29,65.08
84.82,84.82,61.12,87.68,66.68
84.51,84.51,58.37,86.73,66.07
83.13,83.13,61.44,85.32,66.24
81.40,81.40,53.06,86.41,65.68
78.97,78.97,56.54,86.56,64.77
77.78,77.78,51.43,85.59,70.04
75.70,75.70,48.69,84.92,68.29
77.89,77.89,52.25,86.61,64.65
77.10,77.10,57.86,87.47,68.75
79.59,79.59,55.44,87.23,68.80
79.98,79.98,54.25,87.62,68.70
78.21,78.21,59.41,88.54,67.98
72.68,72.68,63.28,88.14,69.43
73.04,73.04,76.40,85.18,71.03
72.01,72.01,82.89,83.70,70.16
72.51,72.51,82.00,85.16,69.68
72.00,72.00,83.81,83.36,71.58
72.77,72.77,87.69,82.72,72.64
71.72,71.72,85.50,85.85,71.87
73.62,73.62,85.76,85.87,71.01
74.88,74.88,82.87,85.51,73.28
74.85,74.85,80.70,86.25,72.64
74.64,74.64,69.27,87.53,72.52
76.67,76.67,72.13,87.88,73.61
74.70,74.70,74.30,87.05,72.64
72.95,72.95,78.98,87.26,71.45
73.32,73.32,79.78,85.82,70.06
72.11,72.11,81.12,85.86,69.99
71.40,71.40,84.16,82.78,74.14
70.28,70.28,84.89,82.81,71.39
67.46,67.46,87.14,85.35,71.36
67.82,67.82,81.96,84.85,72.04
67.45,67.45,86.22,83.56,70.33
68.76,68.76,79.49,83.42,71.92
67.59,67.59,73.98,83.46,72.70
66.06,66.06,75.97,82.83,71.48
63.22,63.22,76.47,84.90,73.58
63.69,63.69,75.66,87.49,74.35
64.41,64.41,72.47,86.82,75.23
61.72,61.72,67.54,84.54,74.64
61.78,61.78,59.85,84.29,74.43
61.36,61.36,62.37,85.85,73.72
58.97,58.97,58.98,86.91,71.62
58.66,58.66,62.82,85.87,75.40
58.76,58.76,63.45,85.86,75.28
58.25,58.25,65.58,86.86,72.35
56.60,56.60,63.11,84.67,70.20
56.12,56.12,62.88,85.40,74.27
55.31,55.31,59.42,87.31,73.31
53.90,53.90,63.34,87.47,72.45
53.19,53.19,56.18,85.52,67.20
53.82,53.82,54.45,84.56,73.20
54.36,54.36,50.58,85.30,67.43
54.47,54.47,59.80,86.71,68.40
50.79,50.79,59.71,86.87,68.41
50.49,50.49,63.01,86.66,71.29
51.11,51.11,55.76,86.11,70.71
50.14,50.14,55.52,85.10,69.39
51.50,51.50,55.02,86.38,71.05
51.27,51.27,56.03,86.83,73.03
49.30,49.30,57.99,85.33,72.70
43.41,43.41,57.95,84.60,70.38
39.01,39.01,60.22,86.01,68.82
44.62,44.62,68.13,83.60,65.17
44.19,44.19,66.83,86.00,65.81
40.47,40.47,64.54,86.93,66.23
43.64,43.64,62.72,85.33,68.14
41.45,41.45,60.08,84.99,68.30
38.23,38.23,60.92,85.95,68.44
42.85,42.85,66.06,86.08,68.32
39.34,39.34,64.60,86.12,69.49
36.42,36.42,64.02,86.14,70.59
39.75,39.75,62.44,85.22,68.51
37.45,37.45,60.75,85.74,69.94
38.35,38.35,61.98,84.40,70.35
38.83,38.83,62.97,85.43,72.12
38.54,38.54,66.74,87.31,72.21
32.67,32.67,63.83,86.26,71.23
35.55,35.55,58.53,84.66,71.68
36.24,36.24,63.49,85.27,70.77
38.57,38.57,58.30,86.16,68.25
38.67,38.67,55.28,86.45,69.12
36.49,36.49,52.49,86.25,70.01
38.35,38.35,50.34,85.82,68.83
39.03,39.03,50.36,85.96,69.08
36.01,36.01,50.65,84.60,68.65
32.07,32.07,56.57,86.43,66.31
34.87,34.87,59.33,86.89,69.11
36.90,36.90,67.73,85.40,69.77
31.06,31.06,65.33,85.06,70.98
32.19,32.19,63.53,85.02,71.63
34.47,34.47,64.98,85.57,71.18
33.65,33.65,57.89,86.81,70.65
33.56,33.56,59.57,86.57,71.01
33.93,33.93,55.07,85.37,69.11
39.76,39.76,52.27,85.51,68.34
35.02,35.02,50.31,84.95,67.54
33.41,33.41,51.19,86.65,65.00
27.98,27.98,58.28,86.90,61.37
20.89,20.89,68.75,86.42,57.99
14.01,14.01,80.49,82.74,57.13
11.81,11.81,86.20,81.19,60.31
9.72,9.72,79.81,83.47,59.18
12.45,12.45,73.29,84.71,58.41
14.21,14.21,71.60,84.42,56.00
21.95,21.95,71.34,83.51,63.20
27.33,27.33,66.01,83.80,62.47
31.63,31.63,64.17,83.00,62.37
34.26,34.26,66.70,84.02,63.76
34.36,34.36,64.50,85.28,64.86
35.46,35.46,66.93,85.33,61.78
30.14,30.14,66.69,84.41,60.96
22.17,22.17,69.51,84.24,60.57
21.01,21.01,71.10,84.51,68.37
21.28,21.28,75.66,85.47,68.12
24.00,24.00,76.42,86.01,67.55
27.85,27.85,71.69,85.15,67.37
27.90,27.90,75.60,84.72,70.02
32.72,32.72,73.80,84.99,72.13
34.23,34.23,60.18,86.07,70.94
33.31,33.31,58.85,86.63,72.01
35.19,35.19,59.21,86.71,73.55
33.94,33.94,64.33,85.86,74.10
29.04,29.04,68.13,85.26,72.35
21.45,21.45,72.88,86.23,66.25
28.62,28.62,82.26,86.17,65.45
31.37,31.37,79.90,84.66,65.98
31.48,31.48,75.33,82.60,69.78
34.76,34.76,76.77,82.76,71.98
39.15,39.15,85.73,83.96,72.45
34.99,34.99,82.37,84.01,72.77
31.28,31.28,78.56,82.08,74.43
35.05,35.05,67.20,84.67,74.32
35.18,35.18,56.34,85.55,74.34
35.67,35.67,54.09,85.01,74.48
35.40,35.40,59.26,85.14,74.87
29.77,29.77,69.84,86.72,74.04
33.98,33.98,75.93,86.45,72.12
38.32,38.32,81.94,85.85,70.30
38.46,38.46,77.43,86.95,72.32
43.24,43.24,79.82,86.49,73.97
47.42,47.42,77.79,83.26,74.46
44.24,44.24,85.32,83.96,71.82
33.50,33.50,84.99,86.35,70.55
36.59,36.59,77.23,85.71,72.38
38.57,38.57,68.20,84.32,73.26
40.15,40.15,57.98,84.84,73.75
49.67,49.67,62.59,86.57,73.48
61.03,61.03,71.89,87.03,70.27
64.69,64.69,75.27,86.54,65.13
68.66,68.66,85.05,83.63,65.69
63.76,63.76,83.51,83.91,66.90
76.25,76.25,82.57,85.15,67.50
79.96,79.96,86.22,83.02,68.07
81.03,81.03,84.26,76.15,71.10
80.63,80.63,87.30,76.24,70.67
79.87,79.87,84.46,82.02,69.04
80.51,80.51,80.03,82.27,70.70
80.30,80.30,74.73,82.73,73.85
80.98,80.98,71.98,84.52,71.40
79.32,79.32,72.75,85.14,69.39
79.84,79.84,76.61,83.27,69.13
78.47,78.47,72.64,82.42,68.27
79.35,79.35,70.80,85.59,67.58
77.79,77.79,61.51,85.61,68.60
77.44,77.44,56.96,84.34,70.31
79.96,79.96,58.00,84.67,70.23
79.03,79.03,63.87,84.82,68.34
79.82,79.82,60.41,84.88,63.97
83.18,83.18,61.76,85.10,69.18
80.41,80.41,59.84,85.11,72.98
79.98,79.98,61.15,85.91,68.27
79.66,79.66,59.79,85.55,68.84
79.84,79.84,59.42,82.96,69.95
80.41,80.41,55.46,84.22,69.27
78.13,78.13,56.90,86.78,66.75
76.54,76.54,51.87,85.83,65.92
77.85,77.85,56.78,84.95,67.45
75.75,75.75,58.48,85.71,67.06
72.43,72.43,62.97,85.41,64.95
68.06,68.06,60.86,85.56,62.69
69.77,69.77,57.38,86.54,67.26
70.43,70.43,56.83,86.35,68.99
69.54,69.54,53.41,85.37,68.63
69.43,69.43,48.89,85.02,70.12
67.15,67.15,52.54,85.40,66.36
68.00,68.00,49.27,85.80,67.11
65.99,65.99,52.13,87.43,63.41
73.88,73.88,52.52,86.20,69.25
74.44,74.44,55.97,85.50,71.90
79.00,79.00,50.54,86.90,70.07
79.59,79.59,53.65,83.80,75.10
81.19,81.19,52.65,87.42,72.31
79.75,79.75,47.64,84.47,70.25
81.15,81.15,51.74,86.39,70.82
81.00,81.00,50.53,84.32,72.69
83.20,83.20,49.01,85.69,71.74
83.05,83.05,48.54,84.44,73.79
83.39,83.39,54.23,84.26,72.93
81.39,81.39,57.00,84.50,74.32
83.06,83.06,55.00,83.93,74.94
82.00,82.00,52.25,86.23,75.90
83.49,83.49,51.55,84.27,75.38
82.53,82.53,43.64,86.68,75.52
82.13,82.13,44.26,84.20,74.25
79.84,79.84,44.37,86.20,73.98
77.09,77.09,37.31,85.21,75.04
76.12,76.12,44.55,84.86,76.57
77.84,77.84,42.97,86.35,75.49
77.52,77.52,51.59,84.45,75.43
75.15,75.15,59.98,87.01,75.05
73.50,73.50,66.58,84.59,72.31
74.80,74.80,80.55,86.58,71.15
73.07,73.07,83.43,84.20,70.05
74.53,74.53,80.28,87.28,72.37
72.99,72.99,83.43,87.43,74.58
73.16,73.16,85.43,86.64,75.02
66.08,66.08,85.76,86.45,73.42
69.92,69.92,82.76,83.97,71.45
66.78,66.78,81.69,85.48,69.54
65.77,65.77,72.28,83.10,66.54
64.32,64.32,68.30,85.86,66.86
62.44,62.44,70.10,83.56,63.60
61.57,61.57,76.53,86.18,60.80
61.24,61.24,78.98,84.48,61.46
62.20,62.20,86.30,86.78,60.84
66.39,66.39,80.84,84.00,58.11
72.50,72.50,86.99,82.74,61.82
77.07,77.07,89.61,84.42,63.20
76.21,76.21,86.79,84.56,68.33
75.54,75.54,87.00,85.23,64.42
74.35,74.35,83.37,86.24,60.70
75.17,75.17,80.90,86.85,64.83
74.16,74.16,72.26,85.40,66.50
72.18,72.18,73.45,85.45,65.51
70.70,70.70,76.47,85.95,62.43
70.90,70.90,78.28,86.68,65.00
71.33,71.33,70.58,85.63,68.04
72.21,72.21,68.59,86.02,67.35
71.74,71.74,65.06,86.93,69.40
72.05,72.05,57.17,87.82,71.28
70.67,70.67,56.67,86.98,70.67
74.99,74.99,63.91,87.18,72.16
76.39,76.39,64.24,87.97,73.15
75.94,75.94,67.72,88.70,72.01
76.62,76.62,72.02,87.27,72.60
76.54,76.54,67.74,87.14,73.44
75.99,75.99,71.40,88.00,73.11
74.21,74.21,69.94,88.35,75.92
72.81,72.81,61.44,86.83,75.12
73.92,73.92,58.16,87.02,74.81
75.55,75.55,58.14,87.88,75.82
75.89,75.89,62.38,88.14,73.51
73.49,73.49,63.70,86.89,74.58
76.96,76.96,64.36,87.02,74.03
75.90,75.90,61.11,88.05,68.84
74.99,74.99,57.40,87.89,74.34
74.38,74.38,57.53,87.05,73.66
74.64,74.64,62.61,86.60,71.44
74.19,74.19,64.52,87.97,73.86
74.41,74.41,65.27,87.71,71.17
73.50,73.50,68.73,86.88,72.64
73.12,73.12,65.04,86.95,73.90
72.14,72.14,69.17,88.24,70.93
71.91,71.91,65.00,87.61,71.44
72.53,72.53,66.15,86.87,71.84
73.77,73.77,67.89,86.94,69.54
73.34,73.34,60.91,88.17,70.62
72.59,72.59,59.34,87.31,71.89
73.40,73.40,57.46,86.75,70.39
73.53,73.53,60.46,86.67,69.80
72.72,72.72,66.11,88.15,71.58
73.60,73.60,65.83,87.59,71.53
75.82,75.82,69.42,87.03,70.10
77.31,77.31,68.08,87.09,69.07
77.76,77.76,70.04,88.37,71.70
72.64,72.64,65.67,86.92,70.45
70.99,70.99,64.14,86.20,71.87
71.89,71.89,54.57,86.20,72.96
70.20,70.20,50.21,87.98,69.43
69.19,69.19,42.64,86.74,72.32
73.40,73.40,53.99,85.93,70.59
69.75,69.75,54.74,85.85,70.15
71.11,71.11,58.25,87.80,70.61
71.60,71.60,58.19,86.66,69.54
69.42,69.42,53.86,86.12,68.58
69.16,69.16,50.93,86.55,68.47
69.78,69.78,52.76,87.62,67.48
67.28,67.28,52.25,86.52,69.06
69.19,69.19,54.88,85.86,65.99
69.79,69.79,50.18,86.20,66.04
69.40,69.40,51.77,88.02,64.28
69.92,69.92,46.83,86.78,61.34
68.85,68.85,52.47,85.88,64.28
70.38,70.38,51.02,86.32,63.44
71.39,71.39,52.20,87.67,64.02
71.61,71.61,56.09,86.45,65.80
70.06,70.06,63.64,86.33,64.53
69.01,69.01,66.23,86.88,62.01
69.57,69.57,86.82,84.21,62.08
71.20,71.20,83.20,82.77,62.39
68.65,68.65,76.85,83.83,61.33
67.14,67.14,72.37,84.31,64.35
66.28,66.28,68.98,85.31,64.83
66.83,66.83,66.48,83.94,67.15
66.87,66.87,64.90,83.90,66.05
66.68,66.68,62.65,84.65,66.85
68.72,68.72,62.67,85.48,69.29
67.13,67.13,64.92,84.66,69.55
68.08,68.08,66.45,84.13,69.45
68.04,68.04,66.25,85.03,69.89
67.28,67.28,67.08,86.07,69.49
66.16,66.16,61.34,84.80,66.59
62.84,62.84,61.40,84.60,66.13
62.11,62.11,61.64,85.88,67.28
62.46,62.46,63.69,85.79,66.69
66.37,66.37,60.19,85.44,65.94
65.49,65.49,59.60,85.88,69.07
63.48,63.48,61.62,87.06,70.52
61.79,61.79,59.89,87.32,68.46
55.27,55.27,58.85,86.18,66.73
57.56,57.56,58.78,85.87,70.36
56.63,56.63,59.77,87.27,70.98
54.43,54.43,59.81,87.07,69.67
54.01,54.01,57.01,86.26,72.88
55.48,55.48,56.28,85.91,73.34
53.86,53.86,51.63,87.34,70.65
52.20,52.20,53.29,87.06,72.85
52.47,52.47,56.56,85.99,73.69
53.59,53.59,56.05,85.76,71.69
54.04,54.04,50.44,87.43,72.88
55.70,55.70,52.20,86.93,74.27
55.23,55.23,51.36,86.01,73.85
54.48,54.48,47.48,85.67,72.35
56.51,56.51,46.66,87.41,72.64
54.49,54.49,48.04,86.92,74.29
53.20,53.20,48.26,86.10,73.37
51.49,51.49,47.29,85.83,72.82
49.24,49.24,44.73,87.57,72.60
47.91,47.91,49.72,86.90,73.48
45.81,45.81,47.13,85.99,72.22
44.35,44.35,41.81,86.00,71.13
41.73,41.73,49.15,87.68,71.73
42.65,42.65,46.44,86.94,71.18
44.12,44.12,46.40,86.14,69.67
47.90,47.90,49.35,85.97,68.95
59.09,59.09,56.52,87.84,68.40
65.82,65.82,65.49,87.45,64.35
70.84,70.84,70.25,87.08,59.93
69.18,69.18,85.69,86.60,54.92
73.97,73.97,80.45,82.29,56.59
74.40,74.40,86.15,82.21,61.07
76.99,76.99,83.87,81.76,65.00
77.31,77.31,84.11,84.24,67.04
78.39,78.39,84.62,82.08,64.32
78.64,78.64,84.30,82.38,64.42
79.00,79.00,80.06,84.70,65.81
80.10,80.10,73.53,84.03,70.88
80.33,80.33,75.60,83.18,68.66
79.38,79.38,71.98,84.51,70.61
80.28,80.28,74.45,85.62,64.63
80.01,80.01,74.61,83.95,69.15
78.88,78.88,63.36,84.37,69.57
80.21,80.21,63.41,85.06,70.89
79.94,79.94,61.49,84.44,73.52
80.29,80.29,59.70,84.35,73.77
80.16,80.16,59.41,83.68,72.20
80.53,80.53,60.63,85.74,73.17
80.28,80.28,62.88,86.52,71.44
82.01,82.01,59.04,84.62,70.82
84.25,84.25,61.17,83.76,70.59
84.70,84.70,63.19,85.49,74.54
84.51,84.51,61.90,85.20,73.90
81.11,81.11,62.29,84.40,75.44
80.24,80.24,55.31,84.66,74.77
82.22,82.22,60.57,85.20,74.19
80.42,80.42,60.87,84.10,72.44
84.38,84.38,64.18,82.74,72.95
84.66,84.66,62.84,85.32,74.49
82.46,82.46,62.13,84.73,74.58
81.73,81.73,59.03,83.23,75.16
83.11,83.11,52.01,83.53,74.96
82.09,82.09,55.41,83.34,73.04
78.68,78.68,50.51,82.45,73.89
81.30,81.30,48.09,85.34,72.20
81.93,81.93,51.99,85.66,72.91
77.96,77.96,56.04,84.52,74.26
75.53,75.53,64.52,84.86,75.13
77.88,77.88,60.34,86.25,74.83
82.55,82.55,57.98,85.56,74.15
82.46,82.46,55.81,85.97,75.04
79.86,79.86,53.60,85.75,74.26
80.95,80.95,51.37,85.09,72.97
80.76,80.76,52.18,86.26,72.50
78.89,78.89,49.71,84.39,72.38
78.91,78.91,55.41,86.85,71.57
79.51,79.51,56.29,83.87,70.24
80.07,80.07,55.29,86.48,66.34
80.44,80.44,57.92,83.89,64.48
79.74,79.74,51.20,85.43,69.52
81.67,81.67,50.74,84.78,66.46
80.49,80.49,47.41,83.40,65.88
80.37,80.37,44.42,85.07,67.49
78.00,78.00,39.80,82.92,63.29
80.30,80.30,41.12,85.06,69.77
82.08,82.08,40.81,83.16,67.78
81.46,81.46,39.49,85.79,68.50
78.16,78.16,44.51,83.44,71.19
77.69,77.69,55.58,86.41,70.94
76.87,76.87,66.56,85.82,68.99
76.48,76.48,70.49,86.21,66.93
75.13,75.13,82.76,85.76,66.36
71.65,71.65,80.23,84.25,63.96
67.32,67.32,83.67,86.71,62.29
67.80,67.80,85.00,82.92,68.22
67.21,67.21,88.01,84.00,71.30
66.97,66.97,85.32,81.52,67.60
66.31,66.31,84.01,84.16,66.46
66.26,66.26,80.23,82.60,62.65
62.70,62.70,73.95,84.50,63.44
64.52,64.52,67.70,84.79,65.35
66.96,66.96,77.17,84.00,65.80
75.98,75.98,75.89,85.46,64.48
69.31,69.31,82.24,83.55,65.33
70.68,70.68,83.97,84.85,65.05
76.93,76.93,83.06,84.02,66.83
70.15,70.15,86.16,84.04,67.70
72.60,72.60,86.59,83.55,72.36
76.03,76.03,88.22,83.94,69.50
77.85,77.85,84.10,83.96,70.51
75.65,75.65,83.40,84.26,71.90
76.54,76.54,73.74,84.44,71.86
75.58,75.58,72.87,86.20,73.73
76.33,76.33,75.29,85.25,68.84
78.05,78.05,80.43,85.30,73.22
77.90,77.90,72.81,86.04,74.62
77.07,77.07,73.16,87.20,71.24
76.67,76.67,63.75,85.85,73.11
77.02,77.02,57.99,85.22,72.51
76.82,76.82,60.88,85.46,67.08
75.73,75.73,62.55,86.69,75.06
76.69,76.69,65.24,85.89,73.18
76.84,76.84,64.45,85.68,72.12
76.75,76.75,69.84,85.59,74.93
76.04,76.04,68.23,87.35,73.21
76.40,76.40,70.66,86.43,75.24
76.74,76.74,71.40,86.15,76.34
76.70,76.70,64.17,86.83,70.56
76.96,76.96,59.63,87.77,74.47
80.00,80.00,59.96,86.16,74.52
79.69,79.69,63.85,85.66,69.77
79.48,79.48,59.08,86.24,72.85
79.72,79.72,65.14,87.77,71.50
78.04,78.04,64.19,86.52,70.90
75.31,75.31,58.74,86.14,71.84
74.41,74.41,56.70,86.45,69.56
73.88,73.88,58.86,87.96,68.57
75.23,75.23,63.34,86.79,67.99
77.67,77.67,66.56,86.34,68.79
77.44,77.44,64.17,86.60,68.13
76.29,76.29,65.15,87.69,63.29
74.65,74.65,68.97,86.38,65.19
74.82,74.82,66.48,86.26,65.91
75.43,75.43,66.33,87.05,63.15
72.84,72.84,68.99,88.26,63.45
71.80,71.80,64.34,87.31,63.73
70.39,70.39,60.60,87.44,61.88
70.32,70.32,55.16,87.84,62.90
71.00,71.00,58.38,88.82,63.09
70.85,70.85,64.55,87.64,62.32
70.28,70.28,65.59,87.56,64.66
76.53,76.53,68.95,88.01,63.58
78.13,78.13,67.81,88.43,67.91
78.42,78.42,71.32,87.11,69.68
73.28,73.28,67.75,86.76,70.24
74.63,74.63,68.36,87.58,72.01
73.58,73.58,61.43,88.19,72.98
74.55,74.55,55.75,86.95,70.93
73.21,73.21,41.06,86.89,73.44
74.47,74.47,49.18,87.77,70.69
74.52,74.52,51.96,87.87,71.28
73.54,73.54,57.40,86.73,71.86
71.41,71.41,60.21,86.79,71.65
73.62,73.62,57.87,88.11,74.09
72.08,72.08,55.86,87.66,71.58
74.40,74.40,53.93,86.74,73.48
70.47,70.47,55.26,86.43,73.07
67.38,67.38,55.06,87.96,70.99
63.79,63.79,51.60,87.18,73.20
64.03,64.03,55.96,86.53,74.14
63.23,63.23,49.86,86.47,73.04
60.84,60.84,50.92,87.62,73.60
62.81,62.81,49.11,86.95,72.62
61.84,61.84,52.91,86.29,74.40
61.43,61.43,52.54,86.19,74.52
57.49,57.49,65.68,87.92,72.73
48.23,48.23,71.90,87.40,68.18
45.04,45.04,76.93,84.77,65.98
39.99,39.99,89.06,82.19,65.50
39.35,39.35,80.70,85.77,66.41
48.17,48.17,76.24,85.27,67.48
49.14,49.14,72.86,84.98,69.81
46.68,46.68,70.65,84.83,71.92
50.07,50.07,69.71,86.34,71.09
48.52,48.52,64.59,85.69,71.25
50.91,50.91,67.01,84.86,70.18
52.56,52.56,66.82,85.17,71.80
51.68,51.68,66.24,87.24,71.40
46.75,46.75,70.06,86.44,71.95
45.69,45.69,72.92,85.37,69.73
46.43,46.43,84.67,84.36,67.08
48.66,48.66,83.40,84.79,65.94
48.52,48.52,82.88,82.73,64.88
53.15,53.15,84.23,80.11,64.67
51.26,51.26,88.62,81.62,69.36
52.29,52.29,88.54,85.62,68.24
51.33,51.33,86.04,85.00,69.35
49.81,49.81,81.76,84.28,68.86
51.37,51.37,77.65,84.74,67.50
52.13,52.13,64.11,86.06,68.28
49.52,49.52,73.61,84.81,64.87
44.73,44.73,78.85,84.46,66.39
42.16,42.16,79.51,85.25,67.38
39.60,39.60,78.90,86.68,68.05
41.65,41.65,83.98,86.14,67.84
44.00,44.00,81.05,85.88,67.18
42.70,42.70,77.17,86.41,69.36
42.33,42.33,73.16,87.79,68.07
41.26,41.26,60.07,86.30,67.22
41.00,41.00,63.91,86.07,66.30
40.54,40.54,67.35,86.06,63.67
46.85,46.85,66.10,87.48,64.70
49.01,49.01,66.55,86.56,66.16
54.77,54.77,74.06,86.38,65.93
67.29,67.29,73.56,86.87,63.68
72.91,72.91,78.80,87.58,67.39
77.36,77.36,83.51,85.50,69.21
79.90,79.90,81.96,85.25,67.74
80.94,80.94,76.35,85.60,68.90
80.79,80.79,82.92,86.73,69.33
81.15,81.15,78.97,85.08,65.38
81.39,81.39,68.55,84.46,67.81
80.92,80.92,60.40,85.94,69.91
81.39,81.39,57.09,86.66,68.76
80.65,80.65,62.33,85.26,68.70
80.48,80.48,60.09,85.33,69.94
80.00,80.00,70.54,86.16,68.56
80.48,80.48,80.22,85.95,67.80
77.95,77.95,82.84,84.31,66.88
76.37,76.37,82.23,83.89,70.65
77.52,77.52,79.47,83.68,69.85
77.30,77.30,88.80,82.57,68.26
75.40,75.40,85.01,81.69,68.39
77.31,77.31,82.33,79.70,70.19
79.00,79.00,83.66,78.75,71.79
78.22,78.22,78.40,83.36,72.76
78.31,78.31,75.08,85.74,71.04
79.91,79.91,73.59,84.18,67.83
82.05,82.05,74.64,80.30,71.60
77.90,77.90,75.93,83.43,67.97
80.83,80.83,70.07,85.24,70.14
80.34,80.34,60.45,84.68,70.97
79.33,79.33,63.83,84.47,68.00
78.11,78.11,59.42,84.25,70.30
78.07,78.07,61.66,82.82,71.15
79.88,79.88,59.09,84.11,68.50
78.81,78.81,60.25,84.22,70.59
79.76,79.76,61.52,85.06,71.84
79.22,79.22,61.35,85.26,71.00
81.42,81.42,63.78,83.03,68.63
78.85,78.85,64.99,82.28,69.74
71.32,71.32,63.93,85.72,67.49
66.54,66.54,58.11,85.32,68.43
68.97,68.97,59.27,84.18,71.04
67.36,67.36,56.73,84.72,69.11
68.92,68.92,55.62,84.40,72.08
66.32,66.32,62.78,84.49,72.72
64.40,64.40,63.40,85.06,72.34
65.84,65.84,56.96,85.60,72.36
70.16,70.16,59.48,85.40,72.14
74.25,74.25,59.20,84.71,71.50
74.00,74.00,58.32,85.06,69.62
73.24,73.24,53.09,85.51,68.91
69.73,69.73,55.90,85.31,63.81
69.06,69.06,55.44,85.81,64.37
72.08,72.08,54.20,83.78,66.52
78.07,78.07,55.29,85.78,67.03
78.36,78.36,51.62,86.11,70.77
79.45,79.45,54.95,83.84,71.12
78.35,78.35,57.38,86.02,71.58
79.32,79.32,57.60,83.27,72.53
80.05,80.05,55.63,86.99,69.10
80.57,80.57,55.04,84.07,73.29
79.00,79.00,57.44,86.46,71.32
78.77,78.77,61.03,84.89,72.98
79.35,79.35,60.37,85.13,74.14
80.75,80.75,63.50,85.92,72.11
78.85,78.85,60.31,84.88,72.19
77.89,77.89,61.89,86.21,71.58
76.88,76.88,59.66,84.90,70.83
77.86,77.86,54.95,86.83,71.15
79.58,79.58,56.44,84.70,72.11
81.13,81.13,50.98,86.38,71.81
82.01,82.01,45.06,84.73,72.59
79.24,79.24,45.21,85.48,72.89
78.69,78.69,45.78,85.88,73.91
80.68,80.68,47.12,83.94,72.88
78.76,78.76,61.16,86.54,73.92
79.77,79.77,68.10,84.63,74.48
80.02,80.02,76.96,86.48,72.39
77.99,77.99,82.01,82.93,73.71
77.90,77.90,76.84,81.86,73.03
79.95,79.95,81.27,80.30,73.94
80.17,80.17,87.93,83.82,73.70
79.50,79.50,84.12,85.51,74.29
77.35,77.35,84.91,84.66,75.98
76.33,76.33,84.43,86.53,73.71
75.84,75.84,77.59,84.80,72.64
76.23,76.23,72.53,87.29,70.54
76.20,76.20,69.15,84.83,73.70
77.00,77.00,76.35,87.47,69.36
76.33,76.33,78.28,86.34,67.91
77.12,77.12,83.15,87.33,65.51
77.12,77.12,83.78,85.17,64.45
75.89,75.89,84.70,86.40,66.20
77.14,77.14,83.67,86.78,69.53
77.28,77.28,88.37,84.89,72.32
76.84,76.84,84.77,84.77,67.28
77.02,77.02,85.57,85.48,73.22
76.15,76.15,79.93,85.70,70.60
74.34,74.34,74.11,85.49,68.58
73.75,73.75,72.00,86.01,71.35
73.15,73.15,78.46,87.27,72.48
73.68,73.68,77.08,88.06,70.27
75.04,75.04,71.71,86.89,73.21
75.11,75.11,67.14,86.42,70.73
75.89,75.89,64.69,87.28,73.59
79.22,79.22,58.05,87.37,71.26
79.28,79.28,58.77,86.49,73.44
79.29,79.29,65.43,86.64,73.01
77.47,77.47,61.33,87.59,69.90
76.79,76.79,70.67,87.15,74.27
76.12,76.12,67.65,86.80,68.25
74.13,74.13,66.81,86.76,74.10
73.49,73.49,70.77,87.81,70.46
72.81,72.81,68.39,87.24,71.97
73.50,73.50,63.18,86.60,71.60
74.52,74.52,54.54,86.64,66.47
75.03,75.03,62.07,88.06,70.86
77.30,77.30,60.51,87.36,69.10
77.70,77.70,64.98,86.71,68.26
76.75,76.75,63.95,86.67,66.57
76.58,76.58,61.61,88.10,61.39
75.72,75.72,54.16,87.40,61.92
72.23,72.23,58.06,86.70,64.64
67.19,67.19,61.75,87.08,64.23
65.20,65.20,67.28,88.48,61.55
67.46,67.46,64.51,87.78,62.66
72.44,72.44,66.57,87.46,62.65
74.65,74.65,67.44,87.48,62.84
74.32,74.32,66.75,88.74,64.25
72.60,72.60,66.94,87.73,65.06
67.47,67.47,68.27,87.12,63.05
70.75,70.75,66.81,87.32,65.42
74.43,74.43,63.57,88.54,67.34
78.26,78.26,57.17,87.62,65.15
80.44,80.44,59.27,87.10,69.70
78.27,78.27,62.87,87.20,69.78
71.52,71.52,62.18,88.43,67.93
78.87,78.87,68.19,87.26,69.71
80.91,80.91,66.32,87.10,68.85
77.13,77.13,70.58,86.98,68.21
73.55,73.55,68.00,88.30,66.95
70.83,70.83,69.12,87.04,66.71
77.56,77.56,62.89,86.74,68.28
76.40,76.40,61.63,87.08,68.71
71.38,71.38,48.29,88.05,71.00
76.40,76.40,41.52,86.61,69.10
71.15,71.15,50.41,86.46,69.57
76.21,76.21,56.43,86.62,71.56
73.36,73.36,59.58,88.10,68.19
74.28,74.28,58.13,86.85,72.52
75.71,75.71,57.31,86.05,68.65
73.64,73.64,50.44,86.68,67.88
73.43,73.43,54.64,87.94,69.00
71.82,71.82,51.50,86.63,69.85
71.17,71.17,53.76,86.49,68.49
71.75,71.75,57.33,86.83,68.25
72.02,72.02,53.34,87.90,69.12
73.97,73.97,53.88,86.60,68.23
74.73,74.73,49.63,86.11,67.78
73.01,73.01,52.51,86.72,67.61
71.56,71.56,50.33,87.96,67.92
71.99,71.99,53.55,86.63,69.67
71.36,71.36,60.74,86.52,69.19
67.46,67.46,67.38,87.40,65.83
67.51,67.51,84.54,84.73,66.44
62.73,62.73,83.69,82.13,69.22
67.41,67.41,78.83,84.11,71.79
70.60,70.60,74.04,85.14,67.17
69.56,69.56,69.20,86.11,67.62
68.12,68.12,67.61,84.94,68.58
67.24,67.24,65.05,84.59,67.69
67.92,67.92,62.09,86.15,68.61
69.30,69.30,63.37,86.03,67.64
69.04,69.04,63.43,85.62,67.48
67.73,67.73,66.51,85.82,65.31
69.50,69.50,66.99,86.66,67.84
67.55,67.55,70.48,86.93,66.36
67.36,67.36,74.48,85.65,69.26
67.34,67.34,81.62,85.79,66.76
68.56,68.56,80.87,86.83,63.84
68.27,68.27,66.48,86.53,64.32
68.48,68.48,61.38,85.93,63.56
68.26,68.26,55.27,85.56,62.77
68.10,68.10,53.89,87.08,66.01
63.92,63.92,57.71,87.01,64.21
55.75,55.75,54.92,86.02,64.51
52.42,52.42,56.50,85.89,67.70
50.35,50.35,54.35,87.49,66.29
49.98,49.98,52.62,86.95,69.54
53.48,53.48,49.96,86.12,69.78
53.49,53.49,53.54,85.79,67.76
52.55,52.55,48.36,87.50,69.37
52.02,52.02,47.04,86.83,70.38
56.57,56.57,47.08,86.06,70.96
62.25,62.25,48.88,86.36,71.46
71.74,71.74,50.37,87.90,72.97
73.18,73.18,50.90,87.05,72.96
72.09,72.09,54.03,86.28,70.93
73.48,73.48,45.86,85.96,71.61
72.65,72.65,40.59,87.67,73.77
73.78,73.78,38.52,86.99,70.26
74.52,74.52,39.01,85.93,73.21
75.57,75.57,39.01,85.89,75.10
75.00,75.00,39.69,87.17,71.06
73.96,73.96,37.11,85.98,71.14
72.11,72.11,37.02,85.50,72.96
67.27,67.27,35.72,85.53,73.35
59.84,59.84,35.08,87.18,71.93
52.94,52.94,36.25,85.89,74.58
52.90,52.90,38.96,85.43,73.90
49.86,49.86,42.30,85.60,73.79
55.81,55.81,57.10,87.42,73.55
67.92,67.92,70.74,87.13,70.64
67.74,67.74,77.61,82.80,66.88
65.76,65.76,87.11,81.71,63.43
62.53,62.53,81.56,78.45,64.00
68.91,68.91,83.79,71.71,69.72
70.13,70.13,87.43,80.95,67.37
67.93,67.93,87.87,83.50,70.51
68.79,68.79,83.25,84.07,64.21
67.24,67.24,85.83,83.31,68.45
69.39,69.39,79.10,84.27,68.69
69.68,69.68,78.04,84.49,70.07
69.58,69.58,63.48,83.56,71.95
69.97,69.97,77.38,82.82,70.18
70.32,70.32,76.78,85.13,70.88
68.80,68.80,75.64,85.65,71.52
69.58,69.58,72.12,84.81,71.51
69.03,69.03,64.44,84.82,69.99
70.62,70.62,60.64,85.56,71.13
71.81,71.81,65.98,85.39,72.24
71.27,71.27,57.45,84.76,73.48
73.20,73.20,63.39,86.36,69.93
72.25,72.25,67.48,86.67,69.73
72.04,72.04,68.26,86.32,67.01
73.73,73.73,71.49,85.29,62.77
74.30,74.30,70.65,86.68,66.00
73.33,73.33,72.09,87.48,64.11
75.47,75.47,69.89,86.46,63.64
75.42,75.42,66.25,85.27,63.60
75.28,75.28,63.00,86.79,64.49
76.01,76.01,56.93,87.04,60.88
76.73,76.73,62.87,85.87,61.14
78.22,78.22,70.13,86.47,57.08
79.46,79.46,65.25,87.58,58.72
78.71,78.71,62.63,87.03,57.00
77.69,77.69,58.29,85.66,56.09
79.35,79.35,60.57,86.86,59.27
80.13,80.13,61.98,87.58,57.68
79.60,79.60,63.56,87.54,59.69
79.64,79.64,61.72,86.04,61.97
79.57,79.57,67.73,86.65,60.15
79.80,79.80,68.24,87.22,61.06
78.21,78.21,69.08,86.79,64.40
78.99,78.99,61.83,86.14,65.13
81.16,81.16,62.29,87.15,65.87
77.12,77.12,60.27,87.24,68.70
79.13,79.13,52.90,86.09,69.61
81.77,81.77,57.08,86.59,70.12
82.66,82.66,46.11,87.24,70.69
84.52,84.52,54.73,86.68,69.91
84.34,84.34,55.40,84.93,68.61
83.65,83.65,59.88,85.44,70.03
84.23,84.23,64.52,85.87,71.22
84.36,84.36,62.41,85.29,73.55
85.12,85.12,62.96,84.65,74.07
84.26,84.26,57.50,86.50,73.95
84.00,84.00,57.67,86.63,74.59
81.57,81.57,53.22,86.41,73.73
79.39,79.39,48.62,86.02,74.05
77.58,77.58,47.66,87.13,76.58
77.78,77.78,52.90,87.62,77.22
77.45,77.45,53.10,87.00,76.68
76.78,76.78,54.82,87.55,77.38
74.13,74.13,57.69,87.99,78.36
77.11,77.11,66.77,87.48,77.05
80.86,80.86,79.45,86.25,76.28
80.11,80.11,82.45,87.13,76.79
78.97,78.97,81.83,87.17,76.87
74.28,74.28,84.19,86.48,76.04
79.82,79.82,87.17,84.35,76.55
80.82,80.82,83.58,84.97,75.89
79.72,79.72,86.24,85.81,74.74
75.91,75.91,79.43,85.62,74.34
76.57,76.57,77.65,85.63,74.81
77.66,77.66,65.00,87.21,74.09
79.38,79.38,76.76,87.38,73.14
80.36,80.36,77.69,86.40,72.33
82.27,82.27,79.82,83.01,70.17
79.44,79.44,82.57,86.57,66.73
72.54,72.54,83.33,80.91,70.26
71.61,71.61,80.95,83.58,70.15
70.43,70.43,88.89,82.56,69.56
69.77,69.77,85.60,82.69,69.74
69.85,69.85,85.16,80.15,67.69
71.45,71.45,82.25,75.28,69.16
64.39,64.39,79.82,81.93,70.11
63.41,63.41,76.40,85.69,72.09
65.40,65.40,75.13,85.27,72.27
67.91,67.91,76.85,82.79,71.16
63.14,63.14,77.44,80.96,71.07
68.70,68.70,70.37,84.23,70.67
64.35,64.35,65.24,85.34,71.86
67.31,67.31,60.83,85.81,70.29
65.42,65.42,61.78,85.56,72.66
60.04,60.04,65.57,84.96,71.10
67.26,67.26,66.30,85.23,69.50
65.75,65.75,64.48,85.11,69.18
60.91,60.91,67.30,86.40,70.68
63.10,63.10,67.57,87.10,71.62
60.80,60.80,62.72,85.70,76.37
63.14,63.14,61.82,83.49,72.47
63.24,63.24,63.29,84.60,74.91
56.93,56.93,55.92,85.80,72.77
56.65,56.65,52.97,85.84,75.00
56.90,56.90,56.70,85.19,76.02
52.56,52.56,59.87,84.71,76.94
51.47,51.47,62.66,84.56,78.43
54.44,54.44,63.38,84.18,78.49
51.76,51.76,56.39,86.04,77.72
53.10,53.10,54.04,86.40,75.66
50.18,50.18,56.71,85.24,74.73
50.29,50.29,57.08,85.54,72.40
49.52,49.52,55.98,85.32,73.53
48.79,48.79,60.40,85.56,75.04
47.91,47.91,56.43,86.25,76.13
48.00,48.00,59.95,85.75,74.80
49.21,49.21,55.55,85.16,75.05
50.60,50.60,59.29,85.83,73.05
50.12,50.12,53.37,84.45,71.55
46.01,46.01,54.19,84.82,74.62
44.29,44.29,50.48,85.40,76.84
42.39,42.39,52.08,85.17,76.65
42.80,42.80,51.48,84.80,76.31
48.36,48.36,53.37,85.05,75.21
48.87,48.87,61.76,84.54,73.53
49.99,49.99,59.44,86.22,72.57
50.56,50.56,64.01,86.64,72.10
47.24,47.24,61.00,84.78,73.95
40.92,40.92,63.74,84.84,74.26
32.71,32.71,58.27,85.47,74.47
33.69,33.69,58.39,85.79,73.48
37.83,37.83,51.89,86.10,72.45
37.96,37.96,48.97,86.45,71.63
38.90,38.90,47.79,85.99,70.54
37.82,37.82,48.39,85.39,69.41
40.40,40.40,50.18,84.67,70.73
38.41,38.41,51.21,86.88,68.18
34.36,34.36,53.78,87.21,69.06
36.65,36.65,50.42,85.08,70.27
37.52,37.52,50.83,85.77,70.30
39.46,39.46,48.80,85.32,69.94
38.83,38.83,52.16,86.03,68.89
40.38,40.38,51.67,86.55,67.83
42.32,42.32,49.52,85.99,68.98
45.96,45.96,51.59,85.18,70.32
51.17,51.17,45.47,85.40,71.63
55.78,55.78,46.69,84.89,71.70
57.04,57.04,45.89,86.47,72.26
57.66,57.66,49.28,86.57,71.10
57.75,57.75,56.34,85.25,69.28
56.14,56.14,63.10,85.70,64.10
52.75,52.75,67.84,84.37,59.28
53.47,53.47,88.67,81.51,60.58
58.20,58.20,81.67,84.41,61.39
58.15,58.15,75.45,84.66,59.30
59.59,59.59,72.80,83.37,62.25
60.08,60.08,70.37,83.03,61.13
60.28,60.28,67.19,83.21,62.67
61.70,61.70,64.08,84.66,59.04
63.60,63.60,65.12,85.11,61.70
65.75,65.75,62.81,84.31,65.72
66.65,66.65,62.18,83.98,64.28
70.83,70.83,63.46,84.13,64.95
71.55,71.55,68.25,85.86,64.73
68.75,68.75,71.83,86.95,69.49
70.30,70.30,74.43,86.27,67.17
75.77,75.77,78.20,85.44,67.59
78.58,78.58,72.82,84.68,67.65
79.56,79.56,73.83,85.64,69.58
78.93,78.93,67.54,86.43,65.69
78.64,78.64,55.47,86.89,64.12
79.19,79.19,54.30,86.69,61.39
78.57,78.57,51.85,86.13,59.82
74.91,74.91,53.44,85.32,58.83
66.71,66.71,53.02,85.91,60.89
71.18,71.18,54.31,85.89,64.06
77.65,77.65,63.91,84.97,69.00
77.04,77.04,69.44,83.41,72.10
74.91,74.91,76.81,82.83,72.11
75.56,75.56,75.18,82.75,72.26
75.38,75.38,68.94,84.61,71.61
76.60,76.60,73.62,85.17,72.37
74.52,74.52,63.16,84.77,69.22
73.92,73.92,49.46,84.01,67.51
75.47,75.47,45.56,83.76,67.72
75.83,75.83,44.97,84.75,68.87
76.70,76.70,53.56,85.66,67.01
76.38,76.38,54.61,85.68,67.16
75.79,75.79,64.87,85.69,67.17
76.58,76.58,71.37,86.19,69.39
74.21,74.21,75.71,84.29,70.58
75.62,75.62,76.71,85.49,70.07
73.07,73.07,70.16,85.69,71.61
70.55,70.55,73.56,84.70,69.57
74.03,74.03,71.29,83.44,69.87
75.51,75.51,61.17,84.01,65.84
77.01,77.01,52.22,84.06,66.80
75.85,75.85,50.28,84.87,67.33
71.49,71.49,52.90,84.74,66.75
69.33,69.33,58.16,84.59,63.05
59.35,59.35,67.76,84.32,56.64
63.34,63.34,77.61,83.50,52.96
67.53,67.53,86.15,83.59,53.58
68.23,68.23,82.60,78.32,54.21
72.61,72.61,85.18,73.22,56.45
72.01,72.01,88.34,80.27,57.09
72.00,72.00,86.02,83.90,62.96
73.14,73.14,87.43,84.46,63.84
71.77,71.77,83.24,83.47,60.36
72.56,72.56,80.76,85.01,60.05
73.29,73.29,69.25,85.53,67.30
72.36,72.36,69.84,84.45,60.86
72.41,72.41,76.79,84.48,66.80
73.96,73.96,80.27,86.40,64.10
73.11,73.11,74.02,86.50,67.43
74.05,74.05,71.79,84.79,69.60
76.00,76.00,64.16,85.55,66.24
76.88,76.88,62.09,85.91,70.26
75.84,75.84,63.29,85.06,69.15
75.98,75.98,57.52,84.10,69.60
76.94,76.94,65.00,85.61,72.40
74.86,74.86,67.64,86.53,71.06
74.75,74.75,70.89,86.07,72.98
75.32,75.32,69.93,84.85,72.42
73.12,73.12,72.29,86.78,71.04
74.48,74.48,73.50,86.89,73.24
74.52,74.52,68.42,85.62,69.53
72.05,72.05,65.80,85.35,69.84
71.66,71.66,55.72,87.02,71.29
72.31,72.31,62.00,86.86,67.69
74.21,74.21,68.33,84.98,69.14
74.14,74.14,68.64,85.65,68.84
75.20,75.20,64.44,86.24,68.41
72.93,72.93,59.87,85.12,69.29
74.51,74.51,57.76,83.38,69.27
74.09,74.09,60.82,84.82,66.11
72.53,72.53,65.70,85.18,69.08
72.14,72.14,61.45,84.86,64.77
70.99,70.99,63.88,83.18,66.75
72.37,72.37,67.77,85.49,67.24
72.83,72.83,70.64,87.18,69.64
75.01,75.01,67.78,86.65,70.92
76.01,76.01,64.95,86.69,71.78
78.56,78.56,65.22,88.13,71.16
76.98,76.98,58.25,88.07,71.72
78.94,78.94,60.82,87.23,71.43
78.31,78.31,51.34,87.72,70.34
78.43,78.43,55.12,87.48,70.06
78.49,78.49,59.03,87.30,69.09
78.02,78.02,59.85,85.46,69.42
79.04,79.04,61.97,86.32,67.71
79.80,79.80,63.77,86.74,66.65
80.41,80.41,65.84,86.25,67.83
78.80,78.80,59.68,85.61,66.97
78.58,78.58,60.84,86.87,64.98
79.81,79.81,54.16,86.84,65.89
80.76,80.76,50.60,86.53,65.72
81.11,81.11,47.86,86.31,64.91
81.15,81.15,47.75,86.81,66.51
82.39,82.39,55.54,86.87,63.46
82.08,82.08,56.67,85.76,61.96
80.38,80.38,56.49,86.32,61.62
81.25,81.25,58.57,86.71,56.18
82.94,82.94,65.62,86.71,58.20
81.31,81.31,84.83,85.06,55.06
78.55,78.55,77.70,85.51,58.81
79.14,79.14,85.49,85.63,59.43
80.81,80.81,85.96,84.94,56.40
77.63,77.63,86.16,83.75,60.51
70.88,70.88,86.32,85.53,58.43
68.25,68.25,82.97,86.70,53.80
72.21,72.21,81.20,85.86,55.38
76.70,76.70,71.90,85.88,57.57
78.57,78.57,70.08,87.28,55.07
77.88,77.88,76.81,86.57,57.48
76.23,76.23,78.99,84.82,57.50
75.47,75.47,81.75,80.36,58.50
76.47,76.47,83.46,83.43,65.89
78.52,78.52,82.59,84.65,65.93
78.92,78.92,85.06,83.88,62.28
75.69,75.69,86.99,85.29,65.67
75.52,75.52,85.19,85.46,68.15
71.99,71.99,86.13,84.20,69.47
70.53,70.53,81.54,85.91,67.34
70.15,70.15,76.49,86.03,69.26
71.82,71.82,70.65,86.23,68.76
71.94,71.94,77.91,87.31,66.62
69.38,69.38,78.47,86.15,67.47
76.73,76.73,70.25,86.60,67.18
74.52,74.52,70.88,87.18,69.07
79.30,79.30,65.79,86.15,67.75
73.77,73.77,64.37,87.04,68.26
77.31,77.31,61.09,87.15,71.04
75.04,75.04,65.13,86.49,69.73
75.69,75.69,68.40,87.28,72.35
75.40,75.40,66.67,86.97,72.68
74.38,74.38,65.40,85.81,72.92
73.19,73.19,69.81,87.63,73.40
74.49,74.49,67.44,86.90,72.69
75.32,75.32,69.34,87.13,71.29
77.31,77.31,63.03,87.23,71.50
75.35,75.35,53.70,85.91,70.25
78.98,78.98,63.17,87.01,71.11
77.49,77.49,64.48,87.07,69.21
77.26,77.26,61.59,86.08,70.97
76.14,76.14,62.95,87.44,71.12
74.56,74.56,62.58,87.41,70.91
73.68,73.68,56.62,85.93,71.06
76.50,76.50,62.64,87.54,70.85
73.86,73.86,59.87,87.49,70.34
75.73,75.73,63.74,87.11,69.73
75.96,75.96,67.73,87.89,71.82
77.19,77.19,65.39,86.37,69.37
75.23,75.23,61.22,87.24,68.85
76.96,76.96,65.54,87.39,68.82
76.79,76.79,67.88,86.42,69.28
82.28,82.28,63.60,87.45,69.06
80.67,80.67,67.55,87.74,69.63
76.61,76.61,65.59,86.58,68.89
78.15,78.15,58.14,88.12,67.67
79.69,79.69,53.53,87.79,68.47
77.81,77.81,63.11,87.43,68.99
76.74,76.74,62.98,88.33,66.01
73.45,73.45,63.41,87.32,65.64
73.68,73.68,68.55,87.97,66.87
75.61,75.61,67.23,88.44,68.82
76.54,76.54,69.76,87.58,67.59
72.66,72.66,67.12,88.46,69.38
70.36,70.36,67.27,88.61,63.34
75.24,75.24,64.73,87.56,66.19
77.68,77.68,55.22,88.53,66.55
77.18,77.18,52.08,88.47,65.51
79.69,79.69,57.02,87.87,66.31
78.69,78.69,61.20,88.94,63.08
73.19,73.19,59.96,88.27,61.67
73.38,73.38,63.82,88.03,65.49
75.28,75.28,61.36,88.95,64.49
73.98,73.98,63.50,88.36,67.22
70.81,70.81,58.24,89.28,62.87
70.28,70.28,59.31,89.46,62.76
75.80,75.80,60.14,88.51,65.68
79.37,79.37,58.70,89.36,68.88
77.74,77.74,59.34,89.27,71.19
73.32,73.32,56.87,88.52,64.32
74.21,74.21,55.98,89.64,64.18
75.68,75.68,53.44,89.18,65.78
77.46,77.46,59.57,88.75,66.82
74.17,74.17,56.36,89.51,66.25
66.59,66.59,64.02,88.57,66.09
65.73,65.73,69.84,88.90,63.16
71.64,71.64,83.06,87.59,60.14
74.80,74.80,86.37,84.06,61.65
74.88,74.88,81.00,86.46,61.49
81.19,81.19,74.33,86.54,61.68
79.49,79.49,71.04,86.53,63.59
81.18,81.18,67.56,87.84,65.16
81.99,81.99,66.88,87.82,68.63
79.17,79.17,65.77,87.40,70.50
81.77,81.77,62.73,88.26,69.62
80.64,80.64,61.91,87.68,67.12
82.45,82.45,65.57,87.86,67.30
81.84,81.84,67.33,88.16,65.32
79.12,79.12,75.75,84.98,62.88
79.59,79.59,80.75,80.97,62.86
79.91,79.91,82.29,81.27,63.09
81.40,81.40,85.47,83.53,63.53
80.10,80.10,81.63,85.79,65.71
78.09,78.09,88.64,85.89,65.08
78.68,78.68,84.83,85.73,65.59
72.12,72.12,87.13,87.82,67.84
72.09,72.09,80.18,87.37,67.45
68.16,68.16,79.42,86.30,66.44
69.88,69.88,59.12,87.22,65.02
72.87,72.87,76.95,87.03,65.12
71.64,71.64,77.45,87.42,66.39
71.05,71.05,76.18,87.25,61.92
65.66,65.66,70.41,86.59,64.37
68.44,68.44,64.52,87.90,63.86
75.57,75.57,61.88,87.76,59.42
81.16,81.16,63.42,86.72,64.66
82.62,82.62,62.56,87.51,65.06
80.92,80.92,59.86,87.26,67.05
79.72,79.72,62.37,86.18,67.72
79.61,79.61,64.49,87.76,65.00
79.08,79.08,69.25,86.30,59.74
79.28,79.28,67.20,86.76,61.61
78.09,78.09,70.83,87.16,65.57
80.33,80.33,68.36,86.49,65.75
80.29,80.29,65.84,87.50,67.25
81.23,81.23,59.45,87.52,65.88
82.76,82.76,54.57,86.22,65.45
82.86,82.86,63.35,87.00,66.65
83.51,83.51,66.35,87.07,66.39
82.21,82.21,64.52,86.34,68.62
81.50,81.50,61.43,87.38,67.78
81.58,81.58,57.33,86.84,69.15
80.84,80.84,55.85,86.74,66.69
81.56,81.56,60.45,87.35,66.51
81.38,81.38,63.21,86.36,66.20
80.97,80.97,74.39,85.15,66.63
81.49,81.49,81.10,80.50,66.63
82.29,82.29,81.49,77.38,65.74
81.29,81.29,82.12,83.10,66.82
80.66,80.66,83.78,80.11,63.97
78.90,78.90,86.10,79.99,64.07
79.73,79.73,85.81,79.83,66.99
79.64,79.64,83.52,82.09,65.20
79.30,79.30,83.24,83.17,66.57
80.41,80.41,73.50,81.14,67.04
79.67,79.67,75.00,78.18,67.81
80.95,80.95,74.61,81.66,69.09
79.60,79.60,74.67,84.90,68.13
81.80,81.80,72.54,84.09,70.94
81.63,81.63,74.31,83.46,70.82
79.68,79.68,63.24,82.84,69.15
78.96,78.96,66.80,81.24,70.12
80.11,80.11,63.49,81.31,70.02
80.84,80.84,64.60,83.84,71.30
82.49,82.49,60.88,83.96,71.26
82.42,82.42,53.30,83.59,71.43
81.05,81.05,62.97,81.63,72.33
81.23,81.23,62.85,79.03,72.18
79.33,79.33,63.76,83.66,70.97
78.57,78.57,68.80,85.42,70.06
80.32,80.32,63.93,84.12,66.83
81.62,81.62,68.25,83.61,66.94
79.81,79.81,62.61,83.84,67.25
78.62,78.62,60.62,82.37,65.16
77.47,77.47,55.28,83.23,64.82
75.12,75.12,63.30,84.51,64.68
77.71,77.71,64.48,84.63,68.26
81.93,81.93,57.26,83.06,65.49
83.11,83.11,54.99,81.09,65.34
84.27,84.27,61.14,83.22,64.38
84.92,84.92,58.89,82.06,63.10
85.37,85.37,61.93,83.19,62.06
84.90,84.90,71.23,83.69,59.20
83.96,83.96,80.73,81.37,61.56
80.88,80.88,84.38,80.94,68.19
82.54,82.54,74.87,84.98,63.82
85.25,85.25,69.59,81.76,64.62
85.38,85.38,64.58,84.64,63.31
85.66,85.66,64.94,81.29,67.11
84.12,84.12,64.43,84.79,66.72
82.52,82.52,61.82,83.75,65.80
81.38,81.38,63.12,83.71,67.94
81.62,81.62,62.16,84.46,64.50
80.85,80.85,57.83,83.04,65.26
79.33,79.33,59.79,85.73,65.14
78.44,78.44,62.62,84.54,65.64
78.03,78.03,67.21,85.87,67.46
78.50,78.50,61.30,83.72,64.48
78.98,78.98,58.92,83.83,67.94
79.15,79.15,56.11,83.91,67.57
81.05,81.05,56.11,82.78,68.79
81.09,81.09,52.34,83.89,69.44
84.34,84.34,52.53,81.65,67.30
84.14,84.14,51.39,82.85,68.03
83.62,83.62,52.25,80.40,72.03
83.40,83.40,56.37,83.69,71.71
83.02,83.02,64.58,81.02,71.37
83.43,83.43,69.36,83.65,68.65
83.69,83.69,78.70,80.37,73.46
84.13,84.13,84.07,80.31,73.89
82.06,82.06,80.79,84.56,68.91
80.20,80.20,82.55,81.97,71.36
81.60,81.60,85.71,80.13,73.99
81.14,81.14,85.30,77.75,73.72
81.87,81.87,82.33,83.98,73.12
80.66,80.66,83.93,80.52,74.10
81.54,81.54,75.40,83.38,70.56
82.14,82.14,68.97,82.83,70.01
81.55,81.55,72.30,83.72,71.28
82.59,82.59,78.09,82.77,70.94
81.78,81.78,76.72,80.68,70.11
79.88,79.88,86.81,79.56,72.59
82.46,82.46,81.03,79.98,73.35
83.72,83.72,85.79,78.89,68.39
82.77,82.77,85.29,79.83,69.68
82.60,82.60,85.79,79.17,67.15
82.32,82.32,85.67,80.46,67.56
82.84,82.84,82.60,82.04,64.56
82.82,82.82,80.85,82.71,63.79
81.96,81.96,72.23,84.28,67.15
81.18,81.18,68.24,82.68,62.22
83.27,83.27,76.03,82.88,61.58
84.42,84.42,78.04,84.40,64.01
83.84,83.84,74.00,84.46,69.57
83.80,83.80,76.19,83.38,69.52
82.80,82.80,66.38,81.43,62.25
81.28,81.28,57.67,82.75,67.49
82.08,82.08,58.76,83.34,64.52
82.40,82.40,67.58,80.90,69.02
84.85,84.85,65.07,83.03,67.52
83.49,83.49,68.33,81.94,69.68
83.78,83.78,67.91,83.74,72.53
82.90,82.90,67.11,83.05,71.70
82.17,82.17,68.36,81.29,72.52
82.23,82.23,67.46,83.88,70.50
80.29,80.29,57.41,84.49,70.17
80.43,80.43,59.26,82.90,69.73
79.85,79.85,64.41,83.02,70.70
78.33,78.33,62.40,83.59,69.23
80.64,80.64,65.82,84.18,68.00
80.05,80.05,61.86,84.05,66.57
81.04,81.04,60.22,82.90,66.60
81.04,81.04,61.01,84.54,68.17
81.65,81.65,59.40,85.19,69.23
81.26,81.26,61.37,83.76,69.52
81.51,81.51,67.60,84.01,65.54
81.25,81.25,63.45,84.04,69.05
79.74,79.74,62.70,83.47,67.34
79.69,79.69,63.23,83.05,63.20
81.10,81.10,67.44,82.17,64.12
80.67,80.67,64.41,84.80,62.71
80.02,80.02,68.15,84.42,63.15
80.63,80.63,65.35,83.34,61.80
80.16,80.16,59.66,84.34,60.34
80.55,80.55,59.52,84.75,63.95
79.79,79.79,59.52,84.25,60.96
79.53,79.53,59.15,84.04,62.44
79.72,79.72,64.25,83.07,62.81
80.73,80.73,67.21,84.96,60.12
80.87,80.87,65.36,84.12,61.60
82.00,82.00,68.39,82.77,65.43
81.87,81.87,68.31,83.46,62.89
82.96,82.96,64.90,85.10,61.46
82.82,82.82,60.86,84.03,61.73
82.78,82.78,55.53,84.05,61.76
84.16,84.16,49.44,83.85,63.71
83.31,83.31,51.84,85.56,60.05
82.00,82.00,53.04,84.70,60.85
83.50,83.50,53.71,83.79,61.46
81.96,81.96,57.60,83.25,61.58
80.24,80.24,58.58,84.77,59.90
80.72,80.72,58.18,84.50,61.22
80.22,80.22,53.31,83.91,61.54
78.01,78.01,56.79,84.27,63.56
78.48,78.48,55.72,85.65,60.50
76.98,76.98,57.69,84.37,61.56
77.66,77.66,51.26,83.81,60.35
78.95,78.95,52.64,84.67,59.62
78.72,78.72,49.83,85.93,61.27
78.08,78.08,48.57,84.83,60.53
80.47,80.47,50.00,84.44,63.48
80.61,80.61,45.79,84.21,61.42
80.03,80.03,55.60,86.07,60.58
79.77,79.77,63.93,85.14,56.31
78.42,78.42,74.69,83.67,56.83
79.03,79.03,83.80,82.39,59.53
77.56,77.56,81.38,83.37,55.07
80.77,80.77,76.97,83.04,57.53
79.26,79.26,72.71,82.54,57.94
78.16,78.16,67.90,82.10,58.75
78.40,78.40,66.52,83.75,60.11
79.35,79.35,63.45,83.93,60.53
77.78,77.78,62.61,83.32,61.74
77.72,77.72,61.40,84.34,61.48
76.95,76.95,61.95,85.79,61.00
78.05,78.05,61.31,84.18,63.06
80.76,80.76,65.07,84.15,61.18
82.12,82.12,64.15,83.29,66.16
86.89,86.89,66.77,83.61,71.03
82.55,82.55,58.94,83.70,60.64
82.19,82.19,56.25,82.12,62.50
82.58,82.58,55.33,83.64,63.75
81.03,81.03,56.71,84.76,64.64
80.83,80.83,54.85,83.21,63.47
82.52,82.52,55.86,83.03,65.18
82.47,82.47,53.38,83.69,63.72
81.69,81.69,51.55,84.85,65.59
82.03,82.03,54.09,84.28,64.71
83.25,83.25,57.31,83.47,64.17
82.78,82.78,67.35,84.41,64.92
81.41,81.41,80.96,83.39,66.06
81.45,81.45,78.56,83.83,65.52
80.34,80.34,67.96,83.64,63.73
83.51,83.51,57.34,84.94,65.57
84.70,84.70,55.45,85.15,66.55
84.88,84.88,54.44,84.25,64.18
84.33,84.33,52.99,84.13,63.49
82.95,82.95,50.43,84.86,66.47
82.29,82.29,53.07,85.28,68.06
79.66,79.66,49.64,84.46,67.27
80.89,80.89,51.28,83.85,66.09
77.83,77.83,58.41,85.02,66.08
80.98,80.98,69.44,84.44,73.40
80.88,80.88,76.55,83.61,68.63
81.89,81.89,72.47,83.12,68.11
81.50,81.50,63.01,84.51,68.20
80.85,80.85,55.39,84.18,67.48
81.08,81.08,51.58,83.35,69.93
81.31,81.31,47.27,82.98,69.53
79.88,79.88,50.61,84.68,67.16
78.17,78.17,46.40,84.51,69.64
78.50,78.50,51.78,84.02,69.03
80.68,80.68,61.17,83.56,68.97
79.03,79.03,64.92,65.92,70.31
80.90,80.90,73.97,71.12,67.77
75.50,75.50,83.39,83.90,65.54
79.19,79.19,81.73,79.67,65.12
80.05,80.05,85.59,72.61,66.73
79.71,79.71,81.52,76.43,68.61
80.12,80.12,87.14,81.66,67.73
83.96,83.96,83.76,81.06,71.75
84.83,84.83,84.07,77.49,71.87
81.88,81.88,77.13,78.16,71.95
82.21,82.21,75.19,81.88,75.36
80.98,80.98,73.96,79.41,76.46
81.97,81.97,74.65,81.48,77.99
80.86,80.86,76.40,84.49,77.96
84.01,84.01,75.01,83.55,77.71
85.29,85.29,72.23,80.69,73.28
83.15,83.15,68.15,82.63,73.78
81.30,81.30,61.11,83.61,72.38
83.39,83.39,62.47,83.88,74.02
84.97,84.97,58.00,82.86,73.67
85.25,85.25,60.04,82.80,73.75
86.68,86.68,64.32,83.28,72.97
84.67,84.67,58.90,82.17,73.99
80.77,80.77,60.91,82.37,73.08
81.63,81.63,62.53,83.95,71.82
82.83,82.83,65.40,84.76,69.07
84.56,84.56,65.54,82.36,67.28
83.21,83.21,80.62,80.12,67.73
85.23,85.23,68.60,82.44,68.11
85.61,85.61,58.63,83.29,66.30
84.81,84.81,57.75,83.05,66.42
82.47,82.47,61.54,81.45,65.68
82.61,82.61,59.81,81.87,63.16
84.77,84.77,56.49,81.23,65.51
85.98,85.98,57.65,81.73,65.62
85.35,85.35,56.73,82.09,65.87
85.78,85.78,56.09,81.56,62.29
82.22,82.22,64.23,81.23,59.87
79.18,79.18,71.32,80.95,58.21
78.54,78.54,85.57,78.99,63.97
79.20,79.20,79.46,83.14,65.41
81.99,81.99,71.34,81.18,69.53
80.81,80.81,67.80,81.61,68.13
84.60,84.60,67.88,81.78,66.74
82.09,82.09,64.19,80.54,68.97
81.17,81.17,63.28,82.10,71.37
80.35,80.35,66.39,79.74,71.01
80.75,80.75,65.50,82.21,73.74
82.92,82.92,63.14,80.25,71.40
81.06,81.06,65.57,82.61,68.17
80.39,80.39,62.97,80.61,71.93
80.96,80.96,64.95,83.57,69.73
80.26,80.26,63.17,80.80,70.02
81.32,81.32,61.48,82.56,72.21
80.69,80.69,60.89,82.41,74.99
80.32,80.32,61.75,82.94,75.94
77.49,77.49,56.04,84.18,76.28
82.52,82.52,53.21,81.74,77.16
80.21,80.21,50.31,84.59,75.46
78.22,78.22,51.48,82.10,76.71
79.67,79.67,52.99,84.47,76.03
77.59,77.59,54.93,83.48,76.47
78.99,78.99,65.08,84.35,75.67
81.48,81.48,70.69,84.47,73.27
80.28,80.28,85.31,82.54,73.71
80.18,80.18,82.98,81.91,71.77
76.62,76.62,85.17,80.62,70.59
78.27,78.27,83.89,77.86,70.92
77.99,77.99,88.60,70.50,70.07
71.39,71.39,86.17,77.48,71.91
68.58,68.58,86.33,77.76,70.61
70.11,70.11,80.06,80.67,70.64
73.46,73.46,76.59,81.66,69.81
75.87,75.87,66.18,82.12,70.32
74.55,74.55,78.75,83.29,68.59
75.40,75.40,76.83,81.78,66.68
73.48,73.48,82.86,83.53,66.96
72.85,72.85,81.84,79.16,62.01
71.52,71.52,83.06,84.09,69.85
74.66,74.66,83.22,85.62,70.42
73.95,73.95,88.53,84.08,69.83
71.50,71.50,88.28,82.28,69.93
71.61,71.61,84.35,80.91,71.24
67.90,67.90,84.69,81.37,67.03
69.25,69.25,74.38,80.90,69.91
72.71,72.71,73.70,82.25,67.30
72.67,72.67,73.52,83.53,68.43
70.34,70.34,80.93,84.68,68.85
70.04,70.04,74.89,84.40,69.89
68.54,68.54,70.51,83.14,70.62
64.48,64.48,66.35,83.17,68.81
66.30,66.30,61.33,84.10,71.03
66.30,66.30,56.82,83.10,71.02
67.69,67.69,65.79,82.94,69.94
70.48,70.48,65.64,83.58,72.07
68.57,68.57,71.16,84.06,70.51
65.13,65.13,69.01,83.41,69.33
66.50,66.50,67.76,83.89,72.54
66.88,66.88,69.31,84.72,73.12
66.73,66.73,69.76,84.62,72.89
66.79,66.79,64.37,83.62,74.52
65.13,65.13,61.46,83.00,76.62
63.92,63.92,59.73,84.39,77.06
64.65,64.65,63.56,84.94,77.04
63.17,63.17,62.08,84.00,75.51
62.29,62.29,65.47,83.12,75.23
61.85,61.85,64.14,84.39,74.62
62.14,62.14,57.93,84.72,73.78
63.75,63.75,53.93,82.76,75.19
61.23,61.23,59.72,83.90,76.42
63.04,63.04,65.32,84.19,74.30
60.16,60.16,65.09,84.36,76.03
60.38,60.38,68.38,84.44,74.63
61.73,61.73,64.30,82.72,75.90
60.13,60.13,67.11,84.87,74.95
58.45,58.45,65.72,84.56,73.79
58.29,58.29,68.21,82.93,75.06
59.24,59.24,66.79,83.92,73.43
60.40,60.40,62.88,84.31,74.98
56.96,56.96,59.44,84.56,75.18
58.67,58.67,56.83,83.82,75.40
58.57,58.57,59.57,82.53,77.64
55.70,55.70,65.30,85.25,75.49
51.51,51.51,66.90,83.88,76.00
50.32,50.32,66.87,82.02,77.45
47.24,47.24,69.68,83.68,73.20
51.02,51.02,71.71,83.51,76.40
50.11,50.11,68.53,83.11,75.41
53.89,53.89,68.71,83.77,74.10
52.99,52.99,62.79,82.64,75.65
52.53,52.53,58.56,85.13,74.44
51.78,51.78,44.95,84.24,75.23
48.02,48.02,53.73,82.52,73.90
47.29,47.29,54.38,83.73,74.17
45.12,45.12,60.82,85.36,74.54
42.77,42.77,58.12,83.68,74.09
44.17,44.17,61.86,84.04,74.98
44.25,44.25,56.10,83.03,75.90
41.66,41.66,57.36,85.43,73.42
39.40,39.40,54.66,84.74,71.60
41.81,41.81,58.22,82.95,71.77
43.18,43.18,56.23,84.02,70.48
46.93,46.93,59.59,85.54,70.29
42.80,42.80,55.98,84.34,68.67
44.17,44.17,55.48,83.78,64.94
44.47,44.47,52.01,83.91,67.60
43.83,43.83,53.32,85.59,69.37
43.09,43.09,54.04,84.43,68.33
37.52,37.52,56.74,83.92,67.03
30.62,30.62,64.02,84.32,64.06
24.19,24.19,68.38,85.10,64.74
22.08,22.08,89.28,81.83,67.31
16.28,16.28,81.45,83.32,67.52
25.63,25.63,75.76,82.98,63.78
30.75,30.75,73.51,83.52,65.90
31.51,31.51,70.25,82.45,66.43
30.44,30.44,67.76,81.08,68.35
31.66,31.66,66.07,81.82,71.28
35.37,35.37,64.92,82.92,72.49
42.47,42.47,64.86,81.06,71.67
42.66,42.66,64.69,82.71,71.55
47.65,47.65,66.34,82.51,71.53
61.10,61.10,70.22,84.68,70.13
67.20,67.20,80.62,83.92,70.01
68.76,68.76,85.77,80.49,71.02
72.33,72.33,81.69,73.90,70.93
76.81,76.81,86.30,75.61,68.90
76.27,76.27,88.36,75.97,69.89
77.08,77.08,89.30,77.02,67.44
76.10,76.10,84.91,79.57,69.98
74.72,74.72,84.74,83.74,70.59
75.44,75.44,77.08,83.30,67.21
78.58,78.58,67.61,82.70,68.13
79.61,79.61,74.16,83.42,68.99
80.26,80.26,81.17,83.62,66.87
77.86,77.86,76.94,82.37,68.14
81.83,81.83,72.30,82.77,67.47
80.60,80.60,66.95,83.50,68.37
80.12,80.12,63.17,84.11,67.16
80.26,80.26,61.10,83.41,67.55
80.23,80.23,60.97,82.34,67.12
80.18,80.18,59.28,83.43,68.31
79.75,79.75,65.75,84.69,68.19
80.29,80.29,68.52,82.31,66.46
79.69,79.69,63.12,81.12,66.85
78.32,78.32,69.40,82.49,67.73
78.21,78.21,72.74,82.63,68.39
78.59,78.59,71.28,82.07,65.78
79.07,79.07,75.79,81.67,68.77
76.71,76.71,79.73,82.74,66.30
76.84,76.84,68.82,82.59,66.20
77.30,77.30,63.27,80.47,66.12
77.81,77.81,66.08,81.41,65.38
77.07,77.07,67.50,82.69,65.79
76.50,76.50,60.46,82.69,65.41
74.58,74.58,55.77,82.15,64.61
70.63,70.63,53.55,81.74,64.95
68.25,68.25,62.95,76.17,65.91
76.01,76.01,59.27,61.64,65.52
79.35,79.35,64.90,63.95,64.69
78.87,78.87,76.86,76.49,65.40
73.97,73.97,86.83,80.65,66.50
81.19,81.19,81.10,82.62,66.60
77.66,77.66,85.15,80.46,68.36
78.16,78.16,88.97,76.64,71.85
79.14,79.14,83.83,78.98,74.57
81.50,81.50,87.48,79.76,75.77
78.41,78.41,83.19,80.89,75.45
81.90,81.90,78.45,79.92,75.76
80.89,80.89,73.75,80.39,75.84
79.09,79.09,73.11,82.61,75.34
82.72,82.72,76.01,82.48,72.55
81.77,81.77,77.72,83.01,70.01
81.98,81.98,72.92,78.30,75.75
83.62,83.62,67.63,81.26,70.60
84.93,84.93,56.00,82.79,70.55
84.20,84.20,59.97,82.01,72.75
83.61,83.61,59.71,82.15,75.94
80.80,80.80,55.77,80.53,77.55
83.01,83.01,57.19,81.32,77.92
81.47,81.47,61.12,81.18,76.58
81.80,81.80,61.93,80.62,73.08
82.96,82.96,64.09,81.09,70.58
83.30,83.30,63.50,82.50,69.72
82.99,82.99,66.62,80.79,72.75
79.86,79.86,78.73,81.99,75.02
79.30,79.30,84.45,83.60,71.90
82.20,82.20,70.87,82.58,71.72
80.75,80.75,62.94,81.51,72.65
82.39,82.39,60.46,81.49,70.78
82.43,82.43,61.93,83.07,70.97
84.14,84.14,57.93,83.34,72.46
83.07,83.07,59.22,82.70,72.11
82.91,82.91,54.51,83.22,71.71
80.28,80.28,54.99,81.81,72.53
77.00,77.00,62.66,81.38,72.31
74.57,74.57,71.44,83.25,71.84
79.20,79.20,78.18,81.67,72.35
81.73,81.73,86.61,79.27,74.56
80.11,80.11,79.23,80.95,73.92
78.59,78.59,75.98,82.82,73.77
82.02,82.02,69.34,81.87,74.86
80.07,80.07,68.04,81.39,76.63
81.34,81.34,68.41,82.62,76.00
83.15,83.15,65.10,79.84,72.66
85.24,85.24,65.82,82.75,70.08
82.72,82.72,63.80,80.45,68.35
82.12,82.12,61.81,83.09,68.49
83.02,83.02,64.20,81.29,70.18
86.42,86.42,61.64,83.67,67.28
85.24,85.24,67.44,80.25,66.98
82.66,82.66,62.02,83.41,66.25
76.69,76.69,59.62,83.50,65.77
75.86,75.86,56.21,84.41,68.26
75.20,75.20,56.44,84.05,68.72
75.61,75.61,57.60,83.44,67.16
73.76,73.76,62.59,85.65,69.11
71.95,71.95,65.17,83.50,71.34
72.55,72.55,65.39,85.27,72.88
75.65,75.65,64.01,82.39,72.74
76.25,76.25,64.26,83.58,68.24
77.32,77.32,70.46,83.73,66.01
81.27,81.27,78.07,81.04,67.65
80.47,80.47,84.28,80.84,61.45
80.61,80.61,78.36,80.78,60.69
79.23,79.23,83.78,83.59,60.03
80.35,80.35,88.48,79.43,63.72
79.35,79.35,85.16,83.08,62.06
73.31,73.31,87.35,77.61,62.27
65.57,65.57,82.16,80.21,63.89
69.20,69.20,80.67,79.97,65.07
69.72,69.72,71.63,81.32,70.61
72.01,72.01,70.25,81.66,74.18
70.52,70.52,76.68,80.80,75.37
70.78,70.78,81.35,81.75,76.18
77.44,77.44,82.35,80.02,76.43
77.49,77.49,85.72,79.16,77.33
77.76,77.76,85.05,78.72,78.31
80.44,80.44,85.34,77.10,77.17
81.86,81.86,88.84,75.46,76.78
83.87,83.87,83.30,78.28,75.25
85.32,85.32,85.07,81.30,76.54
84.62,84.62,76.44,81.27,77.74
86.76,86.76,76.98,81.29,77.88
83.79,83.79,72.27,83.46,78.61
81.76,81.76,76.21,82.65,78.12
81.37,81.37,77.51,82.34,77.18
81.97,81.97,71.91,81.91,78.59
80.43,80.43,63.26,83.83,77.39
81.01,81.01,64.68,83.65,78.18
81.15,81.15,59.52,82.66,78.37
81.37,81.37,61.84,81.40,77.94
81.60,81.60,66.37,83.20,76.04
83.06,83.06,64.43,83.89,73.88
81.15,81.15,68.85,81.98,69.77
81.05,81.05,64.84,81.74,71.99
81.45,81.45,68.04,83.06,69.87
80.68,80.68,67.78,82.78,68.98
82.02,82.02,68.83,82.38,68.41
79.02,79.02,60.54,82.82,71.55
82.58,82.58,57.94,84.85,70.10
77.71,77.71,62.60,83.97,68.82
78.19,78.19,60.64,81.77,69.09
80.62,80.62,63.84,82.20,69.20
79.77,79.77,65.46,84.34,70.33
78.49,78.49,60.85,83.83,72.02
80.42,80.42,54.68,81.99,72.79
79.00,79.00,58.64,82.49,72.69
77.92,77.92,59.36,84.69,72.19
78.10,78.10,65.15,83.95,72.72
79.07,79.07,67.96,82.78,72.49
78.59,78.59,64.95,82.79,72.64
77.69,77.69,67.77,84.32,72.31
79.86,79.86,65.67,83.27,72.38
80.05,80.05,69.33,81.39,71.45
80.60,80.60,65.95,82.05,71.17
81.33,81.33,63.64,84.13,72.84
80.86,80.86,58.10,82.77,68.87
81.95,81.95,53.85,83.45,67.83
80.75,80.75,58.32,83.41,69.33
79.56,79.56,63.77,84.38,71.26
79.63,79.63,63.05,83.71,68.64
79.29,79.29,67.85,83.57,69.23
77.57,77.57,66.66,82.81,67.32
78.33,78.33,70.38,84.14,66.94
78.73,78.73,67.24,82.48,65.82
79.52,79.52,68.73,81.92,64.20
79.73,79.73,61.77,83.01,63.91
79.08,79.08,60.75,83.76,62.60
79.21,79.21,49.29,82.94,61.23
80.36,80.36,43.78,83.26,62.52
80.16,80.16,50.12,82.85,60.18
79.66,79.66,56.13,84.20,58.20
78.63,78.63,53.78,83.01,58.14
79.02,79.02,59.62,82.15,60.05
80.33,80.33,58.35,84.40,57.96
80.65,80.65,56.24,84.24,59.44
81.14,81.14,64.64,82.61,64.34
80.47,80.47,58.23,83.74,66.39
80.37,80.37,52.69,83.22,68.76
79.60,79.60,56.43,83.94,70.40
78.36,78.36,51.76,83.40,70.90
76.31,76.31,52.28,82.53,71.18
73.75,73.75,50.89,84.59,69.64
62.41,62.41,47.62,83.85,67.71
63.90,63.90,47.51,83.74,66.87
60.19,60.19,55.08,83.31,67.90
58.78,58.78,59.57,84.48,63.75
61.79,61.79,69.28,85.20,61.66
71.05,71.05,81.20,83.10,62.04
80.46,80.46,85.95,82.10,64.95
81.60,81.60,77.95,84.06,62.81
75.66,75.66,75.65,84.03,62.46
72.50,72.50,71.04,83.03,62.58
72.02,72.02,69.43,82.33,64.71
76.58,76.58,64.47,84.16,63.61
78.73,78.73,62.22,83.93,62.37
76.60,76.60,64.25,83.18,63.49
79.47,79.47,61.44,83.75,64.68
80.19,80.19,65.06,85.16,65.64
77.79,77.79,64.72,85.12,67.06
80.38,80.38,64.76,83.52,67.20
83.79,83.79,66.42,82.06,71.05
81.26,81.26,57.77,84.05,69.90
77.98,77.98,54.96,83.56,70.66
80.77,80.77,58.74,83.46,71.13
79.98,79.98,60.25,83.92,70.44
79.77,79.77,59.28,84.88,68.58
77.76,77.76,53.66,85.57,69.62
72.64,72.64,54.20,84.37,68.67
74.50,74.50,54.21,84.54,69.42
75.44,75.44,56.51,86.08,70.66
77.82,77.82,67.96,84.86,69.15
79.61,79.61,72.77,84.15,65.56
79.23,79.23,81.58,82.01,65.29
79.32,79.32,84.88,83.86,62.69
78.07,78.07,68.30,84.15,62.63
77.99,77.99,69.72,82.90,64.17
77.06,77.06,66.31,83.44,66.12
76.43,76.43,59.47,84.86,65.26
81.96,81.96,55.63,83.40,66.83
82.95,82.95,55.99,83.43,68.35
80.80,80.80,50.58,83.48,65.89
80.12,80.12,46.43,84.87,65.16
81.13,81.13,49.06,84.43,65.51
80.04,80.04,58.63,83.37,61.06
80.20,80.20,67.84,83.43,63.58
78.90,78.90,77.29,83.12,60.83
78.51,78.51,73.14,82.51,60.01
74.84,74.84,65.82,82.19,59.25
77.53,77.53,54.95,82.66,60.39
80.65,80.65,52.80,83.56,60.70
81.13,81.13,48.24,83.39,60.84
79.32,79.32,44.11,83.08,63.80
79.68,79.68,46.20,82.79,63.14
80.06,80.06,45.62,84.76,61.23
76.39,76.39,52.70,83.81,60.28
75.62,75.62,59.48,83.02,60.33
74.45,74.45,66.23,83.02,60.84
80.09,80.09,83.26,82.86,65.63
81.37,81.37,82.33,80.24,62.80
82.76,82.76,86.86,79.82,62.48
82.32,82.32,86.89,77.76,64.69
78.70,78.70,86.39,81.20,61.75
76.60,76.60,84.86,82.38,63.69
78.02,78.02,85.85,81.78,63.78
78.27,78.27,81.08,83.09,61.29
79.98,79.98,76.41,82.40,60.56
83.07,83.07,69.04,81.74,61.12
83.34,83.34,76.24,83.68,62.47
79.51,79.51,79.98,83.51,61.49
81.73,81.73,75.40,84.32,59.67
81.94,81.94,77.19,83.99,66.30
81.51,81.51,71.30,84.70,58.76
81.09,81.09,63.96,84.68,64.61
82.01,82.01,61.63,84.21,66.73
83.45,83.45,63.26,83.91,68.23
83.68,83.68,55.28,85.04,68.02
84.19,84.19,63.19,85.33,63.51
82.55,82.55,69.14,84.58,67.06
80.40,80.40,69.61,84.74,65.42
81.56,81.56,68.59,85.49,63.02
78.97,78.97,71.21,85.13,64.18
78.92,78.92,67.85,82.05,65.80
82.95,82.95,68.83,82.14,66.57
78.14,78.14,60.80,85.12,66.13
78.07,78.07,57.97,84.99,67.36
78.25,78.25,64.05,83.12,66.19
77.69,77.69,66.55,84.65,66.25
77.35,77.35,64.22,83.27,66.49
78.01,78.01,63.59,83.15,64.97
77.71,77.71,59.91,84.02,64.14
79.01,79.01,54.65,84.69,65.71
77.87,77.87,62.30,84.48,66.30
76.23,76.23,66.58,83.19,66.12
76.77,76.77,73.18,83.98,65.91
82.31,82.31,82.65,82.47,64.22
82.52,82.52,81.12,80.52,62.11
84.57,84.57,73.22,81.73,61.39
84.44,84.44,68.57,84.76,63.98
80.84,80.84,64.68,85.36,62.59
82.05,82.05,64.48,84.64,65.04
82.95,82.95,63.47,83.83,62.24
83.84,83.84,64.19,83.54,63.69
83.33,83.33,65.51,82.87,63.54
81.35,81.35,58.92,82.22,61.72
82.47,82.47,65.14,83.12,61.32
82.97,82.97,63.98,83.91,62.53
82.79,82.79,63.23,84.34,62.18
83.92,83.92,65.62,84.33,64.03
84.01,84.01,62.58,83.69,62.31
83.72,83.72,63.96,82.75,63.46
83.44,83.44,59.71,83.22,61.32
82.93,82.93,58.17,82.26,63.27
80.74,80.74,55.20,83.11,60.37
81.45,81.45,53.09,83.42,60.14
85.86,85.86,56.21,82.35,60.42
84.82,84.82,59.63,80.97,63.69
83.40,83.40,55.91,83.50,59.70
85.09,85.09,58.44,81.54,61.48
83.86,83.86,65.92,82.46,61.07
78.11,78.11,78.66,83.36,60.15
78.44,78.44,80.32,83.22,59.83
77.37,77.37,83.61,81.68,61.54
80.18,80.18,86.67,80.94,65.25
76.86,76.86,86.27,80.38,64.72
73.51,73.51,86.32,81.20,62.06
76.17,76.17,84.93,81.45,63.23
73.06,73.06,82.39,81.21,60.19
76.98,76.98,77.68,82.97,59.37
76.39,76.39,67.74,84.39,61.05
75.70,75.70,75.81,84.88,59.25
74.40,74.40,80.05,84.55,60.17
76.43,76.43,76.50,82.76,65.12
74.05,74.05,83.88,83.79,69.23
74.28,74.28,79.36,80.74,70.81
74.05,74.05,84.84,81.54,70.37
73.83,73.83,87.36,77.46,70.22
74.16,74.16,85.66,76.26,71.89
76.94,76.94,87.81,78.01,70.99
73.59,73.59,82.30,80.02,71.32
75.78,75.78,79.63,80.27,71.54
74.34,74.34,75.58,81.95,72.49
74.32,74.32,74.67,82.50,72.78
73.29,73.29,75.07,80.95,75.11
75.16,75.16,75.17,79.72,74.28
74.10,74.10,67.77,81.62,74.51
73.39,73.39,61.87,83.32,74.42
70.80,70.80,60.83,81.73,76.07
70.59,70.59,61.48,80.96,76.80
69.17,69.17,64.91,82.82,78.08
71.19,71.19,66.14,84.47,78.27
72.46,72.46,60.35,83.95,77.54
71.22,71.22,67.24,82.24,75.44
71.76,71.76,66.37,84.63,71.56
69.77,69.77,63.02,84.02,71.89
69.34,69.34,65.26,82.59,71.13
68.32,68.32,61.24,84.06,69.25
70.03,70.03,56.14,83.94,69.77
69.98,69.98,52.90,83.59,71.33
70.25,70.25,57.27,83.42,72.31
70.54,70.54,60.36,82.91,72.59
70.57,70.57,62.30,84.43,71.84
70.83,70.83,63.81,84.48,72.60
71.24,71.24,57.95,83.76,70.33
70.30,70.30,57.25,83.75,68.30
69.93,69.93,56.48,83.20,68.03
69.72,69.72,60.18,84.18,70.39
69.38,69.38,63.77,84.35,66.99
69.67,69.67,61.98,83.80,66.84
67.37,67.37,65.41,82.53,64.66
67.17,67.17,63.81,83.56,64.90
69.54,69.54,62.29,81.35,64.98
70.00,70.00,62.11,82.14,65.06
70.32,70.32,59.97,84.91,64.87
72.35,72.35,58.94,84.44,64.71
67.74,67.74,54.82,83.38,64.42
66.35,66.35,58.40,82.90,62.58
62.95,62.95,58.30,83.02,66.88
63.32,63.32,58.70,83.99,69.49
63.35,63.35,66.17,84.20,71.18
65.32,65.32,63.35,83.08,72.99
64.44,64.44,65.58,83.81,71.85
64.88,64.88,62.72,83.67,71.62
62.97,62.97,66.58,82.12,70.00
63.34,63.34,63.37,82.52,69.24
62.75,62.75,60.50,84.58,66.57
61.92,61.92,58.54,82.96,66.03
59.92,59.92,53.74,82.39,66.19
60.97,60.97,54.72,82.75,67.30
61.52,61.52,52.99,84.45,69.75
63.68,63.68,53.87,84.53,70.45
64.45,64.45,53.62,83.44,70.32
65.55,65.55,54.51,83.60,70.75
65.53,65.53,55.08,82.66,69.78
62.83,62.83,54.09,83.64,67.46
58.74,58.74,55.42,85.06,63.21
58.25,58.25,54.88,84.77,63.93
59.05,59.05,56.75,83.79,64.70
60.76,60.76,53.94,84.41,66.10
56.78,56.78,55.25,83.24,65.77
59.86,59.86,52.52,85.18,65.06
62.17,62.17,53.47,85.78,68.83
61.75,61.75,50.64,84.81,70.99
61.79,61.79,52.97,84.25,71.96
65.48,65.48,59.48,83.47,71.78
58.69,58.69,67.08,84.68,69.27
61.50,61.50,70.26,85.27,65.95
73.40,73.40,85.24,82.29,66.00
76.21,76.21,81.53,81.24,66.51
81.46,81.46,76.28,81.51,65.90
81.14,81.14,74.02,80.55,67.00
80.86,80.86,69.03,82.17,65.46
80.10,80.10,66.42,83.01,65.36
82.90,82.90,65.90,81.84,66.83
82.80,82.80,64.26,80.09,65.46
77.98,77.98,63.62,81.47,65.17
78.57,78.57,57.41,81.56,62.45
78.79,78.79,63.40,82.50,61.19
72.65,72.65,70.65,84.11,59.02
68.10,68.10,76.77,83.42,60.97
69.16,69.16,85.36,81.02,59.84
72.18,72.18,80.79,81.23,59.84
79.55,79.55,85.19,80.08,60.64
82.28,82.28,89.12,80.18,59.71
82.57,82.57,83.40,80.44,62.49
78.86,78.86,86.45,79.89,62.30
78.00,78.00,84.27,79.88,58.24
82.33,82.33,77.91,78.01,61.94
81.47,81.47,72.66,79.71,60.05
77.07,77.07,73.01,81.36,62.08
76.13,76.13,75.35,83.73,62.06
74.98,74.98,76.43,83.52,63.57
79.12,79.12,72.17,80.08,62.76
78.96,78.96,65.45,82.13,60.73
80.14,80.14,59.32,82.65,62.08
81.07,81.07,60.48,81.89,66.27
85.07,85.07,62.25,82.59,70.80
84.29,84.29,60.12,81.95,71.97
82.72,82.72,59.07,81.65,70.59
78.98,78.98,60.51,82.52,66.97
80.00,80.00,57.68,81.00,66.12
83.30,83.30,62.12,82.06,66.80
84.90,84.90,64.80,83.50,68.30
82.08,82.08,64.13,80.04,66.88
78.99,78.99,69.13,79.42,64.59
76.64,76.64,75.51,82.01,65.31
79.88,79.88,70.53,82.36,67.00
82.73,82.73,65.35,81.55,67.21
85.74,85.74,62.29,80.62,67.37
84.37,84.37,56.34,73.40,69.96
80.94,80.94,57.23,63.61,71.47
80.20,80.20,55.94,63.07,70.23
80.70,80.70,56.21,60.35,70.17
79.96,79.96,55.05,61.18,71.03
80.60,80.60,60.84,57.68,68.78
81.47,81.47,59.70,59.17,67.80
83.12,83.12,77.32,76.02,66.40
80.76,80.76,85.97,84.90,65.03
79.71,79.71,80.69,78.89,66.48
77.45,77.45,87.20,78.17,64.39
74.34,74.34,81.97,77.77,64.52
76.87,76.87,84.86,83.23,64.65
80.20,80.20,85.81,79.71,68.85
80.13,80.13,83.38,75.84,68.82
82.17,82.17,80.45,80.91,68.02
84.22,84.22,69.86,81.57,72.59
84.55,84.55,71.46,79.44,71.03
85.53,85.53,73.38,79.65,71.18
85.76,85.76,76.53,83.40,70.39
86.76,86.76,71.99,80.04,73.88
86.26,86.26,71.36,78.76,73.63
85.88,85.88,65.72,81.38,69.84
84.02,84.02,64.03,81.95,70.41
82.56,82.56,60.61,81.34,70.39
82.52,82.52,61.52,79.95,70.83
80.76,80.76,58.77,80.85,70.03
80.85,80.85,62.27,82.97,70.97
80.75,80.75,59.01,81.29,69.74
80.27,80.27,62.13,79.88,69.27
79.38,79.38,64.77,81.54,69.67
77.76,77.76,68.89,82.84,69.28
81.17,81.17,77.84,79.84,69.27
80.59,80.59,86.49,78.57,66.45
82.49,82.49,76.37,81.90,66.74
82.80,82.80,67.91,80.67,69.35
82.06,82.06,61.63,80.07,69.74
81.30,81.30,62.30,82.29,70.39
81.26,81.26,61.85,83.07,68.51
81.53,81.53,58.48,81.53,68.86
77.74,77.74,57.94,81.00,68.23
77.99,77.99,53.17,80.13,65.18
79.60,79.60,54.76,78.68,65.99
81.64,81.64,66.22,82.94,65.70
82.76,82.76,74.35,83.56,61.78
83.71,83.71,85.29,81.82,62.03
82.41,82.41,79.70,80.91,62.49
81.76,81.76,69.83,82.03,61.13
82.62,82.62,69.14,81.60,56.46
84.27,84.27,66.98,81.71,62.48
83.60,83.60,65.48,81.83,64.36
84.01,84.01,61.56,82.45,62.63
84.73,84.73,62.28,83.54,62.53
83.64,83.64,61.63,82.51,61.77
83.25,83.25,62.15,84.09,65.58
80.98,80.98,62.82,81.48,65.30
79.81,79.81,62.35,85.01,64.51
80.72,80.72,69.01,82.50,65.59
82.22,82.22,64.76,82.44,62.56
83.74,83.74,58.69,83.40,63.71
84.25,84.25,59.51,80.50,67.06
83.47,83.47,59.58,84.19,65.44
79.82,79.82,55.81,81.45,65.68
79.72,79.72,55.62,83.75,65.74
80.37,80.37,52.87,81.60,64.17
80.92,80.92,50.53,84.03,64.19
82.28,82.28,54.57,82.12,65.38
83.65,83.65,56.56,84.30,64.36
82.00,82.00,64.43,84.08,64.55
82.50,82.50,69.03,84.36,64.61
77.86,77.86,83.59,84.23,64.06
79.15,79.15,81.55,81.52,63.75
79.16,79.16,86.26,81.70,63.12
78.59,78.59,84.45,75.45,63.48
79.54,79.54,87.64,76.14,63.00
78.74,78.74,86.22,75.16,62.92
82.06,82.06,84.07,80.22,63.54
81.56,81.56,82.79,79.18,62.35
80.13,80.13,74.96,80.27,62.49
79.06,79.06,65.77,82.43,57.42
79.64,79.64,76.65,80.83,58.80
78.90,78.90,77.70,83.49,57.66
77.93,77.93,82.11,79.60,63.42
77.63,77.63,82.72,80.21,60.77
79.97,79.97,82.07,83.36,59.79
82.21,82.21,84.71,84.30,62.43
81.64,81.64,86.54,82.79,62.63
82.20,82.20,86.97,81.25,60.96
80.84,80.84,83.60,80.66,60.53
81.13,81.13,81.73,79.54,60.09
83.40,83.40,71.26,80.73,61.05
83.99,83.99,73.10,83.13,61.40
84.46,84.46,72.64,82.09,58.29
83.30,83.30,80.22,82.70,58.67
83.24,83.24,70.56,83.34,61.53
82.55,82.55,72.11,84.03,63.08
81.34,81.34,65.23,82.94,61.49
81.19,81.19,60.69,81.72,62.45
80.88,80.88,56.11,81.91,62.19
80.45,80.45,65.96,82.71,61.47
80.24,80.24,66.98,81.12,60.06
80.63,80.63,67.26,81.00,63.35
80.90,80.90,66.94,81.13,64.18
82.08,82.08,65.90,83.24,63.83
81.82,81.82,68.86,82.62,65.96
82.98,82.98,68.60,80.80,62.45
82.91,82.91,61.37,83.12,61.57
82.67,82.67,53.94,83.55,63.84
83.16,83.16,59.47,82.01,62.60
82.06,82.06,63.08,82.63,60.90
80.09,80.09,63.03,82.93,62.00
79.62,79.62,64.22,83.80,62.49
80.07,80.07,61.76,83.10,59.27
80.60,80.60,58.57,81.83,65.36
80.02,80.02,58.34,83.55,62.73
78.31,78.31,57.75,84.40,64.28
77.74,77.74,63.66,83.39,61.76
79.78,79.78,66.69,83.26,60.26
81.46,81.46,63.89,84.16,66.17
81.80,81.80,65.59,84.03,64.60
81.71,81.71,67.69,83.61,64.31
82.62,82.62,66.43,81.87,66.62
80.12,80.12,66.00,83.19,66.58
80.43,80.43,68.09,83.80,63.68
79.51,79.51,63.31,81.75,65.48
80.12,80.12,60.47,82.76,63.23
79.64,79.64,54.60,82.91,64.83
80.68,80.68,59.57,83.48,63.62
81.91,81.91,65.53,83.61,63.09
81.94,81.94,64.51,81.44,65.32
82.05,82.05,69.53,83.72,63.35
81.23,81.23,67.65,83.62,62.72
80.22,80.22,71.28,80.42,66.97
78.73,78.73,66.44,82.27,63.37
78.84,78.84,66.81,82.73,63.59
81.37,81.37,57.31,83.42,64.25
82.36,82.36,53.69,83.68,64.20
82.31,82.31,44.74,81.37,64.02
83.10,83.10,52.33,84.83,63.52
81.24,81.24,54.10,83.97,62.51
82.39,82.39,57.72,82.49,63.50
83.04,83.04,63.68,83.91,64.21
82.57,82.57,62.29,84.29,64.40
82.81,82.81,57.81,83.17,62.28
82.03,82.03,60.51,83.21,62.33
82.82,82.82,57.92,81.86,64.23
82.65,82.65,52.21,84.01,62.30
81.69,81.69,54.01,83.03,63.44
82.89,82.89,54.31,81.16,60.72
84.04,84.04,56.05,82.89,62.68
83.16,83.16,53.86,83.79,60.85
83.19,83.19,50.12,82.22,61.13
82.63,82.63,53.89,83.15,60.64
82.15,82.15,53.91,82.60,59.64
82.60,82.60,56.60,84.72,54.36
79.38,79.38,64.65,83.59,53.50
78.47,78.47,75.75,81.03,52.91
78.57,78.57,87.93,80.13,55.88
77.14,77.14,79.16,84.52,54.33
81.03,81.03,74.37,83.22,52.44
82.14,82.14,71.32,82.19,58.71
81.40,81.40,69.81,82.50,56.21
81.82,81.82,66.47,84.19,58.27
81.30,81.30,62.46,83.28,55.44
82.31,82.31,63.88,81.63,55.88
82.63,82.63,61.61,83.08,58.76
82.70,82.70,63.03,84.19,60.06
83.67,83.67,62.34,82.69,59.86
83.00,83.00,65.82,81.96,61.68
83.62,83.62,78.34,81.38,65.33
82.05,82.05,74.52,82.55,61.29
79.19,79.19,61.43,82.53,61.85
79.70,79.70,56.40,79.75,63.18
81.88,81.88,57.55,83.02,63.41
83.43,83.43,53.34,84.24,62.23
83.57,83.57,53.85,82.77,59.89
83.03,83.03,52.01,83.07,59.82
82.98,82.98,54.46,81.98,59.56
85.30,85.30,56.97,83.79,63.49
82.84,82.84,55.91,82.81,62.52
82.84,82.84,63.67,82.02,63.58
82.61,82.61,74.65,82.35,63.32
80.06,80.06,85.28,81.99,65.17
82.40,82.40,68.77,81.90,67.69
80.68,80.68,59.49,82.11,71.84
82.79,82.79,56.53,82.57,72.05
83.10,83.10,57.87,83.86,71.42
84.34,84.34,52.76,82.38,71.51
83.93,83.93,56.60,81.76,68.33
81.93,81.93,53.76,83.20,66.91
83.50,83.50,50.83,83.21,68.00
82.70,82.70,54.94,82.25,66.18
82.30,82.30,58.92,82.07,65.10
85.25,85.25,64.62,83.79,66.36
83.33,83.33,74.60,84.04,65.34
83.95,83.95,76.27,83.05,66.78
80.27,80.27,64.72,82.44,64.06
79.31,79.31,59.59,83.42,68.60
79.09,79.09,54.45,83.74,65.49
79.58,79.58,53.16,82.58,63.32
81.46,81.46,50.73,82.28,64.97
80.96,80.96,48.48,83.04,62.09
81.67,81.67,49.00,83.01,60.76
83.67,83.67,52.03,82.92,59.96
82.29,82.29,63.30,72.56,59.10
83.92,83.92,61.85,58.97,59.30
81.06,81.06,78.98,75.67,63.82
78.86,78.86,87.90,80.18,62.99
80.78,80.78,77.14,80.67,62.89
81.58,81.58,85.73,76.30,63.18
81.24,81.24,86.54,72.90,63.68
82.69,82.69,84.94,73.95,66.40
81.76,81.76,83.85,79.81,66.59
81.95,81.95,83.42,82.30,67.42
81.43,81.43,74.36,78.70,67.14
79.93,79.93,72.83,79.49,70.63
79.81,79.81,73.35,81.69,71.20
80.68,80.68,78.26,82.59,72.06
83.25,83.25,76.69,82.84,73.60
83.83,83.83,75.49,84.03,72.84
83.79,83.79,65.54,83.61,69.58
79.77,79.77,66.10,80.11,67.12
79.72,79.72,56.61,80.06,64.90
80.83,80.83,58.00,82.08,70.50
80.42,80.42,58.28,81.50,69.57
81.11,81.11,60.05,81.35,67.86
80.24,80.24,55.99,79.53,67.55
80.93,80.93,59.26,81.81,70.79
81.21,81.21,62.12,82.93,71.08
80.04,80.04,61.75,81.74,71.66
79.52,79.52,64.95,81.97,70.45
78.49,78.49,76.76,83.52,70.94
79.37,79.37,77.50,82.04,71.65
78.99,78.99,70.06,80.67,71.57
79.23,79.23,63.68,82.19,71.18
83.05,83.05,62.61,82.31,70.91
84.10,84.10,60.87,80.83,71.14
81.93,81.93,58.24,81.70,71.29
81.46,81.46,57.12,82.07,72.47
82.93,82.93,54.07,81.91,72.69
81.08,81.08,51.17,82.56,71.59
80.64,80.64,59.41,84.03,72.37
78.48,78.48,72.17,82.55,73.03
79.12,79.12,78.80,80.88,70.27
81.63,81.63,84.10,73.05,67.80
79.06,79.06,77.85,80.83,72.10
78.34,78.34,71.50,80.27,70.10
76.92,76.92,70.06,82.01,72.64
78.04,78.04,69.88,79.33,73.29
82.47,82.47,66.42,80.49,74.65
80.58,80.58,68.79,81.61,76.34
74.40,74.40,67.06,80.14,75.20
75.90,75.90,68.69,82.80,76.86
74.94,74.94,65.60,81.56,76.95
76.00,76.00,64.54,84.17,77.72
76.68,76.68,64.36,81.37,76.57
78.49,78.49,64.54,83.62,76.57
75.65,75.65,62.27,84.02,75.81
79.36,79.36,62.35,83.57,76.48
80.40,80.40,61.81,83.75,75.93
80.89,80.89,63.17,82.41,74.52
79.86,79.86,58.78,83.72,72.96
75.54,75.54,57.49,82.45,73.41
76.38,76.38,53.92,84.43,69.68
76.71,76.71,53.43,83.07,73.96
78.46,78.46,56.91,84.77,71.62
80.82,80.82,58.74,83.25,70.63
80.25,80.25,70.27,84.05,67.88
77.71,77.71,76.81,83.71,64.06
75.34,75.34,83.94,80.85,62.31
76.05,76.05,81.91,83.59,65.10
74.59,74.59,84.07,80.89,62.10
73.74,73.74,89.09,83.50,63.84
72.32,72.32,86.38,79.93,64.22
68.35,68.35,84.31,82.04,60.09
70.97,70.97,85.71,79.10,64.30
70.16,70.16,75.74,82.48,63.41
70.42,70.42,72.17,81.72,62.47
73.18,73.18,71.69,82.50,63.75
71.80,71.80,79.14,82.89,67.67
65.79,65.79,80.12,79.08,64.42
64.87,64.87,85.87,80.89,64.66
66.55,66.55,83.86,80.07,67.75
65.42,65.42,84.58,69.21,64.06
62.34,62.34,86.06,73.28,69.11
66.03,66.03,89.92,79.57,68.01
61.85,61.85,85.79,81.41,67.44
64.53,64.53,85.48,82.27,67.69
67.14,67.14,80.59,84.43,69.03
67.29,67.29,75.28,83.07,69.51
66.93,66.93,74.97,82.09,66.73
64.13,64.13,78.76,81.19,68.65
58.76,58.76,76.55,82.73,66.15
59.70,59.70,71.57,82.63,67.08
60.17,60.17,66.87,81.55,67.16
62.29,62.29,64.25,83.32,66.80
64.04,64.04,59.79,84.47,69.91
62.10,62.10,62.31,83.77,67.87
62.11,62.11,65.82,84.12,68.17
62.69,62.69,66.46,81.74,70.71
64.99,64.99,72.05,85.26,71.54
68.62,68.62,70.45,83.84,71.92
67.31,67.31,68.73,82.52,71.46
66.19,66.19,71.29,83.13,71.67
64.96,64.96,69.35,84.71,72.49
62.44,62.44,58.20,84.44,69.43
57.48,57.48,56.77,84.03,71.48
58.63,58.63,64.45,83.64,68.58
57.01,57.01,65.10,83.47,68.99
60.78,60.78,64.76,83.72,67.30
61.79,61.79,62.74,83.62,67.25
61.16,61.16,61.33,83.35,67.34
60.44,60.44,50.66,85.05,66.66
57.29,57.29,59.04,84.35,65.59
58.56,58.56,60.48,82.20,66.99
57.46,57.46,66.81,83.27,68.01
53.14,53.14,65.66,84.51,68.49
51.40,51.40,68.35,82.69,67.55
51.20,51.20,64.21,82.78,68.11
55.60,55.60,66.55,82.47,70.17
51.98,51.98,65.21,84.19,72.18
54.69,54.69,69.46,83.94,72.34
49.92,49.92,65.86,83.58,75.37
46.13,46.13,62.66,84.11,75.82
47.73,47.73,56.52,85.43,72.97
48.31,48.31,59.22,83.83,69.88
50.99,50.99,65.45,82.78,70.10
47.54,47.54,64.18,83.50,70.72
44.53,44.53,68.73,85.24,70.76
45.85,45.85,68.06,83.88,72.57
48.23,48.23,71.79,83.46,75.10
45.26,45.26,69.69,83.67,74.24
42.84,42.84,70.21,85.56,76.07
41.13,41.13,65.54,83.91,76.37
43.03,43.03,62.70,83.06,74.85
42.63,42.63,51.06,84.27,73.94
42.16,42.16,45.80,85.41,73.89
41.50,41.50,55.29,84.03,71.50
44.46,44.46,57.76,83.49,71.26
46.15,46.15,61.91,84.00,71.10
44.58,44.58,59.13,84.98,71.24
39.94,39.94,59.86,84.55,70.91
36.18,36.18,55.04,84.15,71.94
36.22,36.22,59.05,84.94,72.22
34.20,34.20,56.00,85.29,71.84
38.34,38.34,56.64,83.66,73.18
40.75,40.75,56.88,83.45,72.91
40.79,40.79,53.74,84.77,72.40
38.94,38.94,56.45,84.95,71.58
39.87,39.87,51.37,84.03,70.23
41.12,41.12,53.87,83.19,68.02
40.33,40.33,52.45,84.07,67.38
37.61,37.61,57.04,85.01,68.81
32.67,32.67,63.35,83.75,63.44
23.70,23.70,69.85,83.75,55.82
25.60,25.60,82.52,84.72,58.57
15.41,15.41,85.15,82.84,60.48
16.00,16.00,79.21,82.16,61.46
19.68,19.68,74.45,81.68,63.44
26.00,26.00,70.66,82.46,61.76
30.16,30.16,69.09,83.89,64.37
30.68,30.68,66.76,82.84,66.99
31.55,31.55,65.47,80.51,67.58
33.12,33.12,67.46,83.81,68.02
34.72,34.72,63.99,84.50,65.12
32.90,32.90,63.73,83.66,64.89
31.67,31.67,71.84,83.72,65.45
29.46,29.46,74.73,83.71,63.12
29.63,29.63,84.00,83.35,59.48
29.45,29.45,79.13,81.22,64.45
32.64,32.64,86.30,83.15,68.62
39.98,39.98,86.46,82.18,69.39
40.75,40.75,86.94,84.01,66.09
44.33,44.33,87.63,82.86,65.45
53.21,53.21,83.35,82.47,67.06
50.55,50.55,82.66,82.41,68.78
61.71,61.71,74.00,81.97,68.75
69.17,69.17,65.84,83.08,72.63
73.99,73.99,75.82,82.32,74.54
74.63,74.63,79.42,84.20,74.35
80.41,80.41,74.34,84.49,69.97
80.40,80.40,67.94,83.65,66.42
76.94,76.94,63.11,83.35,68.36
78.14,78.14,64.76,84.84,68.79
79.12,79.12,62.36,84.59,67.61
78.56,78.56,59.28,84.08,70.66
78.89,78.89,62.36,82.67,71.03
79.44,79.44,67.56,84.68,70.70
81.01,81.01,66.84,83.59,70.69
80.41,80.41,66.64,82.08,67.95
79.96,79.96,71.29,83.41,69.96
75.71,75.71,69.93,84.72,73.02
71.53,71.53,71.77,83.69,75.72
75.58,75.58,80.45,83.87,77.21
79.86,79.86,77.23,82.20,77.47
80.42,80.42,62.87,84.45,76.48
78.03,78.03,65.05,83.40,75.15
75.36,75.36,69.05,82.29,72.35
73.84,73.84,68.81,83.30,70.24
71.58,71.58,63.22,84.96,69.16
69.97,69.97,58.59,83.68,68.04
73.09,73.09,59.34,82.20,66.27
73.85,73.85,59.94,71.64,65.23
71.34,71.34,60.08,62.72,64.34
67.90,67.90,71.56,71.02,62.72
69.48,69.48,85.44,86.00,63.28
80.42,80.42,83.96,80.51,59.85
83.83,83.83,82.42,77.48,62.81
81.88,81.88,80.09,76.03,62.80
80.87,80.87,87.59,80.74,58.43
83.84,83.84,82.20,79.50,62.94
83.48,83.48,85.11,80.87,62.24
84.73,84.73,79.34,81.08,61.14
84.45,84.45,75.57,81.57,63.71
83.42,83.42,73.08,78.08,62.43
84.81,84.81,75.62,80.96,61.31
83.32,83.32,76.76,84.73,60.29
82.75,82.75,76.64,83.71,67.42
86.81,86.81,74.28,79.78,70.32
84.76,84.76,68.95,78.82,66.20
86.38,86.38,59.90,81.69,68.90
82.88,82.88,63.12,80.28,69.57
85.69,85.69,59.62,79.98,72.13
86.34,86.34,59.54,80.34,71.78
82.08,82.08,60.86,81.69,70.15
79.83,79.83,62.23,80.80,67.78
80.26,80.26,64.39,80.09,65.01
78.80,78.80,64.67,82.55,65.47
76.55,76.55,64.72,84.90,66.93
77.78,77.78,68.75,82.32,64.22
84.03,84.03,83.77,77.46,66.98
81.34,81.34,67.45,78.94,65.69
79.57,79.57,64.81,81.11,62.14
78.30,78.30,62.04,81.83,63.88
83.60,83.60,61.53,81.63,65.47
81.08,81.08,61.64,82.07,65.47
77.95,77.95,59.25,80.90,62.75
76.26,76.26,54.65,81.56,63.46
78.69,78.69,60.44,82.76,62.41
79.18,79.18,59.76,82.59,61.56
76.31,76.31,66.13,80.77,61.60
74.09,74.09,70.66,82.60,63.93
77.32,77.32,82.19,80.54,67.68
81.79,81.79,80.41,83.34,67.48
81.84,81.84,74.77,81.94,64.72
83.55,83.55,69.78,82.20,65.02
84.69,84.69,66.64,83.24,66.45
83.13,83.13,64.83,81.10,65.87
82.95,82.95,61.85,82.86,63.38
81.55,81.55,62.97,81.74,62.75
83.38,83.38,63.10,84.47,63.80
86.20,86.20,63.51,81.91,66.29
87.53,87.53,61.41,84.13,67.75
86.43,86.43,62.83,82.49,71.38
86.96,86.96,61.71,82.98,72.78
85.39,85.39,62.11,81.62,72.58
83.79,83.79,63.72,82.49,71.00
83.38,83.38,57.24,82.96,69.19
81.39,81.39,55.67,81.01,68.56
82.27,82.27,54.27,84.18,64.88
79.89,79.89,51.49,80.91,63.97
79.79,79.79,49.11,83.57,62.15
80.41,80.41,48.26,82.06,63.58
80.68,80.68,51.51,82.43,63.47
80.92,80.92,53.93,83.19,61.64
81.07,81.07,60.43,82.19,60.38
76.07,76.07,70.20,84.87,60.75
78.03,78.03,82.03,82.67,64.08
76.60,76.60,82.02,83.36,65.89
75.01,75.01,83.88,80.15,66.52
80.01,80.01,84.21,79.38,67.41
78.90,78.90,88.35,71.15,69.19
77.73,77.73,85.59,75.11,65.10
79.26,79.26,85.47,78.29,68.25
79.29,79.29,79.75,80.05,65.91
79.22,79.22,76.95,81.39,67.39
78.84,78.84,66.04,79.69,66.50
78.05,78.05,77.06,81.74,69.55
77.27,77.27,76.47,79.86,66.43
74.67,74.67,81.10,80.58,69.59
77.06,77.06,82.95,75.89,68.39
83.18,83.18,81.90,81.88,71.02
84.44,84.44,80.74,83.47,71.89
82.42,82.42,88.13,81.73,69.81
83.95,83.95,84.34,79.66,73.14
83.32,83.32,82.42,78.67,71.85
83.82,83.82,83.61,79.04,71.37
84.43,84.43,76.48,80.93,73.89
82.90,82.90,73.65,81.02,72.52
81.19,81.19,71.28,83.35,72.26
81.02,81.02,77.94,82.81,74.48
80.30,80.30,74.57,82.73,72.30
82.34,82.34,66.66,83.04,71.10
84.92,84.92,61.04,83.47,73.78
84.12,84.12,56.34,82.74,72.93
83.85,83.85,60.61,81.88,72.30
81.96,81.96,62.96,81.04,71.52
83.24,83.24,63.45,83.59,68.32
81.81,81.81,67.81,82.19,70.49
81.43,81.43,66.55,79.14,66.68
80.22,80.22,67.80,83.09,68.83
78.77,78.77,66.72,82.87,67.72
80.23,80.23,68.41,81.16,65.91
79.06,79.06,62.15,82.31,68.56
78.49,78.49,57.14,80.73,72.87
80.56,80.56,58.58,84.21,75.84
79.70,79.70,61.84,83.53,77.06
81.14,81.14,62.91,81.64,75.90
80.33,80.33,60.03,83.10,72.81
81.99,81.99,62.87,82.76,68.75
80.12,80.12,55.19,80.87,67.07
79.76,79.76,49.76,82.02,69.05
80.02,80.02,57.95,82.15,69.47
79.00,79.00,65.54,84.60,67.92
78.80,78.80,62.26,83.45,67.56
78.28,78.28,66.04,81.45,68.10
80.13,80.13,61.69,83.17,68.53
79.80,79.80,66.73,84.00,67.04
77.92,77.92,64.67,82.44,65.93
75.71,75.71,66.87,82.91,65.11
75.17,75.17,65.27,82.64,67.32
72.71,72.71,65.16,84.00,69.78
71.44,71.44,59.28,84.10,69.07
70.92,70.92,57.28,83.04,67.69
70.18,70.18,57.75,84.50,67.22
66.01,66.01,62.12,85.21,64.97
71.49,71.49,66.26,83.82,64.18
77.10,77.10,65.27,83.32,65.91
76.42,76.42,70.65,83.96,64.56
78.41,78.41,67.80,84.56,68.05
77.27,77.27,69.70,83.76,67.90
79.61,79.61,65.13,83.05,69.06
79.69,79.69,63.16,84.37,72.05
79.40,79.40,53.34,84.24,74.19
78.31,78.31,47.71,82.30,73.28
79.05,79.05,48.40,82.61,71.53
79.86,79.86,51.73,83.32,67.13
80.44,80.44,58.96,84.55,65.44
80.66,80.66,58.49,84.35,63.93
79.80,79.80,61.81,83.34,61.27
80.91,80.91,57.52,84.81,59.63
81.47,81.47,55.64,84.27,59.02
79.51,79.51,55.34,82.31,62.72
78.55,78.55,53.97,83.05,65.37
79.67,79.67,48.48,83.80,68.03
80.36,80.36,53.10,83.81,69.20
78.93,78.93,56.68,82.98,68.93
79.47,79.47,51.08,81.57,68.61
78.98,78.98,53.64,84.26,66.52
78.28,78.28,51.40,84.01,63.13
78.57,78.57,51.85,82.96,62.48
77.11,77.11,57.29,83.67,61.60
76.45,76.45,67.00,84.95,57.97
79.96,79.96,77.20,83.66,55.72
81.68,81.68,86.34,81.76,62.05
80.70,80.70,80.15,83.17,57.90
80.91,80.91,76.04,84.18,57.41
82.13,82.13,72.87,83.11,58.66
81.72,81.72,68.18,81.72,59.20
81.47,81.47,65.22,82.92,59.59
83.09,83.09,63.90,84.18,60.67
79.95,79.95,61.54,83.66,62.14
83.60,83.60,58.02,83.37,61.66
83.19,83.19,55.79,83.14,60.28
82.35,82.35,54.74,84.76,58.88
80.43,80.43,56.92,83.91,58.00
85.81,85.81,60.02,81.49,60.23
87.89,87.89,54.91,81.42,57.81
78.43,78.43,53.99,83.81,58.85
83.63,83.63,53.08,82.80,58.95
79.97,79.97,53.94,82.71,57.79
83.36,83.36,51.53,80.93,56.11
83.88,83.88,48.59,83.74,55.39
81.29,81.29,51.04,83.58,60.42
82.04,82.04,47.27,82.68,65.15
81.38,81.38,45.62,83.40,65.39
82.66,82.66,54.38,84.50,65.00
81.42,81.42,56.60,83.89,59.89
80.38,80.38,62.94,83.41,57.18
83.29,83.29,85.47,80.28,63.04
78.60,78.60,72.44,82.85,58.73
76.97,76.97,59.66,82.14,58.47
78.10,78.10,51.98,81.67,55.72
81.50,81.50,47.31,81.31,55.24
78.86,78.86,46.88,84.10,55.51
78.74,78.74,50.44,84.19,55.06
78.67,78.67,48.22,83.39,53.19
78.86,78.86,50.28,84.13,54.18
77.34,77.34,46.58,85.49,58.55
78.02,78.02,52.61,84.49,60.21
79.77,79.77,62.54,83.56,62.57
78.87,78.87,75.56,83.48,66.90
77.23,77.23,78.62,85.48,68.82
81.32,81.32,68.22,84.46,62.38
82.45,82.45,61.49,82.34,66.52
79.15,79.15,51.77,83.72,65.65
79.54,79.54,49.93,84.82,62.18
77.81,77.81,48.10,83.05,64.24
79.48,79.48,45.81,83.49,62.33
77.75,77.75,42.29,83.52,60.81
79.99,79.99,46.01,84.78,59.21
74.77,74.77,57.66,84.16,59.05
78.07,78.07,65.72,83.44,58.08
79.00,79.00,75.09,83.06,61.23
79.82,79.82,86.92,82.96,62.20
80.03,80.03,79.89,85.36,61.75
77.24,77.24,84.77,85.19,61.97
81.06,81.06,88.03,83.29,65.50
81.73,81.73,85.86,80.03,68.95
80.07,80.07,86.59,82.16,68.54
80.35,80.35,83.40,83.82,67.24
80.41,80.41,80.89,82.00,66.53
79.58,79.58,68.12,83.05,64.89
80.95,80.95,64.88,83.98,63.64
83.16,83.16,77.40,83.85,63.56
80.82,80.82,76.38,83.12,64.61
81.63,81.63,76.48,82.16,66.01
83.03,83.03,75.50,83.54,67.81
82.89,82.89,69.52,83.30,65.84
83.92,83.92,66.26,82.55,69.16
84.19,84.19,62.43,82.98,66.72
83.33,83.33,61.97,83.90,69.66
83.87,83.87,61.75,84.26,69.70
81.43,81.43,64.29,83.00,69.62
81.13,81.13,66.97,83.98,67.33
80.30,80.30,68.13,84.58,68.31
81.82,81.82,70.76,84.12,65.81
85.14,85.14,70.64,83.19,68.51
84.86,84.86,70.28,84.11,71.53
80.75,80.75,65.41,84.74,66.05
81.27,81.27,57.54,83.20,68.44
76.32,76.32,62.56,82.25,68.68
74.57,74.57,66.92,84.20,66.89
72.17,72.17,67.90,83.59,67.94
72.69,72.69,65.70,82.50,67.42
74.45,74.45,60.92,83.96,69.87
74.19,74.19,55.27,84.73,69.71
73.87,73.87,58.42,84.84,70.24
74.26,74.26,61.67,83.51,69.77
73.63,73.63,67.37,83.72,67.75
73.88,73.88,68.96,84.53,64.83
84.01,84.01,84.89,82.76,65.79
78.81,78.81,78.16,82.76,62.70
80.90,80.90,72.99,84.26,59.68
77.55,77.55,66.42,83.92,65.49
78.12,78.12,66.75,81.67,65.96
78.78,78.78,66.14,80.05,64.32
80.10,80.10,61.42,83.91,60.11
81.34,81.34,61.58,83.93,59.21
81.76,81.76,63.77,82.89,63.20
81.57,81.57,57.99,83.82,62.98
84.99,84.99,60.58,85.64,64.39
83.63,83.63,64.06,85.55,65.05
83.27,83.27,62.08,84.36,62.68
84.19,84.19,63.27,85.16,65.44
85.40,85.40,57.21,85.79,65.65
83.90,83.90,58.68,85.16,65.00
82.19,82.19,55.76,84.59,65.28
83.04,83.04,51.09,85.56,64.45
76.57,76.57,51.86,86.26,63.55
82.28,82.28,55.87,85.51,66.67
82.17,82.17,56.52,84.64,63.40
79.05,79.05,54.13,85.84,63.63
79.90,79.90,58.15,85.44,60.99
85.08,85.08,66.71,83.85,58.27
78.89,78.89,74.21,82.25,60.79
79.67,79.67,84.22,78.60,60.96
74.53,74.53,79.95,72.81,61.21
78.01,78.01,85.72,72.74,60.13
73.76,73.76,87.55,78.56,59.48
72.75,72.75,86.47,83.22,59.14
74.56,74.56,87.37,83.74,57.97
72.81,72.81,83.57,81.81,60.98
71.28,71.28,81.46,84.73,58.94
69.18,69.18,71.80,85.07,59.26
68.06,68.06,71.36,84.62,59.37
68.45,68.45,76.30,84.21,60.72
67.08,67.08,81.02,85.45,61.04
66.84,66.84,80.67,86.04,60.14
69.13,69.13,81.59,79.83,62.05
69.44,69.44,82.67,83.33,61.81
70.62,70.62,85.83,79.43,63.00
71.98,71.98,86.49,76.64,59.85
72.18,72.18,83.31,76.97,63.10
72.80,72.80,86.63,80.80,59.33
73.54,73.54,78.46,82.17,61.09
72.16,72.16,75.86,80.55,62.07
71.88,71.88,76.58,81.89,60.36
71.63,71.63,76.89,83.76,61.12
71.66,71.66,77.21,83.40,61.43
70.55,70.55,73.15,81.77,63.00
72.10,72.10,69.09,82.12,63.26
73.06,73.06,62.79,84.90,59.30
71.19,71.19,62.18,84.19,61.68
71.77,71.77,61.62,83.38,61.44
70.22,70.22,68.35,83.40,60.67
63.54,63.54,63.82,83.13,61.91
66.57,66.57,66.16,83.81,63.80
64.82,64.82,67.35,83.60,64.41
68.22,68.22,61.85,83.24,62.38
69.23,69.23,60.56,84.28,65.64
65.80,65.80,63.74,83.34,68.42
66.29,66.29,58.59,80.51,63.59
65.71,65.71,59.60,83.74,62.58
63.85,63.85,57.28,84.43,65.34
65.07,65.07,60.82,84.37,62.95
66.05,66.05,59.22,82.50,65.84
63.47,63.47,65.71,81.84,64.72
58.33,58.33,60.30,82.97,64.76
60.81,60.81,56.93,83.68,64.40
62.69,62.69,58.38,83.61,64.52
60.41,60.41,58.88,83.32,66.09
59.18,59.18,61.16,81.13,65.86
58.08,58.08,66.14,82.19,66.73
59.80,59.80,60.10,83.39,67.96
60.64,60.64,64.85,83.92,64.61
60.64,60.64,63.89,84.72,65.34
65.25,65.25,63.48,83.27,68.36
66.34,66.34,61.10,82.11,65.87
68.93,68.93,60.61,83.64,66.30
66.16,66.16,57.85,85.68,67.44
59.75,59.75,56.02,85.16,68.40
59.26,59.26,53.72,83.47,64.03
61.34,61.34,57.70,82.49,66.03
67.46,67.46,59.98,83.40,66.87
66.39,66.39,63.29,85.26,67.40
68.26,68.26,63.66,84.32,68.23
67.07,67.07,63.14,84.58,68.17
67.13,67.13,63.90,84.49,69.72
67.54,67.54,60.83,81.36,69.43
67.07,67.07,62.00,83.79,69.82
66.03,66.03,53.17,84.80,71.33
63.19,63.19,54.18,82.89,72.30
63.79,63.79,50.94,81.41,71.78
61.99,61.99,51.38,82.03,69.94
63.91,63.91,48.02,81.50,68.26
64.80,64.80,47.50,83.73,70.01
62.35,62.35,53.39,82.67,71.48
60.87,60.87,51.73,83.63,73.02
58.65,58.65,51.39,84.18,72.38
57.18,57.18,54.67,81.17,71.62
53.24,53.24,53.91,82.48,71.06
53.82,53.82,53.46,83.85,71.89
54.85,54.85,56.05,83.92,72.83
58.92,58.92,54.33,84.30,72.83
60.06,60.06,56.08,82.85,71.91
57.17,57.17,54.33,83.27,70.80
51.65,51.65,50.60,84.50,71.07
49.46,49.46,52.72,83.99,71.72
51.68,51.68,51.26,84.43,72.33
50.61,50.61,61.96,84.38,69.92
37.87,37.87,66.91,82.43,65.52
26.11,26.11,78.70,82.96,61.40
16.78,16.78,86.91,83.12,62.92
24.04,24.04,80.27,83.85,64.00
26.65,26.65,73.64,82.73,62.28
30.22,30.22,71.49,80.91,61.10
32.25,32.25,69.40,81.12,62.91
32.90,32.90,67.11,82.92,64.84
39.87,39.87,67.01,82.33,65.12
41.46,41.46,66.22,83.08,63.76
41.30,41.30,65.58,83.18,62.35
41.08,41.08,64.63,81.16,61.48
37.02,37.02,68.50,82.04,59.90
33.53,33.53,72.02,83.18,55.76
32.53,32.53,84.68,83.51,60.18
36.22,36.22,84.21,78.72,57.41
45.23,45.23,83.71,75.87,61.14
54.28,54.28,81.15,79.91,61.70
54.51,54.51,89.43,83.96,60.04
51.02,51.02,83.67,83.66,60.89
46.70,46.70,88.57,82.14,65.98
54.06,54.06,80.17,82.24,70.81
61.19,61.19,75.82,81.00,68.33
66.44,66.44,74.51,79.75,63.05
69.27,69.27,77.14,83.33,58.43
75.38,75.38,77.15,85.74,57.65
79.00,79.00,75.74,85.01,59.85
77.66,77.66,71.84,83.13,60.22
77.18,77.18,58.36,82.52,62.71
79.98,79.98,55.97,82.85,60.24
82.79,82.79,60.49,83.46,59.81
82.36,82.36,58.46,82.58,61.35
82.84,82.84,58.91,82.61,58.05
83.93,83.93,57.32,83.11,61.58
85.11,85.11,56.58,80.70,66.10
85.54,85.54,61.81,81.53,64.90
83.82,83.82,59.43,83.08,62.12
82.91,82.91,63.46,84.10,62.62
83.43,83.43,69.04,82.22,65.73
83.17,83.17,76.93,81.84,65.86
83.18,83.18,72.56,83.65,65.24
81.94,81.94,67.23,83.29,64.99
80.53,80.53,65.94,82.53,63.57
80.16,80.16,63.99,81.91,64.77
81.16,81.16,61.41,65.86,64.68
81.48,81.48,58.49,66.10,67.11
80.70,80.70,62.61,55.36,67.88
78.23,78.23,55.88,56.65,67.61
74.32,74.32,62.41,57.74,65.89
73.18,73.18,63.52,58.46,62.87
74.11,74.11,68.19,62.58,62.72
78.48,78.48,84.28,80.65,62.79
79.35,79.35,81.31,77.84,62.82
81.44,81.44,85.80,75.07,62.83
79.14,79.14,86.37,74.55,63.43
81.84,81.84,86.28,79.21,62.42
80.93,80.93,87.52,80.43,64.88
79.58,79.58,85.04,81.43,63.60
81.06,81.06,83.62,80.81,64.84
80.28,80.28,76.13,78.52,65.81
82.52,82.52,69.34,80.19,65.33
83.49,83.49,74.26,82.63,63.65
80.84,80.84,80.36,82.78,62.80
82.36,82.36,74.35,81.44,64.87
81.85,81.85,76.47,81.57,67.41
81.74,81.74,70.27,82.92,60.84
82.19,82.19,66.95,82.56,64.58
83.02,83.02,64.52,81.40,64.82
82.15,82.15,62.58,83.00,62.66
84.02,84.02,63.11,82.61,66.54
82.24,82.24,63.11,82.05,62.28
82.03,82.03,64.87,82.37,64.69
82.28,82.28,68.30,83.09,64.23
81.72,81.72,68.45,83.54,63.85
82.00,82.00,73.77,83.34,61.18
81.83,81.83,71.13,84.56,61.96
81.23,81.23,84.13,84.06,65.55
75.98,75.98,80.29,83.81,64.80
75.21,75.21,62.45,82.48,59.16
74.74,74.74,64.12,83.75,60.96
75.08,75.08,66.05,84.44,63.44
73.74,73.74,68.41,83.63,64.49
75.89,75.89,65.38,82.84,64.99
75.76,75.76,62.94,84.26,65.17
75.83,75.83,61.84,84.60,66.01
75.26,75.26,65.29,84.61,67.00
72.87,72.87,67.73,85.15,67.52
72.69,72.69,69.42,84.99,65.08
74.46,74.46,82.56,82.58,65.29
79.74,79.74,84.36,77.85,67.33
78.64,78.64,74.22,83.00,70.15
87.91,87.91,71.61,84.59,69.48
85.45,85.45,65.94,84.26,69.27
84.16,84.16,64.08,83.91,68.27
82.97,82.97,63.48,84.72,65.53
82.93,82.93,62.48,84.94,67.96
83.67,83.67,64.49,84.23,69.01
83.74,83.74,62.26,82.49,70.20
80.48,80.48,63.84,82.34,71.34
81.71,81.71,62.95,81.93,68.69
83.96,83.96,65.14,81.95,70.19
83.51,83.51,65.94,83.56,69.93
83.71,83.71,62.27,83.83,69.43
82.15,82.15,61.14,82.24,71.59
83.61,83.61,57.34,81.69,68.62
83.61,83.61,56.38,82.34,68.62
83.39,83.39,57.49,82.65,71.03
83.11,83.11,53.08,80.94,67.80
83.29,83.29,46.83,82.22,71.32
84.39,84.39,50.12,82.42,71.19
82.87,82.87,53.07,83.07,67.35
80.31,80.31,62.25,82.54,67.92
78.83,78.83,67.15,82.68,65.92
78.92,78.92,79.99,83.24,62.06
78.80,78.80,83.97,83.68,62.15
81.08,81.08,82.31,81.86,63.32
82.71,82.71,81.66,78.33,63.01
83.13,83.13,86.11,79.82,62.61
83.03,83.03,86.91,81.22,62.33
83.92,83.92,83.37,79.60,61.39
82.84,82.84,84.86,80.58,61.46
80.07,80.07,71.93,83.13,64.18
81.89,81.89,69.25,81.16,66.12
81.16,81.16,73.25,81.53,66.27
79.13,79.13,79.96,81.84,63.19
82.03,82.03,79.09,80.19,65.29
80.86,80.86,82.51,72.47,61.18
80.60,80.60,75.38,79.30,60.62
82.83,82.83,86.62,83.62,60.27
83.45,83.45,85.22,83.59,58.86
83.02,83.02,85.51,84.62,62.43
83.08,83.08,85.28,83.26,62.99
81.63,81.63,82.78,82.57,64.91
82.93,82.93,80.48,83.94,64.39
83.52,83.52,72.17,83.27,66.77
83.63,83.63,72.91,84.17,65.31
83.91,83.91,76.34,84.67,64.08
85.12,85.12,79.80,83.29,64.26
81.61,81.61,69.84,84.15,66.03
85.49,85.49,66.51,83.51,62.78
81.78,81.78,59.73,83.05,63.36
79.76,79.76,57.38,84.48,66.64
80.03,80.03,63.10,84.58,63.18
84.42,84.42,68.64,83.12,67.15
85.86,85.86,62.88,84.20,65.22
85.34,85.34,71.22,82.93,66.75
83.12,83.12,69.84,83.05,66.76
78.44,78.44,66.29,83.75,63.93
76.87,76.87,70.81,83.83,65.51
80.84,80.84,63.47,84.36,64.72
82.75,82.75,56.01,84.62,61.82
73.93,73.93,53.03,83.86,64.85
70.59,70.59,63.23,84.36,63.16
70.46,70.46,60.29,84.15,64.92
71.60,71.60,63.99,82.93,62.96
71.55,71.55,60.16,84.98,64.58
70.38,70.38,59.14,85.03,62.46
67.73,67.73,56.41,84.80,65.59
67.84,67.84,59.70,85.74,63.41
69.30,69.30,61.77,85.23,65.79
70.63,70.63,67.95,85.71,66.15
66.57,66.57,65.90,86.69,66.26
65.28,65.28,69.06,86.41,63.21
65.65,65.65,66.36,87.21,64.61
66.17,66.17,67.00,87.24,63.77
65.85,65.85,67.59,85.55,63.45
64.35,64.35,64.90,87.00,64.16
64.66,64.66,66.47,87.10,61.62
65.74,65.74,60.14,86.47,64.18
66.10,66.10,57.16,87.17,64.40
66.11,66.11,54.81,86.47,59.78
61.30,61.30,63.13,86.29,60.56
62.17,62.17,65.82,86.91,62.37
62.50,62.50,66.69,86.15,61.89
65.12,65.12,67.41,86.32,61.48
68.18,68.18,66.44,87.12,66.21
61.26,61.26,69.30,86.36,64.33
57.49,57.49,65.54,87.77,62.24
54.41,54.41,65.35,88.13,62.81
56.70,56.70,57.75,87.80,62.15
54.43,54.43,52.61,88.49,61.48
58.27,58.27,51.56,88.29,62.46
56.06,56.06,55.84,87.58,62.47
54.84,54.84,61.45,87.97,62.01
57.79,57.79,61.70,87.26,62.20
56.46,56.46,59.37,87.43,61.12
55.73,55.73,62.52,87.55,60.24
54.45,54.45,58.12,86.71,60.73
58.08,58.08,65.96,87.54,64.25
54.90,54.90,55.76,87.65,61.36
50.16,50.16,58.88,87.21,61.40
51.34,51.34,57.79,88.19,61.91
50.01,50.01,58.54,87.81,61.65
50.71,50.71,56.06,87.49,62.02
48.37,48.37,57.37,88.31,61.86
47.06,47.06,56.38,88.02,60.78
49.41,49.41,58.03,87.65,61.33
45.15,45.15,60.20,88.04,62.62
42.14,42.14,61.78,86.83,60.99
37.54,37.54,67.37,87.22,58.68
44.79,44.79,85.91,85.26,58.17
39.09,39.09,82.15,84.11,59.15
39.72,39.72,77.49,85.40,60.46
48.00,48.00,73.82,85.40,60.46
38.26,38.26,69.44,84.67,61.95
46.54,46.54,67.83,85.46,63.36
50.10,50.10,66.58,84.79,64.73
55.15,55.15,64.44,83.37,65.24
47.30,47.30,65.74,85.74,67.47
52.94,52.94,62.13,85.98,66.11
54.78,54.78,63.57,87.03,66.70
49.97,49.97,71.45,86.47,65.46
41.60,41.60,81.14,82.57,65.40
36.58,36.58,87.74,82.16,67.29
36.38,36.38,82.04,82.77,63.35
39.95,39.95,85.50,83.03,65.71
42.39,42.39,87.34,84.54,65.25
41.97,41.97,86.43,84.56,64.51
46.69,46.69,87.25,84.64,65.49
47.39,47.39,84.51,86.57,67.46
43.71,43.71,82.39,85.82,65.54
48.08,48.08,72.92,85.42,66.57
42.99,42.99,69.61,86.60,66.09
44.35,44.35,75.72,86.26,64.74
41.05,41.05,80.84,86.71,64.93
38.53,38.53,85.40,85.78,64.97
34.90,34.90,80.40,84.70,62.66
38.57,38.57,65.61,85.71,64.70
43.92,43.92,59.65,85.68,65.22
50.74,50.74,63.53,84.72,66.46
48.28,48.28,60.11,85.88,66.39
47.50,47.50,57.99,85.63,64.71
57.59,57.59,67.42,85.49,64.82
51.49,51.49,67.49,86.51,65.82
50.84,50.84,69.46,85.68,64.60
51.30,51.30,70.86,85.75,65.28
44.03,44.03,70.69,86.58,64.45
35.28,35.28,72.82,85.83,68.63
36.81,36.81,78.96,85.58,64.93
43.28,43.28,70.24,85.43,62.80
43.41,43.41,65.18,84.75,61.87
45.48,45.48,63.63,85.16,63.03
51.83,51.83,70.74,75.06,64.81
55.54,55.54,64.62,59.87,68.53
53.53,53.53,66.13,60.72,70.04
55.85,55.85,62.51,54.94,67.68
58.11,58.11,57.27,49.63,67.12
60.98,60.98,64.65,54.12,65.72
59.68,59.68,65.21,56.65,63.32
56.05,56.05,71.53,69.54,59.77
49.79,49.79,87.69,80.38,64.05
59.03,59.03,82.91,83.92,67.39
65.18,65.18,87.22,85.26,68.42
70.30,70.30,82.69,81.14,66.21
72.26,72.26,89.26,80.75,66.70
72.80,72.80,86.44,78.82,66.51
84.66,84.66,84.34,78.07,65.52
81.70,81.70,79.89,79.19,66.95
75.67,75.67,78.64,84.57,67.44
74.69,74.69,75.05,85.52,69.98
75.02,75.02,77.80,82.32,69.83
82.29,82.29,77.90,77.14,69.22
82.61,82.61,77.12,83.26,69.17
80.09,80.09,74.31,84.51,69.26
82.54,82.54,69.64,83.56,70.31
80.86,80.86,63.55,83.21,68.40
80.53,80.53,64.58,82.69,67.99
77.37,77.37,58.01,83.05,66.80
75.35,75.35,60.03,82.03,66.56
78.61,78.61,57.00,81.78,65.80
78.45,78.45,60.39,84.67,67.69
80.85,80.85,62.75,84.44,67.41
81.27,81.27,65.61,79.25,67.80
80.75,80.75,63.56,79.98,68.44
80.29,80.29,68.43,84.75,68.71
80.32,80.32,79.54,84.61,69.19
80.27,80.27,61.87,82.92,67.62
81.37,81.37,58.31,83.07,67.28
82.41,82.41,64.48,82.71,67.22
80.72,80.72,63.58,81.48,66.95
83.60,83.60,61.61,82.95,66.86
82.07,82.07,57.49,84.42,66.51
81.32,81.32,60.03,83.40,65.04
76.60,76.60,58.99,82.71,65.35
80.32,80.32,57.49,83.28,65.83
79.23,79.23,67.63,82.29,64.92
79.16,79.16,71.77,83.84,62.79
81.94,81.94,86.06,81.29,66.83
78.68,78.68,82.32,78.92,65.72
83.04,83.04,68.75,84.81,64.61
81.99,81.99,66.23,82.33,68.23
80.97,80.97,64.08,82.50,69.72
79.51,79.51,61.07,83.55,68.71
79.56,79.56,62.50,82.25,71.11
78.77,78.77,59.56,84.43,70.29
77.18,77.18,63.04,82.11,70.97
84.77,84.77,59.10,84.45,69.27
87.07,87.07,60.92,81.94,66.98
84.43,84.43,63.35,83.66,68.16
79.85,79.85,61.64,82.78,68.03
80.95,80.95,57.68,83.81,67.38
83.62,83.62,58.79,83.30,65.61
82.66,82.66,56.49,82.38,67.31
84.11,84.11,56.06,83.19,64.22
79.65,79.65,54.44,81.96,65.04
78.48,78.48,51.22,84.85,61.69
83.33,83.33,47.82,82.12,65.06
84.90,84.90,47.62,84.11,67.35
81.09,81.09,46.02,82.82,63.81
78.80,78.80,56.01,82.68,64.15
76.96,76.96,63.08,83.41,65.45
79.32,79.32,71.84,82.66,63.77
76.43,76.43,84.99,84.94,64.01
76.51,76.51,82.68,80.90,59.22
77.08,77.08,83.10,81.75,58.20
76.56,76.56,85.32,82.80,60.17
74.76,74.76,88.09,84.79,58.81
71.92,71.92,85.03,84.09,60.67
71.46,71.46,86.70,83.93,62.87
71.55,71.55,79.55,83.83,62.66
74.49,74.49,77.94,82.93,61.40
80.04,80.04,68.46,84.43,65.56
80.31,80.31,78.26,82.75,62.31
78.47,78.47,78.12,85.57,62.27
77.38,77.38,81.41,80.43,64.32
79.53,79.53,83.93,83.98,62.33
79.73,79.73,79.92,81.94,63.81
78.59,78.59,84.51,81.90,63.68
74.57,74.57,88.07,82.08,64.11
74.73,74.73,87.37,83.89,65.67
78.74,78.74,84.59,82.87,67.24
81.28,81.28,84.40,82.74,65.11
77.17,77.17,73.72,83.97,67.82
78.68,78.68,73.63,83.56,66.05
77.30,77.30,74.77,83.27,67.82
79.90,79.90,80.31,82.56,73.52
76.65,76.65,72.80,83.47,72.59
76.51,76.51,69.66,83.58,73.45
75.04,75.04,64.44,83.18,74.53
77.04,77.04,56.72,82.37,74.40
74.11,74.11,56.28,84.27,74.67
73.15,73.15,61.50,84.73,73.27
72.48,72.48,66.21,82.89,75.46
70.14,70.14,68.80,83.19,73.63
74.15,74.15,70.08,84.99,75.01
77.71,77.71,67.36,83.93,75.66
74.01,74.01,70.40,83.38,76.19
77.60,77.60,69.65,82.73,76.16
78.91,78.91,65.34,83.74,76.28
74.63,74.63,63.26,83.41,74.69
76.35,76.35,61.19,82.66,76.82
77.22,77.22,63.39,83.68,73.68
80.24,80.24,61.19,85.07,74.26
76.08,76.08,62.51,84.39,74.90
79.01,79.01,62.72,83.79,75.63
77.91,77.91,55.72,83.60,74.43
79.37,79.37,54.75,85.72,72.64
78.09,78.09,57.46,84.28,71.35
77.02,77.02,63.32,82.78,72.42
77.14,77.14,65.21,83.47,72.99
75.72,75.72,67.20,85.33,70.04
78.87,78.87,63.43,84.15,70.99
79.67,79.67,66.69,83.07,67.81
77.88,77.88,65.42,82.99,67.33
76.55,76.55,67.83,84.68,68.15
78.02,78.02,68.02,83.74,68.74
77.28,77.28,64.07,82.84,68.86
78.05,78.05,60.66,82.86,66.15
76.66,76.66,55.75,84.81,65.61
76.21,76.21,57.95,83.24,64.17
75.98,75.98,63.33,82.46,65.23
74.81,74.81,65.62,82.85,63.46
77.73,77.73,67.25,85.59,64.66
75.34,75.34,67.74,84.39,64.96
75.16,75.16,70.17,83.22,62.45
74.83,74.83,66.49,83.83,64.03
77.55,77.55,66.34,85.29,64.22
77.58,77.58,60.00,84.28,63.03
76.88,76.88,58.10,83.62,64.07
77.79,77.79,53.85,83.72,63.87
77.74,77.74,57.40,85.22,66.18
78.27,78.27,58.21,84.29,62.22
76.34,76.34,58.20,83.15,64.36
76.67,76.67,58.97,83.65,62.75
77.84,77.84,59.91,85.43,64.39
78.88,78.88,59.19,83.86,64.78
76.97,76.97,59.16,83.04,64.75
77.01,77.01,59.51,83.75,64.53
77.26,77.26,58.01,85.24,63.47
75.31,75.31,57.84,83.98,64.79
77.29,77.29,57.15,83.61,63.27
75.95,75.95,56.26,83.63,64.14
75.74,75.74,56.21,85.24,63.70
75.03,75.03,53.81,84.26,62.36
73.34,73.34,54.21,82.89,64.33
72.88,72.88,55.21,84.27,64.85
68.42,68.42,60.92,85.52,62.64
68.25,68.25,69.64,84.22,62.11
66.63,66.63,71.24,83.79,61.23
67.17,67.17,90.01,80.00,62.58
60.91,60.91,80.26,84.41,60.34
61.34,61.34,76.14,83.19,62.54
65.33,65.33,74.54,81.95,64.71
65.34,65.34,69.47,82.95,67.47
63.45,63.45,69.29,84.18,66.93
65.38,65.38,66.03,82.34,69.75
67.98,67.98,64.08,82.15,67.72
68.70,68.70,64.26,84.03,69.02
67.37,67.37,65.62,84.30,70.33
67.60,67.60,68.83,83.78,69.96
66.86,66.86,66.48,83.87,70.48
62.94,62.94,74.88,84.39,71.51
61.65,61.65,73.21,85.34,69.86
62.29,62.29,65.43,83.72,68.88
62.18,62.18,63.82,83.38,72.42
62.61,62.61,63.27,84.80,70.79
59.15,59.15,58.71,85.11,70.25
61.56,61.56,55.69,84.34,69.40
61.01,61.01,58.09,83.72,70.71
62.80,62.80,52.30,85.50,67.94
60.53,60.53,56.29,85.69,68.81
66.38,66.38,55.33,84.38,68.40
62.00,62.00,62.30,84.23,69.11
55.94,55.94,66.08,85.32,69.11
62.34,62.34,82.04,83.70,69.61
60.86,60.86,69.70,83.75,67.71
57.89,57.89,59.87,83.76,67.70
57.73,57.73,56.09,85.08,65.82
60.44,60.44,54.36,84.72,64.03
60.64,60.64,53.27,83.70,65.13
65.83,65.83,53.05,84.00,66.31
76.98,76.98,48.52,85.24,67.10
68.61,68.61,49.67,84.45,65.10
64.87,64.87,53.57,84.15,65.38
71.64,71.64,55.75,83.81,66.89
72.18,72.18,62.59,85.20,64.03
72.06,72.06,76.59,84.05,65.89
71.13,71.13,80.34,84.00,65.58
67.31,67.31,71.46,83.67,66.19
57.88,57.88,62.85,84.90,66.35
58.32,58.32,53.21,84.54,65.73
59.61,59.61,50.26,83.21,67.67
60.76,60.76,46.49,83.97,68.25
71.52,71.52,45.17,85.99,68.12
69.64,69.64,47.02,84.64,67.21
63.32,63.32,54.80,84.21,69.68
73.82,73.82,66.63,80.91,69.14
74.66,74.66,69.10,63.36,63.20
61.51,61.51,79.84,74.89,61.36
56.34,56.34,84.15,82.90,61.21
62.02,62.02,80.49,84.24,65.49
55.87,55.87,83.90,81.82,67.18
52.49,52.49,88.30,82.35,67.03
57.54,57.54,86.00,81.38,69.47
58.61,58.61,85.16,78.15,69.23
62.15,62.15,83.47,77.09,70.16
67.96,67.96,79.67,78.97,70.94
63.53,63.53,74.57,84.63,70.45
66.75,66.75,72.59,84.27,70.35
70.68,70.68,77.52,81.58,71.10
71.42,71.42,77.80,80.06,73.09
70.25,70.25,79.01,82.77,76.55
68.84,68.84,74.60,82.43,77.40
67.63,67.63,63.88,83.33,77.16
69.08,69.08,61.99,83.87,75.82
68.88,68.88,62.68,83.10,75.20
67.68,67.68,62.76,82.49,76.98
65.57,65.57,59.02,81.15,75.71
65.36,65.36,62.99,83.18,74.97
62.72,62.72,62.31,85.46,75.00
59.98,59.98,65.33,83.76,75.96
62.11,62.11,64.93,80.52,77.61
60.97,60.97,71.62,81.09,74.69
59.48,59.48,81.80,81.30,70.69
68.51,68.51,86.07,81.31,70.42
68.06,68.06,73.77,81.12,69.28
57.75,57.75,66.21,82.61,71.30
55.53,55.53,62.30,81.83,71.61
53.32,53.32,64.81,79.24,70.83
59.64,59.64,60.94,82.28,69.74
64.03,64.03,60.34,84.19,65.62
67.18,67.18,59.49,82.93,68.37
64.63,64.63,63.20,83.33,66.73
55.68,55.68,64.55,83.04,62.94
54.65,54.65,69.56,80.54,61.35
41.85,41.85,75.78,82.97,64.68
40.13,40.13,89.22,76.39,68.68
39.77,39.77,78.32,79.17,63.05
49.63,49.63,69.53,81.88,66.09
55.28,55.28,69.57,80.82,67.62
57.28,57.28,73.12,81.00,68.57
54.70,54.70,68.06,81.77,66.49
55.29,55.29,71.28,80.38,67.29
59.25,59.25,70.75,82.12,68.09
63.13,63.13,68.11,79.84,67.78
59.87,59.87,70.66,82.41,69.29
51.29,51.29,70.74,81.13,68.52
57.45,57.45,71.60,81.23,68.70
60.31,60.31,75.15,81.83,72.78
62.20,62.20,68.95,81.00,72.36
63.60,63.60,68.15,83.78,72.22
65.22,65.22,67.38,83.00,72.03
65.46,65.46,65.27,85.11,73.36
63.26,63.26,66.42,82.42,74.43
60.04,60.04,66.13,84.71,73.80
57.38,57.38,68.21,81.82,77.05
55.13,55.13,63.02,83.95,77.29
55.52,55.52,65.97,82.51,80.74
65.91,65.91,66.98,83.48,80.04
65.00,65.00,70.82,83.59,74.15
58.16,58.16,78.14,82.91,72.87
59.98,59.98,87.10,84.03,73.05
65.54,65.54,80.59,79.36,73.37
64.44,64.44,84.75,79.93,73.55
59.13,59.13,90.23,83.08,72.44
65.39,65.39,85.05,84.12,72.34
63.75,63.75,87.63,81.51,77.56
65.52,65.52,83.22,81.45,74.33
65.24,65.24,79.00,82.38,73.04
59.69,59.69,71.09,81.60,73.17
60.51,60.51,70.53,83.49,75.00
62.35,62.35,76.20,82.07,72.69
60.76,60.76,80.03,84.14,74.62
59.48,59.48,82.18,79.26,72.09
58.71,58.71,83.50,82.77,70.66
59.48,59.48,83.36,82.65,74.52
51.62,51.62,85.37,80.29,76.30
53.13,53.13,89.45,81.80,75.76
56.96,56.96,83.75,82.74,75.90
61.99,61.99,84.77,82.03,72.21
60.58,60.58,77.90,81.65,73.92
53.98,53.98,70.94,82.01,70.94
50.30,50.30,72.13,82.28,72.79
55.24,55.24,77.34,80.39,76.95
52.12,52.12,75.28,79.88,75.15
61.43,61.43,72.76,81.03,72.75
60.30,60.30,67.44,83.71,72.48
60.77,60.77,66.82,82.99,74.54
61.04,61.04,60.22,81.48,75.56
62.82,62.82,59.78,83.04,72.48
56.17,56.17,65.82,84.05,75.59
50.89,50.89,65.40,81.98,75.09
51.18,51.18,66.51,80.89,73.84
48.55,48.55,66.73,81.63,74.41
50.21,50.21,70.41,82.42,74.05
58.83,58.83,69.30,81.45,73.57
55.53,55.53,66.53,82.29,77.06
52.52,52.52,61.73,82.68,74.01
52.89,52.89,66.57,83.11,74.43
57.89,57.89,66.71,83.45,75.52
54.33,54.33,66.90,83.34,73.19
59.20,59.20,66.07,83.50,75.26
61.54,61.54,65.66,83.12,74.58
58.44,58.44,67.87,81.20,73.77
57.08,57.08,70.56,81.34,74.36
55.14,55.14,68.23,83.01,75.17
55.71,55.71,65.84,81.93,74.35
54.91,54.91,68.35,79.94,74.89
54.28,54.28,67.69,79.86,73.05
55.23,55.23,65.48,81.12,71.84
55.39,55.39,68.46,82.75,71.15
55.02,55.02,66.76,82.97,72.12
52.48,52.48,68.25,82.44,71.10
51.78,51.78,68.01,83.46,72.83
53.30,53.30,67.66,83.05,74.12
54.19,54.19,69.18,82.05,74.35
53.96,53.96,71.75,82.17,73.59
50.69,50.69,69.75,83.48,72.70
46.47,46.47,65.79,83.37,73.14
48.73,48.73,69.30,82.16,71.26
49.02,49.02,72.13,81.81,73.89
51.18,51.18,70.64,83.31,75.44
50.36,50.36,73.18,83.42,74.58
49.91,49.91,74.32,82.50,74.44
43.96,43.96,71.31,83.00,76.85
51.73,51.73,69.72,84.28,76.48
56.12,56.12,66.88,83.53,73.98
56.72,56.72,66.70,83.11,73.41
53.00,53.00,69.98,83.08,74.61
55.46,55.46,70.83,85.03,74.40
58.33,58.33,70.01,84.15,72.32
65.80,65.80,70.61,83.66,78.00
67.67,67.67,74.27,83.89,73.61
70.98,70.98,71.24,85.15,75.28
73.07,73.07,66.81,84.81,72.19
73.73,73.73,71.88,83.49,74.35
74.39,74.39,71.84,83.03,73.93
74.83,74.83,75.94,84.85,72.07
72.85,72.85,74.91,84.02,73.84
65.36,65.36,74.59,83.11,74.07
52.05,52.05,71.68,83.01,72.67
52.63,52.63,73.53,84.90,72.30
51.83,51.83,72.05,84.61,72.99
50.71,50.71,71.23,83.63,74.44
52.64,52.64,71.39,83.23,74.07
49.65,49.65,74.28,85.31,71.67
37.77,37.77,74.32,84.61,63.26
29.43,29.43,83.83,82.30,65.74
19.57,19.57,85.01,80.12,65.44
17.61,17.61,79.86,84.11,65.40
25.21,25.21,75.27,83.36,67.55
33.03,33.03,73.17,82.14,64.67
37.80,37.80,68.43,81.59,65.53
44.05,44.05,72.55,83.72,66.37
41.24,41.24,72.06,81.82,68.05
42.90,42.90,68.08,81.32,69.19
40.37,40.37,66.86,81.93,73.57
44.76,44.76,69.90,82.29,71.80
47.29,47.29,73.91,82.15,74.53
42.29,42.29,72.97,81.18,71.73
35.55,35.55,88.09,80.55,68.84
39.19,39.19,81.77,82.16,70.21
44.25,44.25,84.06,83.99,69.09
40.12,40.12,84.78,84.36,69.86
43.52,43.52,88.93,84.36,70.73
45.37,45.37,86.47,82.40,71.30
44.05,44.05,86.10,81.31,74.37
41.39,41.39,80.69,79.63,74.62
42.54,42.54,76.25,81.48,74.99
44.15,44.15,67.04,83.71,71.93
47.13,47.13,77.67,82.48,73.44
44.89,44.89,78.32,83.65,69.08
48.88,48.88,82.44,84.44,72.07
42.55,42.55,82.18,83.14,68.67
43.78,43.78,73.32,81.57,70.28
43.34,43.34,64.49,80.64,73.72
45.96,45.96,66.76,81.09,74.81
45.50,45.50,62.26,83.03,74.14
46.83,46.83,62.15,82.57,73.26
52.64,52.64,66.13,81.05,74.32
57.09,57.09,66.32,83.83,69.23
56.70,56.70,66.99,83.88,72.38
57.84,57.84,70.54,82.63,69.87
51.21,51.21,69.78,82.92,70.87
52.65,52.65,70.65,83.34,72.76
54.27,54.27,80.14,83.20,73.14
51.23,51.23,74.01,81.90,72.98
47.30,47.30,67.21,81.68,71.53
54.36,54.36,65.05,83.04,74.26
52.81,52.81,66.65,82.14,75.51
59.16,59.16,64.42,82.00,72.70
56.14,56.14,61.31,81.82,72.56
62.31,62.31,58.75,83.39,69.21
67.50,67.50,61.16,83.34,70.29
71.03,71.03,62.50,71.99,71.74
72.78,72.78,62.62,58.10,69.91
73.09,73.09,71.28,68.54,68.87
72.75,72.75,83.09,84.49,65.21
72.33,72.33,84.07,81.98,68.61
72.83,72.83,84.06,77.82,70.85
76.78,76.78,82.79,79.45,73.86
72.04,72.04,86.60,81.74,69.82
78.87,78.87,84.38,80.15,71.51
76.72,76.72,85.54,77.42,69.35
80.75,80.75,81.35,79.34,73.01
78.68,78.68,76.93,83.36,71.01
80.46,80.46,74.31,83.63,75.54
82.90,82.90,77.17,80.83,70.68
79.47,79.47,76.25,82.73,74.49
81.54,81.54,75.57,80.20,71.21
85.39,85.39,75.44,78.49,74.99
83.79,83.79,66.88,81.22,71.74
82.76,82.76,63.26,84.09,71.33
80.70,80.70,61.05,83.35,71.23
77.69,77.69,64.05,81.43,72.21
76.93,76.93,62.42,80.65,73.76
79.45,79.45,62.32,83.20,72.51
77.87,77.87,62.26,84.64,75.38
81.49,81.49,64.86,84.11,73.94
81.24,81.24,63.87,80.44,72.62
78.35,78.35,68.77,81.25,73.09
80.52,80.52,68.63,83.25,76.80
76.43,76.43,77.52,82.99,75.62
73.86,73.86,72.89,83.14,73.24
76.66,76.66,69.98,83.00,69.57
77.40,77.40,68.58,82.29,69.38
77.08,77.08,71.11,80.23,68.38
73.54,73.54,69.11,82.82,69.03
73.24,73.24,69.93,84.02,67.50
72.38,72.38,67.49,83.35,66.76
74.83,74.83,68.62,82.33,67.81
72.71,72.71,65.86,82.62,68.53
74.29,74.29,69.71,81.45,65.35
72.24,72.24,74.30,83.42,66.38
75.59,75.59,82.52,80.04,69.54
77.98,77.98,82.78,82.30,69.20
77.56,77.56,73.77,83.05,71.01
79.42,79.42,69.67,84.08,67.98
78.75,78.75,70.86,82.18,69.98
79.95,79.95,69.21,84.37,73.68
80.37,80.37,66.98,81.60,71.27
80.08,80.08,62.48,83.73,72.30
81.93,81.93,69.79,82.45,73.37
81.35,81.35,65.07,82.71,75.37
81.25,81.25,64.73,83.29,77.16
81.70,81.70,69.47,82.22,79.48
82.17,82.17,64.95,83.57,78.95
80.90,80.90,64.60,81.58,76.28
83.20,83.20,66.82,83.70,73.36
81.57,81.57,64.87,81.17,76.40
81.65,81.65,62.26,84.22,74.02
81.87,81.87,60.86,82.33,75.64
80.81,80.81,60.49,82.98,72.41
82.71,82.71,61.78,83.05,75.66
80.85,80.85,59.38,81.11,75.52
83.15,83.15,58.71,83.13,75.02
80.79,80.79,60.90,80.89,76.11
81.00,81.00,65.06,84.03,75.30
80.82,80.82,72.94,79.85,73.04
79.26,79.26,80.64,81.83,70.96
79.52,79.52,81.69,79.83,70.69
79.35,79.35,80.13,77.10,71.90
78.51,78.51,86.12,75.17,72.01
78.52,78.52,86.18,80.80,70.80
78.30,78.30,87.17,81.82,70.03
75.86,75.86,85.96,81.05,68.89
74.44,74.44,81.87,83.42,63.45
75.96,75.96,77.74,81.68,68.58
76.81,76.81,68.72,84.15,70.33
74.56,74.56,74.41,81.64,68.20
73.27,73.27,80.57,84.26,72.63
73.43,73.43,77.42,85.33,69.29
76.10,76.10,84.36,83.74,71.18
77.91,77.91,80.66,82.62,74.78
75.04,75.04,82.84,84.45,73.68
77.99,77.99,88.91,83.75,69.97
77.57,77.57,85.14,82.69,71.72
79.06,79.06,86.99,81.77,69.77
79.51,79.51,82.64,81.26,72.44
81.60,81.60,80.04,81.04,73.39
81.36,81.36,71.63,80.46,72.03
82.76,82.76,72.24,81.11,77.71
81.33,81.33,77.61,83.20,78.52
82.07,82.07,78.26,83.66,80.61
82.04,82.04,69.56,82.28,71.06
82.19,82.19,64.85,80.97,74.48
80.03,80.03,65.59,83.13,78.58
80.40,80.40,64.07,82.74,76.78
78.97,78.97,65.16,82.91,71.98
80.42,80.42,65.06,82.91,70.85
81.07,81.07,67.55,83.44,70.38
81.29,81.29,67.89,83.46,70.75
80.81,80.81,71.02,83.23,72.35
81.93,81.93,68.53,82.99,71.18
80.61,80.61,69.85,84.43,75.35
78.73,78.73,67.69,83.44,78.48
80.73,80.73,65.41,81.08,78.14
81.73,81.73,65.60,81.79,78.44
81.12,81.12,69.59,83.89,81.03
80.31,80.31,67.16,82.92,78.04
80.98,80.98,70.87,82.95,76.48
80.90,80.90,67.61,82.01,76.83
80.16,80.16,59.54,83.99,70.90
83.00,83.00,65.16,83.60,70.31
78.59,78.59,64.54,82.58,70.76
79.61,79.61,63.51,83.11,72.76
82.84,82.84,64.87,84.29,72.60
80.33,80.33,68.44,83.47,75.21
80.95,80.95,64.37,83.01,70.58
79.04,79.04,65.69,83.27,70.98
80.49,80.49,66.57,84.67,69.51
80.21,80.21,66.94,83.38,69.85
80.71,80.71,65.63,82.92,72.07
76.87,76.87,67.68,83.56,69.00
80.45,80.45,57.66,84.76,69.62
80.68,80.68,57.14,83.16,70.13
79.93,79.93,60.53,82.88,69.23
78.09,78.09,60.84,83.45,70.54
78.83,78.83,66.00,84.52,69.80
80.21,80.21,66.16,83.34,72.31
79.47,79.47,69.33,82.03,73.72
81.39,81.39,68.71,83.59,71.11
81.99,81.99,71.12,84.42,72.83
79.77,79.77,65.86,84.06,72.30
79.31,79.31,63.39,83.35,68.74
78.90,78.90,56.13,83.49,69.40
75.90,75.90,54.93,84.70,67.77
74.42,74.42,53.83,82.74,67.83
79.72,79.72,55.75,82.67,68.69
79.14,79.14,57.87,83.71,67.79
76.27,76.27,56.82,84.70,69.98
75.27,75.27,57.04,83.72,72.20
76.18,76.18,56.03,83.35,72.36
76.45,76.45,55.08,82.35,73.06
77.60,77.60,54.86,84.48,73.14
77.14,77.14,57.81,84.61,71.31
75.20,75.20,56.65,83.36,70.07
77.10,77.10,53.38,84.09,71.09
77.28,77.28,58.24,84.69,69.21
70.30,70.30,53.95,84.13,68.04
77.31,77.31,55.27,84.04,68.42
74.38,74.38,53.41,84.86,68.57
74.54,74.54,55.71,84.86,67.52
75.03,75.03,62.57,83.59,65.70
74.16,74.16,68.02,83.98,66.05
72.32,72.32,71.24,83.02,63.24
69.69,69.69,88.37,78.77,64.22
61.79,61.79,80.03,79.34,63.76
60.25,60.25,74.09,80.46,62.59
68.50,68.50,73.14,82.93,64.23
72.77,72.77,69.01,82.80,63.21
71.04,71.04,66.12,81.98,61.99
65.79,65.79,61.99,80.54,63.11
69.19,69.19,63.07,83.07,62.02
71.72,71.72,63.83,83.38,63.90
69.37,69.37,60.57,82.93,64.70
67.78,67.78,63.51,82.91,66.56
70.77,70.77,65.20,84.36,64.72
68.32,68.32,65.72,83.87,63.85
70.30,70.30,62.47,83.34,64.66
66.28,66.28,60.77,82.15,64.19
71.30,71.30,55.92,83.80,64.36
71.57,71.57,56.50,83.44,63.82
71.06,71.06,55.08,82.41,65.65
69.45,69.45,54.13,82.25,66.83
71.41,71.41,52.27,84.08,65.80
75.86,75.86,53.05,84.26,65.79
71.90,71.90,56.91,83.17,69.75
77.05,77.05,57.74,82.56,70.49
75.02,75.02,69.89,84.96,69.36
72.36,72.36,73.95,85.54,69.36
72.31,72.31,82.96,83.74,71.45
72.68,72.68,69.62,83.45,69.74
71.59,71.59,73.02,84.25,69.42
73.79,73.79,69.78,83.33,70.48
72.22,72.22,65.13,83.14,68.54
73.41,73.41,62.14,83.45,68.52
74.40,74.40,59.65,83.94,69.21
73.74,73.74,52.93,84.17,67.35
74.55,74.55,49.82,83.90,67.70
77.37,77.37,54.87,83.26,64.34
78.74,78.74,63.70,85.03,62.87
72.86,72.86,63.71,84.10,64.28
74.65,74.65,72.11,82.66,68.49
71.76,71.76,79.61,81.86,65.77
76.29,76.29,72.66,84.05,62.22
74.29,74.29,67.64,84.75,62.29
74.37,74.37,66.08,83.52,59.88
72.88,72.88,63.98,83.77,59.39
74.41,74.41,62.54,85.25,58.55
75.22,75.22,56.82,84.13,58.52
72.67,72.67,51.73,83.49,58.44
74.13,74.13,50.78,84.46,55.44
73.62,73.62,57.36,84.86,54.43
74.50,74.50,64.72,84.64,53.80
69.90,69.90,70.31,82.87,54.07
72.33,72.33,87.75,84.43,55.42
75.48,75.48,82.62,83.92,55.05
74.90,74.90,85.75,84.65,56.57
75.38,75.38,86.50,83.58,58.41
78.55,78.55,86.19,81.41,60.48
76.54,76.54,86.77,82.78,62.18
75.03,75.03,83.77,83.13,61.54
72.93,72.93,82.22,82.50,61.81
74.09,74.09,75.02,83.43,63.71
74.70,74.70,68.50,83.99,65.38
78.34,78.34,76.67,83.61,65.21
78.89,78.89,79.32,81.08,67.21
76.36,76.36,78.42,81.53,70.66
72.36,72.36,78.54,83.19,67.94
74.93,74.93,70.84,84.07,65.56
74.28,74.28,64.76,84.67,68.30
74.79,74.79,63.78,86.58,68.33
74.15,74.15,56.06,86.86,68.90
72.53,72.53,61.85,85.71,69.14
70.85,70.85,68.60,86.16,69.33
71.82,71.82,70.49,86.51,69.50
75.57,75.57,67.52,86.42,70.71
73.33,73.33,72.73,85.06,70.26
73.91,73.91,70.53,85.66,70.63
74.43,74.43,77.58,86.43,69.78
74.47,74.47,87.21,85.40,67.88
70.80,70.80,74.89,83.54,66.93
71.19,71.19,60.98,83.69,66.82
74.06,74.06,66.13,83.41,67.76
66.78,66.78,66.40,83.24,65.10
68.75,68.75,66.89,84.19,65.04
64.51,64.51,60.85,85.41,61.21
65.68,65.68,61.07,85.85,62.77
69.28,69.28,58.81,85.31,62.74
65.08,65.08,64.57,85.41,61.55
57.50,57.50,66.07,85.59,61.36
62.26,62.26,73.05,83.42,63.55
77.11,77.11,87.58,79.62,67.08
67.18,67.18,80.57,82.41,65.13
66.65,66.65,70.85,84.19,63.64
70.99,70.99,67.82,83.97,62.35
73.29,73.29,68.51,82.77,64.81
74.20,74.20,66.31,84.93,63.63
76.41,76.41,62.57,83.89,63.03
76.69,76.69,67.94,85.19,63.23
76.78,76.78,67.70,84.37,66.06
76.20,76.20,66.99,85.00,67.79
77.58,77.58,66.89,85.02,63.81
76.77,76.77,70.71,84.13,66.16
73.99,73.99,71.12,84.94,69.30
74.62,74.62,67.84,85.90,69.45
75.82,75.82,68.06,85.18,69.51
75.14,75.14,64.88,83.09,69.73
73.58,73.58,64.03,84.98,68.85
73.13,73.13,61.07,84.68,70.35
75.29,75.29,59.52,84.63,69.30
74.32,74.32,57.70,85.23,69.79
74.09,74.09,58.04,86.82,70.73
74.26,74.26,58.62,87.29,70.95
71.92,71.92,61.19,86.81,73.31
73.06,73.06,65.19,86.56,71.24
73.51,73.51,76.70,84.79,70.75
73.70,73.70,86.29,82.08,66.89
69.09,69.09,82.52,84.69,67.95
72.52,72.52,88.32,83.47,67.29
70.60,70.60,85.33,83.21,67.56
70.15,70.15,87.46,84.27,66.50
73.36,73.36,87.53,83.73,67.30
66.90,66.90,84.30,84.29,66.02
69.26,69.26,82.08,85.10,65.63
67.88,67.88,76.04,83.26,61.89
70.48,70.48,68.32,82.17,63.19
73.79,73.79,77.83,84.10,63.31
79.20,79.20,81.34,83.68,62.04
77.25,77.25,82.58,82.98,65.51
74.32,74.32,80.91,81.08,65.03
73.06,73.06,80.43,79.65,65.50
73.97,73.97,85.69,76.90,68.81
72.84,72.84,87.13,82.61,71.92
72.21,72.21,85.57,80.89,72.57
76.01,76.01,84.58,78.75,74.66
76.86,76.86,80.75,81.53,75.88
72.82,72.82,73.46,81.59,75.31
76.09,76.09,74.98,79.44,73.58
76.65,76.65,77.31,80.15,69.67
74.01,74.01,78.17,83.92,70.41
74.19,74.19,73.03,84.74,71.57
76.65,76.65,70.69,81.78,72.53
76.11,76.11,61.19,80.94,73.10
78.11,78.11,62.37,81.48,76.15
79.76,79.76,61.22,80.04,72.71
80.98,80.98,61.29,81.35,74.17
77.26,77.26,61.51,81.56,71.85
77.88,77.88,64.62,83.82,73.80
80.29,80.29,60.97,83.03,70.56
80.27,80.27,64.49,79.35,72.87
76.43,76.43,62.86,79.56,73.51
77.76,77.76,65.96,83.90,75.01
77.28,77.28,59.88,82.89,74.27
78.35,78.35,50.18,81.80,71.72
77.44,77.44,53.34,80.99,72.58
79.44,79.44,63.00,81.35,70.27
74.45,74.45,57.98,83.26,73.29
75.87,75.87,63.29,84.58,72.23
75.85,75.85,56.71,84.38,73.66
76.31,76.31,55.81,82.88,73.05
73.87,73.87,56.05,82.73,74.72
77.27,77.27,62.51,82.75,76.92
72.60,72.60,60.17,83.33,76.33
77.15,77.15,65.63,84.56,76.08
79.65,79.65,63.22,85.25,72.13
74.36,74.36,64.65,83.57,70.85
75.59,75.59,63.73,82.07,73.91
73.59,73.59,62.50,84.38,73.78
74.71,74.71,56.63,84.19,76.93
80.18,80.18,59.86,82.77,70.19
74.95,74.95,54.11,82.59,73.12
74.11,74.11,48.63,82.58,72.83
75.49,75.49,48.22,81.71,74.78
77.49,77.49,58.04,83.51,71.78
78.93,78.93,61.35,83.75,73.01
78.69,78.69,62.68,84.16,71.23
76.60,76.60,65.86,81.91,74.29
75.48,75.48,62.29,80.99,71.90
77.57,77.57,63.99,83.55,71.67
79.82,79.82,60.56,83.75,72.05
76.77,76.77,61.61,82.90,70.76
77.66,77.66,53.01,83.13,74.50
77.69,77.69,51.99,83.28,69.40
71.71,71.71,47.41,82.02,65.49
75.51,75.51,46.91,83.27,70.12
75.88,75.88,49.08,84.02,72.02
77.30,77.30,49.95,84.33,69.42
78.02,78.02,53.74,82.67,68.90
79.24,79.24,52.64,80.29,71.89
74.17,74.17,52.92,83.23,72.05
68.91,68.91,60.27,83.38,67.57
75.91,75.91,54.45,83.71,67.18
81.53,81.53,50.75,83.88,73.80
80.52,80.52,53.69,82.48,73.99
80.00,80.00,55.97,81.91,70.09
78.51,78.51,50.88,84.11,73.27
75.35,75.35,52.76,83.49,68.49
76.27,76.27,49.64,83.33,68.98
74.49,74.49,51.99,83.19,67.88
76.52,76.52,50.71,82.76,70.27
77.07,77.07,62.40,83.03,71.65
75.84,75.84,71.01,83.79,65.70
77.89,77.89,77.15,82.47,62.90
79.14,79.14,86.88,78.94,63.87
76.32,76.32,77.92,81.20,64.23
74.39,74.39,74.25,80.89,63.95
74.49,74.49,70.26,82.19,67.17
78.24,78.24,66.67,82.42,69.19
78.21,78.21,67.04,82.51,69.24
78.38,78.38,61.86,82.07,70.22
78.81,78.81,62.98,80.61,71.63
78.33,78.33,63.24,81.92,71.81
75.52,75.52,60.56,83.37,70.74
77.37,77.37,67.78,82.79,70.56
77.07,77.07,72.14,84.02,69.80
72.16,72.16,83.29,84.97,70.91
66.91,66.91,85.61,81.76,67.19
66.54,66.54,80.61,77.33,64.99
69.22,69.22,80.26,80.19,63.75
70.51,70.51,87.67,81.49,65.18
76.77,76.77,85.25,80.25,69.87
80.28,80.28,86.55,77.70,70.35
82.88,82.88,82.46,79.84,70.96
81.79,81.79,78.99,82.74,71.61
77.98,77.98,71.71,83.16,67.14
70.55,70.55,77.13,80.14,68.59
70.37,70.37,77.25,81.63,71.11
70.31,70.31,79.23,82.92,71.86
72.44,72.44,86.47,81.77,71.28
75.12,75.12,74.95,82.01,71.10
78.24,78.24,59.53,84.10,71.58
77.48,77.48,58.21,83.07,71.27
72.53,72.53,62.70,81.92,72.11
68.63,68.63,59.12,81.85,73.84
73.58,73.58,61.02,84.47,70.83
78.12,78.12,59.42,84.86,67.64
76.31,76.31,62.65,84.27,69.89
79.85,79.85,62.42,81.76,74.12
79.17,79.17,66.74,81.62,73.47
77.29,77.29,68.20,84.41,73.63
72.01,72.01,76.55,84.56,74.15
69.37,69.37,73.25,84.54,70.23
74.63,74.63,60.33,83.48,71.44
66.33,66.33,59.88,82.34,72.66
74.13,74.13,66.59,80.21,74.98
78.79,78.79,53.41,70.87,77.08
80.60,80.60,55.18,65.35,74.86
80.57,80.57,54.27,56.38,72.85
79.33,79.33,58.39,58.54,72.09
78.51,78.51,59.39,49.73,71.58
81.23,81.23,63.67,59.31,72.69
83.51,83.51,64.03,63.04,72.36
81.04,81.04,84.73,83.33,69.76
78.06,78.06,87.74,82.85,72.06
79.35,79.35,81.19,78.22,72.80
82.19,82.19,82.68,77.73,74.86
78.92,78.92,86.92,81.09,71.14
78.65,78.65,84.86,83.10,72.38
80.92,80.92,83.02,79.99,69.52
80.57,80.57,85.15,80.24,71.97
79.69,79.69,75.65,81.41,74.43
83.64,83.64,74.01,80.49,76.03
83.65,83.65,76.25,80.26,76.48
79.09,79.09,77.30,83.34,76.79
74.29,74.29,75.19,83.46,74.82
75.00,75.00,76.99,80.36,75.70
74.70,74.70,71.93,82.34,75.12
74.47,74.47,64.97,82.84,77.01
76.32,76.32,61.85,82.57,77.42
77.88,77.88,62.48,81.99,77.79
79.41,79.41,61.97,81.57,77.50
78.94,78.94,59.07,83.28,78.08
78.64,78.64,62.47,83.55,78.41
81.24,81.24,61.76,81.75,77.35
82.34,82.34,64.05,82.63,76.49
80.98,80.98,65.32,83.49,75.11
82.23,82.23,71.08,81.29,76.40
78.49,78.49,74.51,82.02,75.66
75.97,75.97,72.50,83.24,73.93
77.77,77.77,66.24,83.48,74.34
75.75,75.75,63.81,82.15,72.07
76.33,76.33,62.07,81.87,76.16
80.94,80.94,64.41,82.43,73.08
83.96,83.96,59.01,82.96,75.04
85.51,85.51,57.28,82.41,73.25
85.05,85.05,57.47,82.34,71.86
86.79,86.79,57.14,81.69,69.25
86.09,86.09,63.66,80.57,69.35
82.55,82.55,69.95,83.69,66.99
79.17,79.17,79.57,82.07,62.08
83.06,83.06,86.08,81.96,65.30
81.26,81.26,76.09,81.48,64.18
79.34,79.34,71.39,83.72,61.55
80.23,80.23,68.42,81.87,67.19
81.95,81.95,66.15,83.35,65.26
80.44,80.44,64.96,81.90,65.43
80.39,80.39,61.13,82.41,65.45
78.77,78.77,63.46,82.68,68.23
81.97,81.97,61.76,80.30,69.39
84.14,84.14,62.94,84.18,68.47
81.84,81.84,61.96,82.03,70.11
84.51,84.51,60.80,83.98,70.01
86.93,86.93,62.71,80.91,67.77
82.26,82.26,62.84,83.41,67.16
82.29,82.29,60.72,81.34,63.88
85.21,85.21,54.87,82.22,65.01
82.48,82.48,57.24,83.04,67.15
82.06,82.06,53.30,82.13,68.56
81.97,81.97,50.91,83.23,67.10
83.93,83.93,44.47,81.52,66.91
82.68,82.68,46.38,84.11,71.49
80.72,80.72,53.37,81.79,69.38
79.18,79.18,59.53,84.47,69.87
79.42,79.42,65.75,83.39,66.57
80.04,80.04,75.39,83.77,64.72
77.91,77.91,82.41,82.16,65.03
80.11,80.11,82.71,82.54,64.60
80.47,80.47,83.93,80.93,65.02
79.80,79.80,88.76,75.30,66.63
80.63,80.63,86.53,77.06,68.83
80.39,80.39,84.51,76.35,64.48
77.17,77.17,85.08,81.73,66.26
78.66,78.66,75.39,80.68,66.21
80.11,80.11,70.14,82.62,68.42
76.60,76.60,71.37,82.45,69.28
77.26,77.26,77.88,81.88,70.63
75.41,75.41,79.51,83.24,70.45
78.95,78.95,82.01,80.63,66.90
81.46,81.46,83.02,80.86,66.45
81.70,81.70,86.44,83.61,66.37
79.15,79.15,84.48,82.94,66.76
79.79,79.79,87.66,81.40,68.29
83.97,83.97,85.63,79.62,66.52
80.74,80.74,82.78,78.84,69.04
84.27,84.27,79.19,78.94,67.67
79.68,79.68,74.11,80.72,64.23
84.69,84.69,74.72,82.71,65.02
82.04,82.04,75.88,83.79,67.64
78.57,78.57,77.05,83.79,63.59
78.46,78.46,72.17,83.68,68.28
81.61,81.61,66.17,84.15,69.39
83.19,83.19,62.95,84.38,71.25
83.00,83.00,58.77,83.26,70.85
84.29,84.29,57.17,82.47,71.90
83.85,83.85,65.87,82.84,72.49
82.86,82.86,66.46,83.42,74.47
81.89,81.89,69.04,81.76,74.75
81.66,81.66,67.81,81.88,74.67
81.69,81.69,65.95,83.81,72.93
81.97,81.97,70.62,83.26,70.19
79.92,79.92,68.11,82.19,68.95
78.59,78.59,58.25,83.09,67.20
77.31,77.31,58.31,84.15,68.29
79.69,79.69,60.61,83.37,68.39
81.57,81.57,62.04,82.28,68.25
82.13,82.13,64.51,82.68,68.64
80.82,80.82,61.46,83.35,68.50
81.20,81.20,60.94,83.06,65.70
80.78,80.78,53.53,81.72,66.54
81.43,81.43,55.67,82.07,66.17
81.88,81.88,57.66,84.28,67.12
83.01,83.01,65.95,83.67,65.43
82.38,82.38,64.39,83.11,64.58
80.07,80.07,65.98,83.15,67.18
80.54,80.54,63.84,84.73,65.72
82.03,82.03,66.92,83.82,65.00
83.58,83.58,66.89,82.85,64.93
81.22,81.22,67.88,82.75,65.36
84.88,84.88,64.87,84.23,64.60
83.62,83.62,61.76,83.64,63.79
79.41,79.41,51.32,82.78,64.43
83.16,83.16,57.02,82.97,65.14
82.14,82.14,60.11,85.04,65.31
83.68,83.68,63.12,84.28,65.48
82.59,82.59,66.90,83.33,63.90
79.01,79.01,66.15,82.92,66.63
81.88,81.88,70.27,84.94,66.53
81.72,81.72,67.84,84.16,69.46
80.45,80.45,67.78,83.09,66.11
79.78,79.78,63.62,83.18,64.80
80.43,80.43,64.50,84.70,64.85
77.77,77.77,60.51,83.74,65.64
80.71,80.71,58.45,83.53,67.86
80.67,80.67,57.08,84.49,69.16
77.10,77.10,58.99,85.74,68.16
81.36,81.36,61.46,85.05,67.23
79.17,79.17,58.29,84.25,67.68
78.01,78.01,59.08,84.19,68.64
76.69,76.69,54.68,85.65,67.90
79.02,79.02,59.07,85.15,66.68
76.83,76.83,55.55,83.71,67.80
78.26,78.26,58.31,84.33,68.67
76.54,76.54,56.36,85.34,68.26
81.32,81.32,55.47,84.30,69.27
76.26,76.26,54.92,83.66,66.41
79.68,79.68,53.58,83.48,67.31
79.15,79.15,52.44,85.08,67.91
81.00,81.00,52.28,84.96,68.17
77.55,77.55,58.10,83.66,68.34
77.41,77.41,66.79,84.36,64.14
73.52,73.52,74.45,84.45,62.13
76.59,76.59,82.85,80.90,59.22
76.76,76.76,82.79,81.71,61.13
78.59,78.59,78.44,83.15,59.10
81.63,81.63,74.19,83.52,60.75
83.18,83.18,68.95,83.01,59.41
84.49,84.49,67.69,81.91,62.35
84.69,84.69,66.34,82.81,63.51
83.28,83.28,64.42,83.41,62.43
82.88,82.88,63.13,82.41,60.81
82.35,82.35,66.09,83.53,62.07
81.23,81.23,63.29,83.56,62.62
82.93,82.93,66.66,84.70,63.37
84.18,84.18,68.12,83.86,62.84
83.08,83.08,70.77,82.56,61.30
82.68,82.68,58.34,82.95,62.92
83.42,83.42,58.99,83.98,60.05
80.99,80.99,61.58,82.68,60.44
81.52,81.52,62.22,83.21,63.36
80.41,80.41,59.30,83.79,62.73
80.01,80.01,58.30,84.72,62.71
80.90,80.90,60.88,83.88,63.70
80.11,80.11,56.89,83.04,65.25
80.78,80.78,61.85,84.70,62.66
76.73,76.73,64.25,84.94,63.28
71.74,71.74,65.84,84.54,65.82
76.55,76.55,73.50,84.70,67.60
73.54,73.54,73.87,84.99,65.17
74.72,74.72,67.68,85.17,66.25
76.33,76.33,67.28,83.93,60.39
79.33,79.33,59.19,83.32,60.06
80.75,80.75,59.95,84.74,61.67
79.76,79.76,59.37,84.97,62.74
82.50,82.50,54.73,83.67,59.41
82.72,82.72,54.60,83.51,59.13
80.83,80.83,54.38,84.27,61.53
77.25,77.25,52.36,84.12,61.97
77.16,77.16,56.50,83.24,64.12
81.31,81.31,69.40,84.17,70.10
76.05,76.05,80.16,84.03,72.38
76.36,76.36,75.01,84.36,69.44
78.89,78.89,66.57,83.71,67.91
79.41,79.41,55.86,83.62,66.28
78.21,78.21,49.37,85.29,66.70
78.76,78.76,49.63,84.59,64.25
78.80,78.80,46.80,83.98,64.98
78.46,78.46,43.04,84.29,64.23
77.85,77.85,42.70,85.33,63.81
79.44,79.44,58.61,83.86,64.08
76.00,76.00,64.30,70.26,59.37
69.85,69.85,69.81,70.55,57.62
67.27,67.27,88.30,84.19,56.25
64.30,64.30,81.90,84.82,60.96
68.38,68.38,84.95,83.86,63.87
72.33,72.33,84.06,77.68,64.56
73.08,73.08,89.21,78.07,67.13
75.91,75.91,86.02,78.43,63.88
76.32,76.32,86.10,81.28,63.90
78.59,78.59,78.63,79.33,62.09
76.79,76.79,78.67,79.95,63.52
78.44,78.44,72.69,83.11,66.54
80.23,80.23,77.38,83.28,65.59
81.21,81.21,75.87,80.41,67.33
79.01,79.01,77.34,80.28,64.87
77.66,77.66,79.05,83.30,68.25
79.13,79.13,67.42,81.76,64.12
79.59,79.59,65.13,82.86,67.54
80.98,80.98,61.35,83.74,66.03
79.48,79.48,61.90,84.33,68.02
78.14,78.14,59.70,83.25,65.25
77.42,77.42,64.08,82.37,66.97
81.09,81.09,61.24,83.47,67.49
83.57,83.57,66.38,85.61,67.46
83.20,83.20,67.92,83.69,63.21
76.27,76.27,67.63,81.13,64.88
75.67,75.67,73.90,81.65,61.54
79.58,79.58,85.85,80.62,64.89
75.64,75.64,71.52,80.08,61.52
74.10,74.10,63.29,81.94,58.54
72.71,72.71,61.51,81.70,59.85
72.73,72.73,63.50,80.21,60.98
73.81,73.81,61.33,80.38,60.89
77.84,77.84,59.92,81.70,58.68
77.25,77.25,58.73,83.44,62.54
75.78,75.78,57.23,83.02,58.56
74.26,74.26,60.95,82.49,61.62
75.19,75.19,64.38,82.11,58.23
77.95,77.95,70.77,80.12,62.11
82.29,82.29,83.80,78.05,68.00
76.50,76.50,82.97,81.30,71.47
72.51,72.51,73.16,81.93,70.40
73.10,73.10,68.66,83.10,69.36
73.34,73.34,69.55,81.25,69.60
71.11,71.11,64.10,82.20,67.67
73.59,73.59,67.01,82.35,65.97
76.65,76.65,63.92,80.80,64.13
76.92,76.92,66.72,83.25,68.89
77.57,77.57,65.75,79.90,67.47
79.27,79.27,64.22,83.64,66.92
76.79,76.79,68.20,80.87,67.70
81.11,81.11,64.51,81.75,67.28
81.16,81.16,67.38,82.08,68.69
78.35,78.35,64.32,81.58,70.95
80.16,80.16,66.28,84.17,69.21
80.12,80.12,65.06,81.82,70.59
79.83,79.83,61.37,84.13,70.95
79.45,79.45,57.05,81.81,71.41
79.39,79.39,58.23,84.30,72.31
73.37,73.37,53.90,81.39,72.08
77.31,77.31,53.11,84.34,72.71
81.82,81.82,61.52,82.96,72.42
77.01,77.01,66.01,83.58,68.38
78.15,78.15,72.75,80.76,73.13
82.88,82.88,84.63,78.27,75.70
81.24,81.24,84.73,81.50,72.60
78.09,78.09,83.05,81.76,70.79
78.47,78.47,82.14,84.21,70.41
78.50,78.50,87.53,82.46,68.56
85.07,85.07,84.18,83.99,69.33
79.33,79.33,86.17,81.70,68.89
74.44,74.44,78.10,81.82,65.97
80.41,80.41,77.85,82.14,68.71
83.13,83.13,66.63,80.50,66.75
79.44,79.44,77.59,82.36,64.82
74.51,74.51,78.46,81.54,63.76
75.43,75.43,79.52,83.20,66.07
78.02,78.02,83.36,81.61,65.23
81.36,81.36,79.78,80.45,62.88
78.59,78.59,84.16,83.12,61.03
74.85,74.85,89.04,82.09,61.44
72.77,72.77,85.80,81.02,63.14
76.16,76.16,83.29,83.46,65.40
78.39,78.39,84.51,83.81,63.41
77.54,77.54,77.03,82.72,64.78
77.28,77.28,72.66,81.21,63.66
78.86,78.86,73.25,81.00,64.62
77.54,77.54,79.65,81.85,66.19
79.51,79.51,75.06,82.45,63.21
79.63,79.63,69.93,82.34,68.44
79.19,79.19,65.12,84.35,63.90
80.16,80.16,63.09,84.80,67.98
81.96,81.96,62.76,82.42,69.63
81.90,81.90,63.17,82.72,69.18
77.26,77.26,63.51,82.31,72.00
78.33,78.33,69.49,82.49,72.04
80.10,80.10,69.66,82.30,72.09
78.14,78.14,68.77,80.62,73.27
76.47,76.47,67.06,83.75,74.11
74.23,74.23,70.76,83.82,73.46
78.11,78.11,63.71,81.90,72.90
80.79,80.79,58.65,82.79,72.30
77.80,77.80,60.72,84.24,72.93
78.28,78.28,64.99,84.69,70.94
79.01,79.01,63.49,83.32,69.72
78.29,78.29,60.52,82.18,68.53
76.13,76.13,65.15,83.74,69.87
74.45,74.45,56.06,83.26,70.50
77.71,77.71,57.65,82.10,69.95
76.85,76.85,58.51,81.52,69.45
75.53,75.53,64.49,82.70,70.69
77.66,77.66,62.34,82.91,67.97
76.52,76.52,67.72,82.66,68.93
78.89,78.89,63.02,82.39,68.26
79.05,79.05,67.99,84.25,66.08
78.11,78.11,65.30,83.53,66.62
76.43,76.43,69.26,82.65,64.55
76.61,76.61,65.92,82.88,65.33
76.20,76.20,65.95,84.42,65.48
79.17,79.17,62.77,83.92,67.08
77.44,77.44,48.62,83.24,65.46
76.03,76.03,52.21,82.72,66.64
78.94,78.94,61.58,84.35,65.44
80.82,80.82,67.12,83.56,66.00
78.23,78.23,66.25,83.42,65.42
76.18,76.18,70.52,83.60,65.41
75.93,75.93,68.51,84.88,70.84
75.75,75.75,68.75,84.10,67.06
72.60,72.60,66.47,83.57,66.24
76.03,76.03,62.33,83.43,68.27
80.29,80.29,57.87,84.92,68.32
76.04,76.04,50.99,84.39,68.38
73.54,73.54,53.23,83.57,67.18
78.42,78.42,54.02,83.72,67.60
78.99,78.99,62.78,85.26,68.77
78.85,78.85,60.40,84.09,69.55
74.58,74.58,61.49,83.28,68.80
76.58,76.58,57.43,82.95,68.94
75.29,75.29,61.44,85.00,68.76
74.58,74.58,62.45,83.86,68.97
77.52,77.52,60.42,82.34,71.96
77.27,77.27,53.93,82.87,70.69
76.88,76.88,55.81,84.50,70.07
76.13,76.13,55.19,83.01,70.30
76.10,76.10,55.19,83.32,69.41
75.98,75.98,54.78,82.86,68.93
75.15,75.15,52.60,84.81,68.24
72.63,72.63,55.65,84.44,68.43
73.82,73.82,62.03,83.29,66.31
67.09,67.09,70.93,83.81,60.63
72.49,72.49,75.33,84.47,56.62
78.50,78.50,87.70,77.22,61.01
74.26,74.26,80.72,79.02,61.36
62.88,62.88,75.57,82.23,60.32
63.07,63.07,72.05,83.66,62.88
69.13,69.13,68.84,82.24,63.83
68.02,68.02,68.07,80.09,63.89
65.70,65.70,65.20,81.96,66.24
70.66,70.66,64.83,83.70,67.38
70.97,70.97,63.99,81.37,66.74
72.78,72.78,61.93,82.06,66.60
70.00,70.00,65.85,82.36,64.87
70.29,70.29,69.33,84.63,64.61
79.41,79.41,76.73,83.51,67.02
83.44,83.44,84.51,82.10,66.84
71.17,71.17,81.19,85.50,68.78
67.28,67.28,81.91,86.13,66.43
70.37,70.37,88.07,84.35,60.25
72.93,72.93,89.17,83.25,63.45
72.11,72.11,85.24,83.19,62.48
74.92,74.92,86.12,82.26,65.54
74.45,74.45,77.05,81.76,65.84
73.91,73.91,68.85,82.00,63.87
72.91,72.91,71.35,83.53,64.11
73.46,73.46,79.91,84.16,66.94
75.58,75.58,76.68,83.66,68.64
76.27,76.27,86.06,82.25,70.26
76.33,76.33,77.55,83.43,67.58
74.61,74.61,64.75,83.03,67.54
72.93,72.93,62.44,81.89,66.26
71.72,71.72,60.56,82.65,67.96
72.98,72.98,58.36,83.83,68.72
74.99,74.99,65.46,83.10,69.21
74.73,74.73,66.35,83.27,66.81
74.49,74.49,66.21,83.47,66.75
74.64,74.64,70.96,84.58,66.61
75.96,75.96,72.02,84.45,70.04
75.12,75.12,70.80,83.11,69.25
74.19,74.19,76.69,83.05,72.65
72.94,72.94,79.22,83.80,70.17
72.21,72.21,69.72,82.89,66.64
72.64,72.64,64.09,82.88,65.85
73.89,73.89,63.98,82.33,68.04
75.61,75.61,68.01,84.87,67.62
79.84,79.84,60.23,84.21,68.46
79.52,79.52,54.46,82.36,68.28
76.80,76.80,53.75,82.91,68.24
77.08,77.08,58.74,81.39,68.22
73.37,73.37,62.61,62.05,67.35
77.86,77.86,64.68,62.66,65.43
79.46,79.46,76.37,75.09,65.33
80.22,80.22,87.25,80.13,66.18
79.58,79.58,79.01,81.52,68.00
79.55,79.55,86.50,81.29,66.55
77.80,77.80,88.97,78.97,68.67
76.21,76.21,82.17,79.52,69.54
77.20,77.20,88.00,79.92,69.71
76.98,76.98,83.05,81.92,66.24
75.13,75.13,78.66,78.32,64.27
74.73,74.73,73.34,78.71,66.53
77.30,77.30,73.37,81.55,69.12
76.99,76.99,75.01,83.86,69.13
77.25,77.25,77.01,84.11,66.98
77.24,77.24,73.93,81.81,68.75
78.60,78.60,72.73,83.87,66.05
78.54,78.54,66.46,82.45,67.99
78.74,78.74,66.06,81.84,67.64
80.39,80.39,62.24,83.08,69.64
80.80,80.80,57.39,82.35,69.89
81.63,81.63,62.03,81.16,69.69
79.68,79.68,63.05,81.86,71.09
78.91,78.91,62.03,81.34,69.74
79.22,79.22,66.19,82.64,68.92
79.19,79.19,67.05,83.51,66.72
79.68,79.68,67.14,81.32,68.62
80.55,80.55,72.19,81.14,67.06
79.42,79.42,75.65,83.92,65.29
78.46,78.46,66.36,84.15,65.03
80.01,80.01,64.22,82.88,66.48
79.85,79.85,64.96,82.05,66.98
80.01,80.01,63.44,81.90,66.35
77.08,77.08,59.59,83.01,65.66
76.47,76.47,61.80,83.33,65.15
77.47,77.47,62.51,82.73,68.40
76.62,76.62,61.05,82.79,65.95
77.19,77.19,61.69,82.41,66.11
75.83,75.83,69.68,81.77,65.77
73.57,73.57,73.83,82.38,64.39
80.66,80.66,86.33,80.39,68.53
68.54,68.54,78.00,81.10,69.76
71.66,71.66,68.67,81.59,71.39
75.14,75.14,66.75,81.56,72.04
74.24,74.24,65.87,80.44,70.91
73.12,73.12,62.74,82.51,66.47
75.05,75.05,62.62,80.97,69.25
76.47,76.47,61.39,83.61,68.04
78.24,78.24,63.15,81.41,67.84
75.48,75.48,60.86,84.74,68.23
77.40,77.40,63.59,83.15,68.68
74.24,74.24,65.37,84.64,68.77
74.88,74.88,62.99,83.82,69.04
74.39,74.39,65.74,83.33,71.45
77.58,77.58,62.87,83.87,69.63
78.07,78.07,62.13,82.98,70.06
78.09,78.09,58.79,83.71,66.85
79.64,79.64,55.55,81.73,69.66
79.90,79.90,54.06,84.73,67.52
79.67,79.67,50.83,82.18,68.83
80.84,80.84,46.39,84.37,67.84
81.05,81.05,52.42,83.92,72.01
79.72,79.72,57.12,83.64,69.72
76.44,76.44,68.41,84.46,66.60
76.46,76.46,73.16,82.66,63.39
70.92,70.92,86.40,82.55,62.63
75.47,75.47,78.75,81.45,63.62
75.23,75.23,84.29,85.14,62.75
79.64,79.64,86.95,80.01,65.98
77.35,77.35,85.14,82.79,65.89
79.08,79.08,87.31,81.30,66.27
75.14,75.14,82.97,82.30,63.07
74.28,74.28,81.82,80.79,63.03
77.85,77.85,71.16,81.83,63.70
75.50,75.50,66.03,83.48,64.70
76.34,76.34,74.37,80.75,62.25
75.56,75.56,81.78,81.21,64.22
73.87,73.87,82.70,76.96,67.28
75.31,75.31,84.90,81.26,68.74
80.51,80.51,84.97,76.99,68.25
75.92,75.92,87.53,76.53,67.52
78.14,78.14,89.17,78.04,69.78
76.98,76.98,85.61,81.25,69.93
75.03,75.03,86.74,80.90,66.47
77.45,77.45,78.24,81.37,68.61
79.63,79.63,75.84,83.39,69.51
80.20,80.20,72.92,84.22,70.72
78.18,78.18,76.41,82.63,71.77
77.17,77.17,77.20,82.25,72.53
80.62,80.62,75.13,83.09,74.22
82.24,82.24,67.38,83.90,74.75
82.74,82.74,68.78,82.75,73.97
80.12,80.12,57.70,82.27,71.84
81.87,81.87,56.74,83.23,72.34
80.85,80.85,63.07,84.12,72.80
77.04,77.04,65.10,83.10,72.33
77.57,77.57,68.36,82.48,72.38
76.45,76.45,67.78,82.45,72.51
77.04,77.04,68.73,82.01,72.23
81.92,81.92,66.84,81.21,72.22
79.32,79.32,69.71,81.57,73.49
78.56,78.56,65.09,84.01,74.14
80.64,80.64,58.62,84.46,74.72
78.75,78.75,58.28,82.80,71.66
77.80,77.80,63.15,81.92,72.55
79.11,79.11,57.29,82.93,72.42
75.94,75.94,63.87,83.55,71.24
74.35,74.35,59.61,83.24,71.67
74.34,74.34,57.75,82.39,73.37
76.00,76.00,58.27,84.10,71.21
76.53,76.53,59.13,84.24,70.75
72.02,72.02,63.42,84.32,70.20
74.75,74.75,69.74,83.55,70.70
75.78,75.78,66.12,84.36,72.84
77.40,77.40,67.82,83.78,73.22
78.13,78.13,63.67,81.81,72.30
77.61,77.61,68.08,83.08,72.91
75.20,75.20,66.03,84.21,73.05
75.88,75.88,66.03,84.03,72.20
75.16,75.16,65.77,83.23,69.93
74.56,74.56,57.21,83.05,68.29
74.91,74.91,50.27,84.88,66.81
73.68,73.68,60.41,84.17,68.46
75.64,75.64,62.76,83.41,70.71
76.23,76.23,64.77,83.00,72.00
72.20,72.20,67.91,83.39,71.34
74.33,74.33,67.52,82.72,70.57
72.68,72.68,67.62,82.08,68.49
71.67,71.67,68.26,82.53,68.26
71.89,71.89,63.64,84.32,68.61
71.77,71.77,59.20,83.82,70.60
69.34,69.34,50.32,83.35,69.21
75.49,75.49,49.90,83.19,69.94
75.72,75.72,52.57,84.98,68.00
74.41,74.41,56.24,84.13,67.38
72.36,72.36,55.66,83.44,69.33
68.94,68.94,58.20,83.45,71.01
70.55,70.55,53.91,85.14,71.05
72.02,72.02,55.85,84.01,72.86
70.68,70.68,55.33,84.05,73.10
70.04,70.04,55.21,83.74,72.42
74.06,74.06,55.19,84.82,73.39
71.77,71.77,55.89,84.37,71.93
70.70,70.70,54.55,84.42,70.10
72.02,72.02,54.34,84.61,73.58
69.56,69.56,53.59,86.16,73.95
67.76,67.76,53.14,85.04,73.72
67.89,67.89,52.40,84.23,74.49
68.85,68.85,53.85,84.69,74.97
63.96,63.96,64.05,85.54,73.54
62.25,62.25,69.79,84.95,69.09
58.39,58.39,79.51,83.42,65.96
62.01,62.01,87.06,82.49,64.85
53.06,53.06,78.73,84.37,65.01
55.18,55.18,74.46,83.00,67.35
56.28,56.28,70.17,82.82,69.42
57.00,57.00,68.26,81.91,70.51
56.89,56.89,67.29,83.49,70.10
58.12,58.12,64.62,82.84,69.54
57.69,57.69,64.00,83.14,69.69
60.75,60.75,66.32,83.29,71.38
60.17,60.17,60.10,84.00,71.06
58.48,58.48,65.52,83.15,69.71
57.91,57.91,70.04,84.06,68.37
62.17,62.17,71.74,84.72,69.22
59.95,59.95,68.87,85.15,66.63
56.01,56.01,66.70,83.93,67.32
54.79,54.79,59.97,82.77,68.15
53.78,53.78,62.04,84.54,68.60
54.95,54.95,55.07,85.52,68.34
57.37,57.37,55.84,83.69,71.75
55.78,55.78,59.83,84.33,72.11
57.02,57.02,59.53,84.35,71.97
57.53,57.53,62.50,85.14,73.51
56.52,56.52,59.75,84.98,74.30
52.68,52.68,66.02,83.53,72.15
52.20,52.20,75.16,86.02,71.43
49.80,49.80,78.19,85.11,70.83
46.58,46.58,67.95,83.36,71.82
48.53,48.53,60.87,83.55,70.43
47.56,47.56,55.83,84.66,71.59
49.56,49.56,54.41,85.58,73.29
51.26,51.26,49.58,84.63,72.50
52.12,52.12,49.03,84.15,72.18
50.74,50.74,48.83,85.40,72.36
49.88,49.88,46.96,85.44,72.40
49.69,49.69,47.48,84.33,72.30
51.39,51.39,55.08,84.09,71.34
46.33,46.33,63.38,85.47,70.47
41.79,41.79,79.62,85.67,70.90
44.54,44.54,77.81,84.13,68.39
48.18,48.18,67.16,82.81,69.11
44.38,44.38,59.65,84.78,68.87
47.84,47.84,52.05,84.83,67.90
47.03,47.03,49.74,83.32,67.31
46.52,46.52,50.77,84.39,67.17
48.99,48.99,47.52,85.62,66.04
49.03,49.03,49.44,85.15,66.70
49.02,49.02,52.84,84.89,65.61
48.03,48.03,61.10,83.77,63.42
50.37,50.37,67.10,84.76,59.47
64.11,64.11,83.42,84.83,59.70
72.01,72.01,84.40,81.09,55.66
72.60,72.60,86.82,83.46,55.56
73.01,73.01,88.28,79.69,57.19
75.62,75.62,86.64,82.30,59.52
76.19,76.19,86.53,83.45,60.95
77.08,77.08,85.70,82.62,62.85
77.37,77.37,84.06,84.61,60.74
76.76,76.76,76.82,85.29,58.77
77.98,77.98,66.51,84.28,62.52
74.40,74.40,75.52,83.94,63.42
71.49,71.49,81.77,85.70,66.22
72.24,72.24,76.29,86.15,69.39
71.53,71.53,80.54,86.06,69.75
71.36,71.36,71.97,85.46,66.90
71.98,71.98,65.93,86.31,71.40
73.83,73.83,68.47,85.27,69.67
68.69,68.69,61.68,84.44,70.70
73.60,73.60,62.65,84.79,73.32
67.77,67.77,65.03,86.02,71.56
71.37,71.37,69.12,85.60,73.93
66.59,66.59,69.78,84.04,73.59
71.85,71.85,69.16,85.05,73.19
67.76,67.76,74.38,86.80,73.83
68.21,68.21,69.97,85.23,72.58
69.29,69.29,84.93,85.24,71.49
66.21,66.21,80.72,86.70,72.47
62.69,62.69,66.64,86.68,70.46
65.83,65.83,65.87,85.57,70.08
66.76,66.76,68.82,85.42,70.91
64.91,64.91,68.33,85.87,71.26
69.88,69.88,65.21,85.57,71.08
65.54,65.54,62.56,83.93,68.95
69.49,69.49,61.21,84.77,68.73
68.80,68.80,61.70,86.00,67.98
67.18,67.18,66.50,85.62,67.25
67.87,67.87,71.48,84.56,66.86
75.86,75.86,81.75,83.14,66.08
75.66,75.66,85.70,82.73,64.61
63.77,63.77,76.03,83.58,60.87
67.38,67.38,66.71,83.66,61.23
71.57,71.57,65.29,84.17,64.83
73.82,73.82,64.47,84.14,61.78
76.26,76.26,67.79,83.16,61.23
74.98,74.98,60.62,83.06,60.31
75.21,75.21,66.06,85.01,61.63
72.57,72.57,62.92,83.68,62.36
72.28,72.28,64.51,82.16,62.59
69.93,69.93,65.30,83.75,61.66
66.99,66.99,65.58,84.57,59.73
75.38,75.38,70.66,84.90,62.12
75.69,75.69,64.38,83.34,62.61
74.16,74.16,62.14,84.40,64.35
75.28,75.28,59.09,84.64,64.08
71.00,71.00,58.91,84.20,64.84
75.00,75.00,58.70,84.57,66.20
74.54,74.54,54.60,85.51,65.56
76.92,76.92,56.68,84.86,67.97
78.30,78.30,56.51,83.81,69.89
77.86,77.86,56.17,84.87,67.41
77.29,77.29,61.44,85.73,66.71
79.93,79.93,68.14,85.80,66.61
79.86,79.86,78.45,84.68,64.35
76.01,76.01,82.13,84.05,67.25
73.21,73.21,83.97,83.84,67.76
77.73,77.73,86.12,83.36,68.55
76.73,76.73,87.02,81.79,68.50
77.47,77.47,87.69,80.00,65.13
77.42,77.42,83.77,82.47,65.15
78.04,78.04,84.46,82.41,66.21
78.78,78.78,75.60,82.83,70.67
81.21,81.21,67.63,83.82,71.32
78.31,78.31,73.90,83.47,73.63
69.72,69.72,80.08,82.83,71.45
72.77,72.77,76.66,83.54,70.32
75.15,75.15,85.12,83.46,68.06
79.32,79.32,80.09,81.50,70.21
73.79,73.79,85.11,82.78,74.66
77.32,77.32,86.38,77.32,73.90
78.71,78.71,86.32,77.91,71.69
76.12,76.12,88.48,79.82,70.21
70.76,70.76,81.78,82.14,68.98
74.08,74.08,80.19,82.32,64.56
79.32,79.32,75.33,83.20,72.28
77.49,77.49,74.95,84.05,75.30
70.98,70.98,75.28,83.70,73.28
76.52,76.52,78.07,80.65,74.56
79.70,79.70,71.07,83.70,72.88
77.97,77.97,66.49,84.93,72.72
79.70,79.70,57.71,83.93,74.57
75.68,75.68,61.03,83.47,71.24
78.74,78.74,61.96,82.84,73.44
81.57,81.57,64.15,84.31,71.42
78.54,78.54,58.65,83.91,74.81
78.10,78.10,65.86,82.85,73.30
78.42,78.42,64.43,83.73,70.73
78.06,78.06,59.12,83.39,69.11
76.92,76.92,63.88,79.86,73.41
77.88,77.88,55.58,82.74,72.99
77.11,77.11,56.04,83.04,68.99
78.82,78.82,52.85,81.80,68.60
79.17,79.17,54.22,81.70,70.97
75.71,75.71,58.92,80.88,70.68
76.26,76.26,60.14,83.81,70.21
78.10,78.10,60.32,83.88,69.93
77.31,77.31,55.90,83.68,70.32
78.02,78.02,50.26,83.42,69.39
82.93,82.93,57.50,82.83,70.88
78.76,78.76,61.76,82.39,69.73
78.05,78.05,64.26,83.94,67.72
79.53,79.53,62.88,83.52,66.88
74.50,74.50,66.53,81.98,68.06
77.05,77.05,63.90,83.43,69.06
76.76,76.76,64.08,82.26,71.05
72.41,72.41,62.18,82.91,69.01
74.04,74.04,61.33,84.87,71.31
75.25,75.25,61.84,84.26,67.58
78.69,78.69,57.24,82.82,69.98
78.63,78.63,55.53,83.56,70.37
80.33,80.33,56.67,82.27,70.71
76.45,76.45,59.17,83.18,72.68
81.26,81.26,62.76,83.97,77.12
78.06,78.06,63.22,83.46,75.19
76.90,76.90,60.88,83.09,74.16
81.94,81.94,62.18,81.69,73.90
81.08,81.08,63.44,80.09,72.33
79.43,79.43,62.06,83.52,73.35
79.86,79.86,55.41,83.99,74.00
79.04,79.04,54.74,83.31,72.48
78.82,78.82,47.20,83.29,74.96
81.15,81.15,48.13,82.75,73.88
84.42,84.42,52.68,84.24,72.84
82.99,82.99,49.62,84.18,71.40
80.87,80.87,52.14,83.90,70.09
79.95,79.95,49.09,83.17,68.25
76.97,76.97,57.82,81.83,70.22
79.44,79.44,64.43,82.07,71.25
77.65,77.65,66.89,83.42,74.54
76.60,76.60,56.59,82.68,73.47
77.23,77.23,54.15,82.50,74.40
69.44,69.44,52.71,82.49,71.59
76.90,76.90,51.06,80.40,72.86
73.69,73.69,47.85,82.65,72.78
78.13,78.13,50.93,84.49,73.52
78.13,78.13,48.21,83.72,74.19
74.71,74.71,49.03,83.38,72.69
65.97,65.97,57.04,82.94,72.18
71.61,71.61,68.80,82.75,69.24
72.76,72.76,74.55,83.79,68.49
75.46,75.46,85.79,80.94,72.20
79.51,79.51,82.32,80.16,68.38
78.29,78.29,77.15,81.76,68.11
79.00,79.00,74.24,81.97,70.91
80.26,80.26,70.46,82.44,73.29
81.80,81.80,67.85,83.07,72.35
80.83,80.83,65.99,82.90,71.22
81.68,81.68,63.80,81.79,69.03
75.38,75.38,62.79,81.46,68.61
76.69,76.69,62.09,80.85,68.34
75.49,75.49,61.69,83.35,68.37
76.91,76.91,69.53,83.81,66.12
73.51,73.51,75.71,82.01,69.06
72.27,72.27,86.21,79.96,69.43
65.79,65.79,79.97,79.76,68.80
68.69,68.69,85.49,80.59,69.93
69.14,69.14,89.28,79.23,70.40
75.17,75.17,82.44,79.59,70.16
76.95,76.95,87.50,80.82,69.69
77.63,77.63,83.49,82.09,70.50
79.29,79.29,79.37,78.94,68.83
77.95,77.95,73.10,78.82,66.64
78.70,78.70,73.82,82.57,67.80
77.63,77.63,74.46,84.40,68.26
78.05,78.05,76.35,83.38,71.75
75.86,75.86,84.93,81.66,73.16
75.67,75.67,79.17,82.77,72.70
79.74,79.74,65.82,82.97,71.23
81.72,81.72,60.72,82.75,73.26
81.23,81.23,60.84,83.54,74.37
77.94,77.94,59.50,83.02,71.60
76.09,76.09,62.54,81.88,71.76
75.05,75.05,60.40,82.47,68.01
74.21,74.21,60.94,81.89,69.58
77.39,77.39,62.91,82.53,71.70
77.55,77.55,64.72,84.21,71.53
73.66,73.66,66.62,82.20,72.19
74.79,74.79,74.82,83.47,71.53
75.59,75.59,79.76,84.95,70.60
73.86,73.86,72.02,84.65,66.75
69.82,69.82,68.06,83.88,67.53
71.39,71.39,66.96,83.55,66.28
73.45,73.45,63.36,75.40,66.57
77.16,77.16,55.27,62.55,67.67
79.33,79.33,52.56,63.38,67.35
79.60,79.60,53.08,56.43,69.20
80.46,80.46,54.40,52.46,73.28
76.19,76.19,59.81,57.70,72.27
75.92,75.92,61.12,57.18,71.79
75.74,75.74,72.21,72.64,71.28
73.50,73.50,85.54,83.01,70.36
70.64,70.64,84.37,78.99,70.15
71.16,71.16,88.34,77.12,70.34
71.28,71.28,85.97,76.44,72.96
71.56,71.56,89.02,80.19,70.08
72.30,72.30,85.69,80.21,73.17
76.11,76.11,84.77,79.60,70.16
78.48,78.48,81.30,78.19,70.37
75.89,75.89,76.14,82.26,69.07
75.94,75.94,70.77,83.47,69.12
78.32,78.32,79.24,82.07,67.44
80.43,80.43,80.38,82.41,67.37
82.82,82.82,77.85,83.93,68.80
79.64,79.64,77.99,83.38,68.85
78.28,78.28,69.53,82.83,68.13
77.62,77.62,64.59,83.20,68.47
80.64,80.64,65.63,84.11,69.26
81.14,81.14,59.38,83.52,71.71
82.10,82.10,60.48,82.20,71.59
82.85,82.85,68.31,82.96,71.54
83.05,83.05,69.37,83.46,72.93
82.20,82.20,68.77,83.09,74.80
81.75,81.75,73.27,82.78,73.47
81.40,81.40,71.46,84.48,74.19
81.60,81.60,72.70,84.72,70.49
81.18,81.18,75.75,84.33,73.29
80.62,80.62,70.81,83.90,71.37
80.64,80.64,67.44,85.07,70.65
81.90,81.90,63.95,84.80,70.47
82.18,82.18,67.09,83.41,71.02
81.30,81.30,68.93,84.06,72.07
80.68,80.68,63.94,85.50,71.16
80.85,80.85,64.61,84.98,69.96
79.25,79.25,61.08,84.65,67.18
77.20,77.20,66.47,85.50,65.82
75.15,75.15,62.86,85.88,62.30
74.97,74.97,69.64,84.54,62.16
75.75,75.75,86.89,80.56,67.70
74.78,74.78,81.09,80.82,69.46
71.04,71.04,71.30,82.85,64.80
65.92,65.92,68.62,82.41,62.79
65.97,65.97,64.93,82.37,65.48
73.07,73.07,64.67,82.93,66.07
76.45,76.45,62.90,83.04,67.44
77.87,77.87,61.52,82.18,67.90
78.39,78.39,61.45,83.06,68.94
76.84,76.84,58.68,83.52,68.58
75.33,75.33,62.14,83.44,68.44
74.41,74.41,62.48,82.20,67.27
74.24,74.24,63.85,83.61,69.02
72.70,72.70,64.84,83.93,70.13
73.33,73.33,63.44,83.55,67.79
73.33,73.33,61.41,82.38,69.17
75.16,75.16,57.24,83.18,72.54
76.16,76.16,57.58,83.13,73.74
74.74,74.74,52.82,81.68,73.21
73.73,73.73,46.11,82.27,72.41
73.28,73.28,44.57,83.42,72.38
75.13,75.13,45.84,83.25,70.28
72.26,72.26,53.36,81.91,72.06
74.49,74.49,63.11,82.83,70.53
74.16,74.16,67.56,83.78,72.15
74.43,74.43,84.76,84.92,70.69
74.54,74.54,82.24,84.63,70.27
74.47,74.47,84.35,84.46,68.76
76.61,76.61,83.51,83.36,69.00
76.75,76.75,89.53,81.68,69.06
74.84,74.84,84.97,82.14,70.32
71.35,71.35,86.04,83.24,69.09
70.83,70.83,79.85,83.62,69.81
72.17,72.17,77.27,83.20,70.38
70.75,70.75,67.82,83.08,68.09
68.08,68.08,77.35,84.22,67.65
67.36,67.36,74.96,82.63,67.22
66.06,66.06,81.29,75.81,67.45
67.26,67.26,78.76,72.37,67.95
67.67,67.67,82.91,79.27,70.35
66.22,66.22,86.26,83.97,72.72
65.73,65.73,88.31,83.13,71.66
64.59,64.59,88.08,83.25,70.01
66.06,66.06,83.40,82.83,73.75
66.81,66.81,85.28,81.79,73.75
65.08,65.08,75.27,84.22,71.19
65.46,65.46,73.50,85.14,73.34
66.93,66.93,77.45,84.53,72.57
67.83,67.83,80.52,86.33,71.66
67.18,67.18,74.61,86.51,72.61
66.30,66.30,70.61,85.59,73.37
64.84,64.84,65.32,86.86,68.47
67.33,67.33,64.85,85.96,70.62
67.07,67.07,57.10,85.51,72.38
64.71,64.71,61.26,86.17,73.54
60.94,60.94,67.84,84.53,72.84
62.18,62.18,68.87,84.87,75.21
65.19,65.19,70.37,84.57,73.97
65.37,65.37,70.66,84.59,73.71
66.01,66.01,69.91,86.84,73.08
66.13,66.13,70.94,87.56,72.96
64.59,64.59,64.90,86.17,73.52
64.65,64.65,63.74,87.40,74.94
63.50,63.50,61.32,87.44,72.62
63.31,63.31,65.08,86.51,70.99
62.29,62.29,61.01,86.38,72.07
60.56,60.56,63.94,85.17,72.31
59.37,59.37,62.89,84.93,72.49
60.97,60.97,57.08,85.80,74.02
60.59,60.59,60.88,84.88,72.44
62.82,62.82,63.86,85.66,70.57
62.84,62.84,64.78,85.95,72.81
63.34,63.34,68.31,84.34,74.58
64.69,64.69,68.85,85.47,76.57
63.08,63.08,63.73,85.18,73.83
61.45,61.45,63.57,85.09,73.46
59.53,59.53,62.54,85.76,71.37
56.75,56.75,66.79,85.53,72.35
56.47,56.47,68.17,85.32,73.38
55.63,55.63,63.33,86.07,73.49
54.37,54.37,61.28,85.08,73.12
56.39,56.39,54.68,85.49,73.14
59.80,59.80,56.76,85.27,71.57
58.63,58.63,63.69,84.01,72.53
55.26,55.26,65.69,84.87,73.52
52.84,52.84,68.56,85.26,73.04
48.85,48.85,69.13,84.42,72.03
51.61,51.61,71.73,86.42,72.07
53.48,53.48,66.71,85.98,71.28
52.31,52.31,69.01,85.24,70.14
50.53,50.53,62.05,86.34,72.04
52.68,52.68,56.97,85.45,71.51
51.19,51.19,46.31,85.63,74.26
50.34,50.34,56.99,86.18,74.35
50.67,50.67,56.77,85.34,74.64
56.41,56.41,61.23,85.91,75.61
56.05,56.05,62.88,86.22,75.32
52.98,52.98,61.48,85.77,75.46
49.60,49.60,60.92,87.08,74.18
48.26,48.26,63.12,87.45,74.25
46.25,46.25,62.72,86.72,71.79
45.88,45.88,58.76,87.48,71.26
41.94,41.94,57.78,86.50,70.74
43.57,43.57,62.18,86.17,71.53
49.67,49.67,57.57,86.76,70.98
48.92,48.92,60.50,86.12,70.94
47.35,47.35,57.71,86.63,70.61
50.97,50.97,61.21,86.71,73.29
50.45,50.45,58.35,85.55,74.24
49.22,49.22,59.07,86.76,73.97
47.59,47.59,63.80,86.66,73.17
57.01,57.01,72.93,84.97,70.42
69.07,69.07,87.67,84.58,67.16
66.32,66.32,79.65,84.84,62.73
75.16,75.16,74.16,85.10,62.85
79.48,79.48,71.27,85.04,66.10
78.60,78.60,67.07,84.03,68.59
80.45,80.45,63.75,84.55,68.58
81.94,81.94,61.24,84.01,69.47
82.26,82.26,57.83,82.83,68.14
82.49,82.49,57.35,84.30,69.98
81.66,81.66,53.94,85.08,70.14
83.41,83.41,63.41,84.47,68.30
82.47,82.47,74.62,84.12,65.24
81.20,81.20,81.87,80.94,64.81
81.32,81.32,82.95,79.90,62.26
79.31,79.31,84.32,80.93,63.77
78.48,78.48,82.22,82.00,61.94
78.58,78.58,86.26,81.69,65.66
77.77,77.77,87.96,83.24,69.62
72.59,72.59,85.14,83.91,70.18
67.08,67.08,84.06,85.29,69.32
69.40,69.40,79.07,84.86,68.04
70.89,70.89,62.47,83.95,70.33
66.73,66.73,76.00,85.68,68.86
71.10,71.10,80.28,86.00,68.15
70.16,70.16,77.44,85.31,70.90
66.49,66.49,79.57,86.60,71.63
70.71,70.71,67.11,85.59,69.47
83.84,83.84,65.70,85.15,69.35
81.88,81.88,62.44,85.63,70.33
80.64,80.64,60.87,84.62,72.61
80.81,80.81,59.13,86.39,69.45
80.96,80.96,60.24,86.57,72.09
80.65,80.65,66.00,86.07,70.31
80.56,80.56,68.52,86.78,69.41
78.82,78.82,67.50,85.84,70.62
79.96,79.96,72.31,84.60,70.61
79.15,79.15,66.78,86.60,69.00
79.35,79.35,76.18,87.99,73.31
81.34,81.34,76.32,86.36,72.17
80.76,80.76,64.35,86.26,70.61
80.39,80.39,60.82,85.12,71.49
79.67,79.67,66.81,84.12,71.44
80.70,80.70,65.65,74.09,69.54
81.07,81.07,65.29,63.35,70.56
81.26,81.26,59.52,62.45,69.43
80.82,80.82,58.58,57.74,70.43
82.06,82.06,62.68,58.17,71.17
81.27,81.27,61.51,57.52,70.96
79.68,79.68,64.27,53.39,66.48
81.08,81.08,75.94,49.86,68.34
76.64,76.64,85.81,50.81,68.76
82.75,82.75,73.27,46.25,69.62
82.36,82.36,66.31,52.93,71.63
82.69,82.69,63.23,56.89,72.27
81.91,81.91,60.79,57.19,72.01
81.32,81.32,57.74,55.34,73.41
82.25,82.25,51.34,54.59,72.41
80.51,80.51,51.32,55.80,71.25
82.11,82.11,56.82,56.80,70.97
80.83,80.83,57.56,54.21,72.43
81.32,81.32,64.51,48.34,71.63
82.88,82.88,69.50,31.17,66.54
81.23,81.23,85.60,39.16,68.40
80.91,80.91,84.50,38.24,68.44
79.92,79.92,75.91,30.05,71.20
79.54,79.54,67.14,31.95,70.89
79.14,79.14,59.37,30.23,71.18
81.01,81.01,54.26,21.79,70.63
81.07,81.07,53.88,19.34,70.03
81.79,81.79,53.37,27.14,69.49
81.31,81.31,54.91,30.34,66.02
81.63,81.63,56.70,30.27,69.51
82.45,82.45,55.04,28.75,68.41
81.53,81.53,57.69,28.71,68.71
82.29,82.29,64.15,30.57,71.00
82.95,82.95,66.23,32.16,68.65
84.23,84.23,57.48,33.42,68.60
82.62,82.62,50.34,33.73,67.11
82.72,82.72,55.97,33.33,67.29
82.19,82.19,54.15,32.60,66.15
83.01,83.01,52.72,32.22,65.48
83.07,83.07,51.08,32.59,64.49
84.51,84.51,52.28,33.44,66.01
84.94,84.94,53.74,33.58,65.25
83.32,83.32,54.63,32.88,64.84
83.50,83.50,49.31,32.30,63.65
82.22,82.22,49.96,31.63,66.89
83.69,83.69,53.50,30.32,74.01
82.75,82.75,52.75,28.92,69.65
83.86,83.86,55.35,27.58,68.14
80.96,80.96,52.48,26.65,73.01
81.98,81.98,53.17,26.19,69.63
81.83,81.83,50.87,26.15,65.85
82.50,82.50,55.75,27.60,68.83
82.16,82.16,54.68,29.78,67.34
82.52,82.52,53.58,30.47,67.39
81.34,81.34,52.21,29.72,64.40
82.32,82.32,49.83,28.70,66.59
82.06,82.06,52.04,26.63,66.27
82.04,82.04,51.24,23.03,63.83
82.65,82.65,51.34,25.24,62.33
83.14,83.14,55.26,24.97,62.49
84.39,84.39,51.40,29.30,61.26
83.44,83.44,53.56,29.32,60.65
83.80,83.80,49.26,28.75,59.00
82.96,82.96,51.47,28.73,61.56
82.51,82.51,47.69,32.07,57.84
82.83,82.83,47.77,31.20,60.04
84.36,84.36,48.27,31.01,60.25
83.55,83.55,49.88,32.81,60.23
83.94,83.94,47.78,35.36,58.27
84.27,84.27,47.20,35.76,59.37
83.58,83.58,42.43,33.10,58.41
84.46,84.46,43.30,33.00,58.80
83.94,83.94,44.19,36.27,58.11
84.38,84.38,45.39,33.78,55.89
83.57,83.57,44.82,31.95,60.50
82.11,82.11,45.82,36.00,56.36
82.18,82.18,47.20,35.16,57.30
81.76,81.76,47.16,27.67,54.51
83.20,83.20,43.10,30.20,57.67
82.47,82.47,45.84,28.37,55.81
83.07,83.07,46.97,31.68,55.85
82.00,82.00,41.60,32.40,56.35
82.83,82.83,41.60,29.51,62.95
82.23,82.23,44.48,22.41,72.09
82.20,82.20,43.25,28.07,79.36
83.67,83.67,41.03,31.21,79.42
84.32,84.32,39.63,29.64,78.25
85.00,85.00,38.05,24.81,77.76
84.45,84.45,41.60,30.95,77.27
84.70,84.70,42.09,31.35,74.29
84.44,84.44,40.41,31.39,73.62
84.59,84.59,42.46,33.45,73.32
84.97,84.97,37.89,32.54,72.75
84.86,84.86,39.59,33.26,71.43
84.72,84.72,37.96,34.83,70.61
85.17,85.17,40.50,31.58,70.89
85.00,85.00,39.27,33.20,71.09
84.69,84.69,38.29,34.45,69.32
84.32,84.32,39.84,35.82,67.66
83.97,83.97,40.24,32.37,67.40
82.91,82.91,43.79,33.74,67.37
80.99,80.99,41.14,32.58,66.09
79.17,79.17,36.61,31.62,67.06
79.99,79.99,38.51,31.87,66.90
81.24,81.24,40.98,31.79,66.27
80.79,80.79,36.47,29.51,64.00
81.19,81.19,40.85,37.19,62.04
78.70,78.70,42.49,30.78,60.93
78.75,78.75,37.79,28.80,60.46
78.10,78.10,40.32,34.74,59.37
79.94,79.94,42.92,26.49,60.76
79.54,79.54,40.76,33.52,59.63
81.08,81.08,40.32,31.84,60.20
81.16,81.16,36.69,30.19,60.00
81.22,81.22,36.15,30.37,61.00
80.77,80.77,38.56,34.53,61.26
80.36,80.36,38.67,31.43,62.87
80.10,80.10,34.38,36.00,62.76
79.32,79.32,40.16,27.83,63.89
77.79,77.79,39.52,35.25,63.54
77.82,77.82,40.89,34.23,64.30
78.44,78.44,39.37,33.35,63.83
80.15,80.15,41.10,32.95,63.28
80.33,80.33,38.99,36.01,61.56
80.22,80.22,35.93,32.79,61.35
79.97,79.97,38.06,38.18,61.35
78.36,78.36,37.77,35.28,61.45
79.38,79.38,41.23,37.11,59.78
77.98,77.98,40.06,30.74,60.53
80.32,80.32,37.82,30.21,59.25
79.04,79.04,40.42,35.45,60.17
80.91,80.91,41.09,38.44,57.97
79.29,79.29,37.08,32.54,54.88
80.66,80.66,42.02,33.57,55.60
79.60,79.60,36.63,26.37,50.67
80.31,80.31,36.77,34.29,50.09
78.26,78.26,38.90,32.12,46.52
78.49,78.49,41.51,35.43,49.16
77.51,77.51,43.84,36.27,51.24
78.25,78.25,38.75,28.05,49.09
76.75,76.75,42.14,32.58,50.21
76.46,76.46,40.66,29.60,51.91
76.91,76.91,38.69,30.85,51.87
78.21,78.21,44.52,32.18,53.10
77.40,77.40,44.39,32.57,53.12
79.84,79.84,45.97,33.72,49.77
81.99,81.99,44.17,35.00,51.45
81.47,81.47,43.66,34.14,49.58
82.56,82.56,43.84,34.25,50.58
82.42,82.42,44.66,36.09,52.47
81.90,81.90,43.68,34.04,53.71
81.53,81.53,43.22,33.43,52.49
81.36,81.36,45.27,32.14,54.15
81.09,81.09,41.67,29.76,52.88
81.08,81.08,45.63,33.16,53.93
80.82,80.82,44.35,29.25,53.67
82.15,82.15,39.54,33.21,53.51
82.70,82.70,38.44,30.41,55.40
81.72,81.72,42.26,27.48,56.35
81.37,81.37,44.33,30.15,57.69
79.76,79.76,45.62,27.95,58.30
81.16,81.16,44.16,26.56,58.64
79.82,79.82,45.14,26.91,58.43
77.69,77.69,39.76,28.71,59.42
76.11,76.11,39.96,29.87,60.98
76.90,76.90,43.69,31.96,60.82
76.47,76.47,42.87,28.13,60.34
74.89,74.89,44.88,30.51,60.97
75.48,75.48,43.23,30.15,61.52
77.27,77.27,46.44,31.54,60.70
78.02,78.02,41.87,31.59,60.04
77.44,77.44,46.46,30.92,59.35
75.40,75.40,44.84,29.26,59.16
76.51,76.51,44.61,29.60,58.10
76.85,76.85,48.92,27.71,57.03
78.35,78.35,42.12,28.39,57.09
79.66,79.66,43.27,29.00,57.42
77.72,77.72,43.26,28.90,56.36
78.29,78.29,46.39,28.69,55.81
78.14,78.14,44.28,29.88,57.05
80.67,80.67,43.80,27.85,57.91
82.52,82.52,44.67,28.57,56.97
82.21,82.21,44.98,27.92,56.78
82.89,82.89,46.18,27.59,57.48
82.06,82.06,45.00,28.68,58.43
82.49,82.49,45.06,29.39,57.45
81.63,81.63,44.38,27.62,56.71
81.02,81.02,48.77,28.02,56.56
80.25,80.25,47.70,30.09,50.55
81.42,81.42,54.27,31.19,54.65
79.62,79.62,53.09,28.70,53.05
80.34,80.34,47.16,28.54,51.82
81.13,81.13,44.97,27.89,53.68
81.91,81.91,42.23,25.85,54.04
82.01,82.01,46.43,30.91,53.09
82.16,82.16,47.42,30.50,52.96
82.65,82.65,43.09,30.01,53.72
83.36,83.36,43.19,29.08,53.43
82.58,82.58,44.84,30.18,52.78
83.67,83.67,42.70,25.54,52.33
83.39,83.39,40.77,28.49,52.58
83.28,83.28,39.33,28.57,52.22
83.68,83.68,40.97,26.20,52.26
83.07,83.07,39.95,28.98,51.76
81.41,81.41,37.01,27.43,52.40
78.61,78.61,37.67,22.12,51.09
80.51,80.51,41.39,28.15,55.17
75.83,75.83,41.16,33.59,68.18
75.82,75.82,37.04,30.29,73.98
75.89,75.89,35.95,32.02,72.15
77.43,77.43,41.20,36.46,72.44
76.53,76.53,38.03,30.18,72.74
78.01,78.01,37.89,31.43,73.95
76.64,76.64,32.89,28.20,73.06
77.49,77.49,34.95,29.15,73.02
77.33,77.33,36.15,25.85,71.36
78.67,78.67,34.61,31.91,71.24
78.65,78.65,32.65,33.60,71.80
76.95,76.95,35.76,37.61,70.78
79.57,79.57,33.04,28.60,71.29
77.71,77.71,36.15,30.44,70.60
80.04,80.04,38.66,26.59,68.81
79.04,79.04,37.29,22.53,67.46
80.26,80.26,40.84,29.55,69.62
80.87,80.87,43.57,28.39,66.13
81.72,81.72,36.42,30.34,68.98
81.58,81.58,36.17,30.90,66.87
81.91,81.91,36.69,32.37,65.27
81.02,81.02,37.76,34.17,68.73
77.64,77.64,44.88,27.50,68.10
79.87,79.87,47.31,26.46,66.95
75.96,75.96,49.49,30.37,66.88
77.77,77.77,53.65,31.65,65.41
77.90,77.90,52.99,29.08,63.65
78.88,78.88,49.19,32.62,66.13
79.89,79.89,51.54,32.69,66.46
79.97,79.97,51.27,33.30,66.21
78.41,78.41,47.44,28.90,64.34
75.92,75.92,48.47,27.83,64.19
75.10,75.10,46.35,36.82,65.21
74.15,74.15,51.47,33.42,66.57
72.78,72.78,46.90,32.48,66.37
73.39,73.39,49.10,31.92,67.89
73.19,73.19,47.41,32.14,65.77
74.91,74.91,46.19,33.38,72.51
73.70,73.70,48.23,36.61,80.91
74.14,74.14,38.84,40.55,83.89
75.05,75.05,38.34,42.55,80.32
75.95,75.95,42.52,45.02,79.77
76.74,76.74,42.04,43.16,77.60
75.21,75.21,40.25,46.50,79.34
72.95,72.95,47.43,50.37,76.66
71.27,71.27,44.23,48.52,77.40
67.85,67.85,41.52,42.22,76.16
67.24,67.24,39.82,38.90,75.77
67.04,67.04,37.16,41.36,75.78
60.16,60.16,36.10,38.98,76.12
60.59,60.59,35.77,33.89,77.21
58.00,58.00,35.81,36.19,77.00
56.63,56.63,35.96,38.66,74.99
64.20,64.20,35.84,32.77,75.71
63.81,63.81,33.35,30.74,73.50
65.23,65.23,32.31,30.91,74.19
63.44,63.44,29.63,32.15,74.08
56.84,56.84,25.51,30.06,74.63
55.23,55.23,21.06,30.24,73.92
50.04,50.04,18.20,34.46,74.07
53.23,53.23,18.55,34.90,73.90
56.89,56.89,21.52,30.47,74.91
52.80,52.80,17.55,33.59,73.97
55.46,55.46,17.59,32.64,74.96
57.81,57.81,14.96,30.74,73.93
57.26,57.26,15.63,34.99,73.07
57.52,57.52,15.53,35.72,73.44
56.65,56.65,16.08,36.62,72.05
48.20,48.20,17.44,35.63,72.50
54.86,54.86,19.67,39.10,72.38
53.57,53.57,19.64,41.21,73.81
55.81,55.81,18.26,40.93,74.25
53.35,53.35,15.45,39.41,74.62
49.55,49.55,14.34,37.76,73.83
53.37,53.37,16.94,36.40,77.71
50.39,50.39,16.88,33.75,81.21
57.92,57.92,14.00,29.81,85.40
55.99,55.99,12.92,30.72,83.02
55.87,55.87,11.58,29.94,83.20
55.56,55.56,17.37,36.35,82.69
56.45,56.45,16.20,37.51,81.57
54.18,54.18,21.34,36.48,79.35
52.33,52.33,18.93,34.70,78.82
52.19,52.19,18.38,37.02,78.51
53.00,53.00,15.67,40.30,77.63
52.53,52.53,18.59,40.93,77.47
53.38,53.38,20.13,39.06,76.66
50.80,50.80,18.86,39.57,77.04
49.93,49.93,20.49,38.58,76.71
50.27,50.27,23.38,42.93,74.50
49.66,49.66,23.93,40.07,73.80
45.91,45.91,26.21,42.28,73.03
43.70,43.70,24.05,42.48,72.86
45.25,45.25,24.83,42.28,73.08
44.01,44.01,27.36,43.99,73.12
45.97,45.97,28.23,44.04,72.94
43.06,43.06,26.08,44.68,71.66
44.34,44.34,29.32,46.62,69.63
41.68,41.68,25.83,46.76,68.23
38.12,38.12,24.35,44.51,67.48
41.50,41.50,29.44,44.45,66.01
40.51,40.51,29.17,38.10,65.50
41.50,41.50,30.66,35.19,66.97
43.26,43.26,31.88,43.11,65.61
37.13,37.13,31.52,37.71,66.12
38.22,38.22,32.36,38.40,65.78
39.13,39.13,32.03,41.27,67.10
40.21,40.21,32.24,38.22,67.75
35.26,35.26,30.53,31.82,69.02
37.79,37.79,32.30,37.26,70.15
43.88,43.88,35.24,40.10,70.22
44.80,44.80,31.65,40.87,70.93
44.02,44.02,35.72,38.63,70.53
42.18,42.18,35.36,39.54,69.73
38.13,38.13,35.16,34.06,69.03
37.10,37.10,35.10,36.39,68.26
40.33,40.33,37.41,37.91,68.03
39.03,39.03,34.11,42.87,67.56
39.64,39.64,40.25,39.84,67.06
40.51,40.51,38.70,40.54,66.71
37.74,37.74,37.82,32.69,66.69
33.04,33.04,37.61,35.59,66.64
32.08,32.08,39.18,41.14,66.32
34.69,34.69,40.97,39.44,65.02
36.32,36.32,38.66,33.22,62.64
31.40,31.40,40.91,27.92,60.79
31.67,31.67,38.24,29.74,57.40
31.47,31.47,39.87,29.92,54.10
32.03,32.03,43.05,34.37,52.82
29.33,29.33,42.95,34.17,55.49
30.91,30.91,45.95,33.83,57.14
35.43,35.43,41.23,28.60,56.55
32.44,32.44,44.85,31.35,58.50
33.42,33.42,46.21,29.51,57.40
33.32,33.32,44.10,28.22,56.43
32.03,32.03,44.41,29.93,55.67
25.07,25.07,43.36,28.95,55.59
25.11,25.11,43.89,28.67,54.91
26.59,26.59,43.93,25.82,54.45
30.29,30.29,42.17,26.99,56.02
30.83,30.83,42.29,28.37,57.02
29.08,29.08,46.51,29.93,58.74
30.32,30.32,40.49,25.53,57.36
26.29,26.29,43.49,26.10,56.57
26.49,26.49,43.88,25.29,57.09
27.79,27.79,41.27,28.15,57.38
25.90,25.90,45.83,29.72,57.62
25.67,25.67,45.03,24.41,58.80
25.32,25.32,44.67,24.90,60.91
24.60,24.60,43.74,21.89,61.99
23.46,23.46,45.15,23.68,62.76
18.91,18.91,44.04,24.05,63.79
23.16,23.16,47.05,25.13,64.75
23.31,23.31,42.99,25.62,65.58
22.38,22.38,44.99,27.80,65.96
29.55,29.55,44.71,33.92,66.03
39.38,39.38,37.42,37.55,66.95
50.16,50.16,32.26,35.42,66.65
59.72,59.72,30.46,28.79,66.05
66.21,66.21,28.53,30.99,65.83
83.69,83.69,31.72,31.99,66.41
85.40,85.40,34.65,30.89,64.91
86.31,86.31,36.68,31.46,63.90
85.34,85.34,33.29,26.42,62.90
83.77,83.77,36.26,23.88,62.24
82.80,82.80,33.14,29.06,61.56
83.28,83.28,37.86,31.99,61.45
83.60,83.60,36.33,30.42,61.43
83.78,83.78,37.33,28.67,61.53
84.52,84.52,34.57,27.94,61.54
85.52,85.52,36.01,28.62,61.03
85.68,85.68,36.87,27.90,61.23
85.34,85.34,36.88,26.93,61.12
85.40,85.40,37.21,26.58,61.31
84.35,84.35,33.87,23.03,59.79
83.58,83.58,33.41,27.32,58.87
82.71,82.71,37.16,28.54,58.27
82.69,82.69,37.67,30.84,57.61
82.54,82.54,37.69,34.79,56.03
82.14,82.14,38.20,31.99,56.08
82.27,82.27,37.59,23.63,55.74
82.83,82.83,35.62,24.09,56.61
83.87,83.87,37.66,30.73,57.15
83.99,83.99,35.91,31.30,58.69
84.31,84.31,38.13,28.57,58.45
84.10,84.10,37.89,25.88,58.69
83.26,83.26,38.61,24.17,59.30
82.67,82.67,38.54,28.75,60.12
83.69,83.69,40.27,27.26,59.73
83.47,83.47,40.15,32.10,59.50
83.45,83.45,38.51,32.49,58.87
83.70,83.70,38.46,28.58,56.86
85.09,85.09,36.10,30.45,54.69
84.79,84.79,35.35,23.99,51.33
81.53,81.53,38.70,25.45,52.22
80.40,80.40,35.66,26.81,54.42
80.34,80.34,48.16,24.47,56.90
82.10,82.10,42.47,26.64,60.46
82.69,82.69,46.43,31.48,70.81
82.02,82.02,42.74,35.58,76.60
82.08,82.08,47.39,40.20,79.12
81.69,81.69,50.09,39.78,80.21
80.15,80.15,48.42,37.65,80.11
79.61,79.61,50.22,32.33,79.69
79.81,79.81,44.77,34.39,78.70
80.82,80.82,44.12,28.07,78.84
80.91,80.91,44.02,29.23,79.52
79.39,79.39,39.92,28.39,78.41
79.37,79.37,36.77,33.13,77.64
79.63,79.63,32.34,31.55,77.58
80.52,80.52,33.26,33.23,77.30
80.44,80.44,31.38,26.72,76.56
80.97,80.97,31.99,25.22,76.93
80.00,80.00,36.40,26.91,74.90
80.98,80.98,39.50,29.87,74.91
79.97,79.97,38.54,28.35,73.94
80.04,80.04,34.08,24.17,75.46
82.15,82.15,40.31,30.88,75.58
84.14,84.14,42.17,28.86,75.60
85.20,85.20,41.46,29.56,75.19
82.29,82.29,38.80,31.84,74.25
83.53,83.53,44.61,33.34,73.92
83.43,83.43,46.54,31.62,73.31
84.07,84.07,41.49,33.49,72.49
83.08,83.08,42.65,38.69,72.98
83.15,83.15,44.32,38.33,72.87
83.11,83.11,37.48,34.65,71.86
79.35,79.35,33.46,35.97,72.18
77.11,77.11,35.32,31.11,71.58
81.43,81.43,30.03,34.39,71.15
84.22,84.22,31.24,37.71,70.07
83.24,83.24,29.60,35.49,69.43
81.30,81.30,27.83,31.11,69.26
84.26,84.26,25.29,34.69,68.15
82.19,82.19,33.06,33.01,70.09
83.24,83.24,32.10,33.94,72.34
85.48,85.48,32.50,29.38,75.49
85.75,85.75,37.43,28.75,79.02
86.53,86.53,36.69,30.04,77.87
87.22,87.22,28.82,32.53,77.23
87.24,87.24,30.58,35.57,76.51
86.78,86.78,27.42,32.00,71.80
86.28,86.28,25.55,30.16,74.41
86.94,86.94,28.28,31.86,74.97
86.84,86.84,31.62,29.46,73.38
86.07,86.07,38.63,33.07,73.24
84.58,84.58,27.72,34.70,75.31
78.96,78.96,21.60,34.16,73.96
75.10,75.10,18.34,31.87,74.40
75.73,75.73,14.72,22.83,73.89
74.04,74.04,17.10,30.18,75.21
71.45,71.45,21.98,35.59,74.68
72.83,72.83,27.85,33.46,73.58
69.22,69.22,22.75,35.21,73.58
69.62,69.62,21.71,36.32,74.64
72.39,72.39,22.67,35.24,73.19
67.94,67.94,21.22,35.27,72.27
69.90,69.90,19.97,37.26,74.37
66.27,66.27,20.81,38.36,71.67
76.81,76.81,25.76,35.12,71.20
82.45,82.45,35.74,36.14,70.90
83.86,83.86,33.02,33.36,71.80
83.03,83.03,34.22,38.04,70.40
82.61,82.61,32.57,33.20,68.40
82.28,82.28,38.64,33.52,69.87
80.21,80.21,34.57,38.74,69.16
76.84,76.84,32.86,36.20,66.26
70.29,70.29,33.28,34.29,66.95
66.86,66.86,32.99,39.27,69.20
67.45,67.45,36.12,38.44,69.08
67.72,67.72,33.28,35.92,68.30
69.63,69.63,34.42,25.58,69.65
71.06,71.06,28.73,25.38,72.42
68.17,68.17,31.88,23.77,73.34
62.82,62.82,31.17,13.53,80.17
65.18,65.18,23.55,15.02,79.25
73.35,73.35,18.85,19.60,78.05
80.46,80.46,27.53,26.16,75.34
82.49,82.49,34.90,27.01,74.57
82.22,82.22,39.80,28.35,72.14
81.71,81.71,31.31,26.16,73.27
81.98,81.98,32.56,29.36,72.49
82.37,82.37,33.43,35.67,73.55
82.23,82.23,30.61,36.46,70.64
82.90,82.90,29.02,35.28,70.39
82.52,82.52,32.06,27.57,71.22
82.70,82.70,38.61,26.46,69.87
83.46,83.46,37.85,28.72,69.12
83.19,83.19,38.73,32.38,68.42
82.81,82.81,42.55,31.18,67.81
82.14,82.14,43.03,35.13,66.27
80.14,80.14,38.34,34.79,66.16
82.23,82.23,39.99,38.44,67.26
81.10,81.10,39.45,37.24,65.42
78.63,78.63,33.92,34.22,65.79
76.23,76.23,35.11,35.15,66.32
75.10,75.10,34.27,35.73,67.77
74.19,74.19,32.68,33.78,66.46
76.82,76.82,27.92,30.75,66.69
76.37,76.37,29.57,39.34,64.31
76.62,76.62,33.07,37.23,60.94
78.05,78.05,34.27,31.66,61.76
78.24,78.24,33.20,37.17,63.04
77.46,77.46,33.50,39.95,60.61
75.80,75.80,34.26,35.74,60.71
75.44,75.44,38.70,36.44,63.48
78.40,78.40,37.79,30.69,61.69
78.04,78.04,37.42,38.82,62.00
78.12,78.12,39.23,34.80,61.40
78.11,78.11,37.87,42.18,59.56
77.20,77.20,31.11,42.84,61.34
77.28,77.28,30.09,38.39,60.58
78.58,78.58,27.54,39.46,57.70
77.53,77.53,30.22,35.87,55.35
79.55,79.55,31.47,41.12,56.57
79.80,79.80,26.55,38.93,55.01
81.45,81.45,30.00,38.64,52.97
81.30,81.30,32.32,40.30,53.77
81.48,81.48,33.32,35.49,54.88
81.61,81.61,31.59,26.44,55.11
82.09,82.09,36.70,38.89,55.71
82.09,82.09,41.59,40.10,56.50
82.25,82.25,34.13,31.06,58.62
81.66,81.66,36.55,33.03,58.20
80.45,80.45,36.27,30.70,58.86
79.46,79.46,37.47,29.46,60.06
79.65,79.65,41.15,32.20,57.93
79.13,79.13,40.93,32.42,58.53
80.29,80.29,46.16,31.94,57.53
79.79,79.79,37.96,31.48,57.34
80.45,80.45,38.77,33.80,59.05
81.00,81.00,41.15,33.01,60.12
82.60,82.60,35.59,31.10,58.67
83.03,83.03,42.45,29.15,60.73
83.06,83.06,37.37,25.96,61.85
82.69,82.69,41.26,29.71,59.85
82.23,82.23,37.11,28.69,62.16
81.20,81.20,37.50,27.89,61.50
80.30,80.30,36.93,23.09,61.49
79.09,79.09,44.16,29.42,61.58
78.74,78.74,41.16,23.35,63.94
78.63,78.63,35.68,21.72,64.77
76.09,76.09,36.60,22.32,66.30
72.30,72.30,33.84,18.80,67.30
70.37,70.37,39.24,21.23,66.67
70.61,70.61,37.65,27.38,68.25
70.65,70.65,40.71,24.25,69.64
70.46,70.46,36.49,21.21,70.92
68.60,68.60,32.42,28.19,70.59
69.00,69.00,33.51,25.29,69.36
77.76,77.76,34.60,28.80,65.23
79.89,79.89,42.60,25.13,64.93
78.77,78.77,43.78,24.32,64.89
78.84,78.84,38.76,35.05,65.35
78.26,78.26,43.15,26.39,65.90
77.79,77.79,32.85,19.98,65.89
78.83,78.83,27.56,29.37,63.56
79.37,79.37,26.12,27.80,64.15
80.12,80.12,29.45,29.99,62.80
81.29,81.29,32.54,32.49,63.62
82.06,82.06,37.88,34.34,65.28
81.45,81.45,35.62,30.44,65.23
82.11,82.11,38.00,31.41,63.62
82.44,82.44,37.83,29.38,63.02
82.37,82.37,40.23,28.55,61.68
82.67,82.67,31.85,30.26,61.44
82.41,82.41,28.37,29.74,63.18
77.72,77.72,25.46,26.33,62.54
72.39,72.39,27.15,21.18,62.60
68.67,68.67,26.58,22.56,63.66
67.91,67.91,25.73,30.60,63.94
65.63,65.63,27.73,32.80,62.98
65.27,65.27,35.93,37.16,62.69
66.59,66.59,28.55,25.93,63.29
81.07,81.07,29.03,27.48,61.45
82.31,82.31,30.32,29.76,65.26
80.82,80.82,31.71,30.59,65.95
78.98,78.98,33.26,33.04,66.25
78.36,78.36,31.08,29.76,66.40
75.63,75.63,33.82,25.69,65.36
75.20,75.20,35.09,25.22,63.90
75.74,75.74,35.82,30.10,61.06
79.15,79.15,39.78,30.56,61.23
76.78,76.78,39.63,26.84,59.94
77.26,77.26,36.04,30.32,59.61
81.28,81.28,37.64,28.21,61.15
81.51,81.51,34.98,29.61,61.40
81.70,81.70,39.05,31.21,60.71
79.81,79.81,38.18,33.18,61.14
79.82,79.82,40.47,28.21,61.33
79.78,79.78,36.98,30.43,59.65
78.30,78.30,29.09,26.18,58.74
79.45,79.45,27.78,25.70,59.80
73.21,73.21,29.39,32.25,61.24
74.42,74.42,47.35,29.72,60.54
76.31,76.31,44.44,23.17,58.83
75.11,75.11,42.99,24.12,61.80
68.49,68.49,36.72,20.87,72.59
65.95,65.95,22.65,27.10,79.50
67.94,67.94,26.58,25.15,82.25
73.69,73.69,38.03,26.79,82.10
81.59,81.59,39.69,21.29,79.19
82.67,82.67,39.42,26.54,78.20
81.82,81.82,43.17,25.15,77.68
80.41,80.41,42.16,27.82,76.05
79.80,79.80,37.33,36.11,76.28
80.97,80.97,35.48,31.25,74.42
81.70,81.70,38.38,27.33,71.28
79.33,79.33,36.45,30.58,71.42
79.71,79.71,37.05,34.42,71.61
83.89,83.89,38.04,33.16,71.27
84.04,84.04,36.74,32.93,70.89
83.52,83.52,38.97,38.57,67.60
83.12,83.12,34.96,27.40,67.34
82.62,82.62,33.88,33.36,67.51
82.82,82.82,30.79,30.71,68.27
83.51,83.51,31.26,28.49,67.97
83.01,83.01,33.30,32.42,66.35
83.88,83.88,30.74,35.27,66.96
84.48,84.48,34.79,38.87,67.18
85.30,85.30,35.30,40.51,65.17
85.52,85.52,34.18,31.91,65.33
85.10,85.10,34.69,33.26,64.69
82.21,82.21,32.18,37.87,65.36
73.60,73.60,29.84,36.25,65.34
69.16,69.16,29.39,30.88,63.95
71.38,71.38,33.03,34.39,63.98
69.67,69.67,36.37,39.08,63.79
70.49,70.49,38.33,27.12,63.85
69.30,69.30,37.59,33.40,65.42
67.67,67.67,35.13,28.29,68.24
69.05,69.05,29.38,37.89,69.67
68.40,68.40,22.03,28.46,73.37
66.81,66.81,18.77,36.43,75.60
76.38,76.38,20.21,33.55,76.84
73.15,73.15,23.19,34.71,79.37
78.82,78.82,30.65,29.27,78.70
85.02,85.02,27.51,30.88,78.87
83.49,83.49,30.95,32.14,83.00
83.42,83.42,35.74,30.15,81.84
84.21,84.21,31.43,29.57,80.51
84.67,84.67,33.75,32.76,79.57
84.65,84.65,34.99,34.56,78.50
84.32,84.32,32.13,37.93,77.70
84.82,84.82,33.06,35.21,77.66
84.78,84.78,28.89,39.94,77.32
84.17,84.17,30.05,36.36,76.60
83.62,83.62,30.39,38.73,74.38
83.25,83.25,39.87,37.79,72.68
83.85,83.85,31.18,37.08,74.36
84.04,84.04,28.42,39.94,73.04
85.20,85.20,28.59,38.64,73.90
83.48,83.48,40.00,33.34,73.92
83.82,83.82,36.58,31.40,74.62
82.46,82.46,38.64,30.87,76.29
81.09,81.09,42.03,35.86,76.99
74.98,74.98,38.74,36.92,77.08
77.04,77.04,28.29,34.50,77.64
74.78,74.78,34.22,37.62,76.81
69.89,69.89,35.77,32.63,74.59
73.37,73.37,33.15,29.95,74.41
70.13,70.13,37.66,31.34,75.33
69.61,69.61,41.18,32.08,73.31
69.51,69.51,38.09,32.53,74.20
71.30,71.30,41.89,36.22,74.07
75.30,75.30,37.23,31.47,75.82
75.98,75.98,36.52,30.65,75.55
75.34,75.34,40.84,27.96,75.07
73.44,73.44,36.76,29.47,75.54
75.36,75.36,30.30,30.25,75.14
73.89,73.89,24.27,28.06,76.20
66.34,66.34,14.64,30.83,75.12
71.66,71.66,15.25,33.34,75.37
71.97,71.97,15.19,32.89,79.44
65.36,65.36,16.42,34.61,79.10
65.56,65.56,18.60,31.90,80.10
67.83,67.83,21.23,20.35,81.02
68.17,68.17,20.86,32.98,79.72
68.92,68.92,20.63,30.90,79.26
69.67,69.67,19.33,29.80,79.05
71.66,71.66,22.13,33.24,78.84
70.49,70.49,20.04,35.53,78.91
68.03,68.03,20.88,35.51,78.27
69.96,69.96,19.16,33.64,78.50
72.74,72.74,22.77,31.97,78.17
72.09,72.09,21.93,25.87,77.14
72.28,72.28,22.86,30.34,77.43
71.11,71.11,21.97,25.79,76.29
67.92,67.92,20.47,27.75,76.40
68.23,68.23,22.07,24.08,76.88
65.67,65.67,21.85,28.83,76.71
59.00,59.00,24.82,24.67,75.13
54.78,54.78,26.22,27.04,74.95
58.42,58.42,25.41,28.38,73.59
57.19,57.19,25.73,17.63,74.12
54.07,54.07,24.90,22.20,74.07
50.93,50.93,24.75,30.69,74.46
50.36,50.36,26.25,28.29,74.65
51.75,51.75,25.45,28.82,74.83
51.18,51.18,25.89,32.24,73.71
52.21,52.21,25.86,35.03,72.32
55.14,55.14,25.97,33.94,72.63
49.96,49.96,25.44,27.46,69.11
50.39,50.39,24.62,33.91,70.52
51.57,51.57,20.64,31.16,70.10
56.35,56.35,22.91,22.45,68.88
59.94,59.94,23.22,31.52,69.61
58.94,58.94,24.92,30.18,70.77
60.33,60.33,24.31,26.36,69.74
53.94,53.94,21.22,20.06,67.69
48.47,48.47,22.64,28.93,66.82
48.46,48.46,23.00,28.92,66.37
45.09,45.09,24.54,24.81,68.65
43.25,43.25,26.09,25.86,68.72
43.61,43.61,28.07,19.14,68.33
40.59,40.59,27.48,21.10,68.81
43.48,43.48,29.42,15.58,68.48
41.22,41.22,26.24,25.88,68.22
43.82,43.82,27.80,26.67,66.75
49.03,49.03,18.54,28.01,66.97
53.32,53.32,20.73,24.57,68.54
58.66,58.66,18.79,25.90,66.55
61.46,61.46,20.28,22.49,67.69
62.77,62.77,20.36,26.44,68.12
62.42,62.42,21.94,25.51,68.53
64.40,64.40,24.44,27.72,68.48
64.85,64.85,28.65,23.44,68.44
64.91,64.91,30.69,28.37,66.30
64.48,64.48,32.56,27.35,68.41
63.65,63.65,25.61,24.32,66.87
64.04,64.04,26.06,27.71,67.53
62.94,62.94,25.56,23.45,67.18
62.21,62.21,22.51,25.81,69.12
62.72,62.72,23.29,22.64,67.83
61.49,61.49,23.02,24.27,68.17
59.59,59.59,23.07,24.27,67.74
59.11,59.11,27.57,23.10,67.59
56.56,56.56,31.24,22.21,67.35
54.36,54.36,32.90,26.01,68.32
51.85,51.85,28.78,23.61,67.24
49.44,49.44,26.80,22.90,66.84
48.48,48.48,32.58,22.23,68.56
46.30,46.30,36.33,24.12,68.52
45.51,45.51,35.36,22.14,69.68
48.27,48.27,37.48,21.58,69.68
52.56,52.56,38.10,20.66,70.19
56.12,56.12,35.70,18.91,70.22
62.88,62.88,37.26,19.22,69.79
63.08,63.08,46.04,19.39,68.80
70.60,70.60,42.31,21.52,67.50
75.58,75.58,41.42,20.23,66.19
74.68,74.68,39.76,18.52,67.42
77.70,77.70,37.95,23.58,67.10
80.28,80.28,33.84,24.15,65.58
81.27,81.27,34.42,23.71,66.69
83.28,83.28,33.13,25.93,67.69
84.24,84.24,35.10,24.59,67.38
84.89,84.89,32.19,20.17,67.58
83.26,83.26,32.25,22.71,67.57
82.56,82.56,33.62,20.50,66.29
82.77,82.77,35.17,27.70,66.35
82.48,82.48,34.51,23.53,66.15
82.70,82.70,30.44,27.26,65.92
80.63,80.63,27.21,23.59,66.97
75.43,75.43,36.05,25.60,67.75
75.80,75.80,45.69,25.51,67.88
78.70,78.70,57.89,25.35,66.93
80.64,80.64,59.35,31.00,67.03
70.96,70.96,46.06,27.82,63.48
62.29,62.29,37.36,23.32,63.23
64.56,64.56,34.93,22.35,64.93
60.82,60.82,36.73,21.43,65.81
64.93,64.93,34.64,19.66,65.08
66.04,66.04,33.48,22.51,65.61
73.41,73.41,36.04,26.57,65.21
89.00,89.00,36.38,24.92,64.65
82.81,82.81,40.06,27.54,64.82
83.19,83.19,39.07,28.64,65.01
81.48,81.48,40.05,23.35,65.64
81.68,81.68,36.95,26.29,65.74
81.67,81.67,36.83,26.74,65.36
81.98,81.98,39.87,27.21,64.98
82.74,82.74,39.00,26.92,64.46
80.48,80.48,36.53,24.89,64.37
80.09,80.09,37.40,25.51,64.43
82.41,82.41,38.06,24.05,65.39
81.45,81.45,34.77,25.05,65.17
82.24,82.24,39.11,22.95,63.62
81.40,81.40,45.65,24.98,62.77
82.03,82.03,40.85,25.72,62.67
83.05,83.05,37.31,26.90,64.27
83.44,83.44,38.03,22.09,62.96
82.87,82.87,33.11,24.71,66.02
83.07,83.07,29.72,18.81,65.17
83.80,83.80,29.79,15.24,68.16
82.38,82.38,35.66,9.29,69.49
79.67,79.67,39.71,5.28,75.72
79.66,79.66,36.66,0.50,79.18
78.19,78.19,42.59,4.06,80.09
76.61,76.61,49.33,9.66,80.01
82.50,82.50,39.57,10.29,78.37
81.63,81.63,45.17,12.47,80.38
81.06,81.06,47.15,13.14,79.16
80.39,80.39,40.73,15.12,80.16
80.54,80.54,42.44,20.16,78.80
81.25,81.25,38.12,20.80,78.32
79.21,79.21,44.44,23.12,77.65
79.53,79.53,47.85,19.95,77.96
78.69,78.69,46.32,19.28,77.17
78.18,78.18,44.71,14.62,76.37
78.54,78.54,45.50,12.39,77.70
78.50,78.50,47.77,12.89,76.07
78.23,78.23,42.27,16.31,76.05
77.60,77.60,46.23,18.05,76.13
78.77,78.77,48.98,18.08,75.58
79.57,79.57,44.74,17.40,75.18
79.84,79.84,40.37,20.43,76.03
79.94,79.94,44.61,17.70,74.94
80.65,80.65,42.20,17.57,73.96
80.64,80.64,45.93,13.03,73.48
80.16,80.16,50.27,20.57,73.55
79.45,79.45,42.07,27.32,73.40
78.96,78.96,46.42,23.09,73.48
78.69,78.69,47.20,17.28,72.61
77.22,77.22,47.18,25.48,71.54
76.56,76.56,44.35,20.15,71.98
76.07,76.07,46.29,19.09,71.17
78.68,78.68,46.16,24.96,69.20
81.08,81.08,44.90,15.97,68.10
82.56,82.56,48.83,18.01,68.39
81.70,81.70,44.74,19.44,67.66
81.26,81.26,48.24,13.51,66.17
81.64,81.64,50.79,8.92,67.91
81.03,81.03,48.62,4.61,76.64
81.92,81.92,43.69,7.45,82.45
80.22,80.22,48.66,3.43,82.25
79.04,79.04,40.84,9.09,83.72
78.43,78.43,45.01,13.23,82.18
78.88,78.88,42.97,14.52,83.57
79.41,79.41,45.69,17.32,82.76
80.56,80.56,42.16,14.50,82.37
80.21,80.21,41.98,18.52,81.57
79.91,79.91,46.42,16.99,80.52
79.95,79.95,47.93,21.56,79.56
78.27,78.27,41.07,23.72,77.55
78.50,78.50,37.75,23.78,77.40
78.04,78.04,33.71,23.65,77.12
78.25,78.25,43.31,28.22,77.18
77.63,77.63,39.59,26.62,75.26
79.12,79.12,46.34,23.00,74.85
78.92,78.92,45.33,24.17,74.14
79.69,79.69,38.41,26.69,73.31
79.43,79.43,50.47,24.04,74.32
79.36,79.36,49.05,23.13,71.77
78.89,78.89,42.43,23.59,72.56
81.02,81.02,44.81,22.21,70.90
81.71,81.71,46.45,26.53,72.13
82.21,82.21,42.47,25.83,71.92
81.37,81.37,49.29,22.05,71.91
80.73,80.73,47.98,25.88,71.21
80.36,80.36,42.95,25.47,69.41
79.52,79.52,42.09,24.26,71.43
80.15,80.15,46.99,28.27,70.47
78.11,78.11,41.13,30.69,71.77
80.63,80.63,38.58,26.73,70.40
80.17,80.17,46.94,32.25,70.85
81.28,81.28,43.29,27.54,69.54
80.55,80.55,47.84,30.16,69.49
80.44,80.44,46.03,26.41,68.42
79.87,79.87,42.06,25.76,69.59
79.60,79.60,46.39,16.09,74.10
78.77,78.77,43.06,13.06,80.22
79.49,79.49,47.65,12.49,82.79
80.07,80.07,45.44,21.25,80.55
78.70,78.70,41.41,29.80,80.83
78.83,78.83,45.48,32.38,79.56
78.56,78.56,45.64,23.36,77.19
79.24,79.24,41.43,27.45,76.50
78.48,78.48,40.09,29.76,76.13
80.18,80.18,40.24,31.22,75.51
78.27,78.27,45.06,34.36,73.79
79.18,79.18,33.60,32.24,74.49
78.17,78.17,40.80,28.12,73.94
79.30,79.30,44.43,28.17,73.78
77.53,77.53,46.03,28.28,73.44
79.05,79.05,43.65,31.67,71.77
78.88,78.88,45.03,33.80,71.07
79.47,79.47,47.98,33.86,71.13
79.07,79.07,48.01,31.69,71.10
79.30,79.30,46.53,32.98,71.04
79.44,79.44,43.27,33.37,72.22
79.89,79.89,45.33,33.19,71.29
79.76,79.76,44.74,32.81,70.23
80.48,80.48,45.39,32.91,69.30
79.72,79.72,41.46,32.39,67.67
78.70,78.70,40.00,30.41,67.16
77.97,77.97,36.75,30.14,65.86
77.32,77.32,38.08,30.56,66.22
76.07,76.07,42.42,29.16,66.75
76.32,76.32,39.46,34.91,66.25
76.46,76.46,38.08,31.23,68.12
76.70,76.70,40.72,28.67,65.54
76.44,76.44,42.29,33.29,65.94
76.68,76.68,43.02,33.90,66.43
76.97,76.97,42.11,35.30,67.08
76.57,76.57,42.69,35.17,67.24
77.06,77.06,40.61,36.95,67.37
76.86,76.86,42.32,38.73,67.84
78.88,78.88,42.87,39.33,68.13
78.55,78.55,42.58,40.30,66.14
79.33,79.33,42.48,39.73,64.43
78.23,78.23,42.55,38.08,65.01
78.80,78.80,39.60,39.65,65.06
76.88,76.88,40.35,42.07,62.96
76.04,76.04,40.52,41.52,61.95
74.83,74.83,40.41,40.64,62.05
75.04,75.04,40.05,34.12,62.68
74.54,74.54,42.73,37.40,62.41
75.08,75.08,45.05,40.58,61.28
73.09,73.09,42.36,39.04,60.43
74.61,74.61,43.42,34.63,55.55
73.96,73.96,40.68,34.96,58.84
74.79,74.79,37.88,30.12,57.59
74.40,74.40,43.32,31.15,58.87
75.97,75.97,38.38,36.04,57.94
75.35,75.35,45.52,35.41,61.16
75.97,75.97,40.61,35.19,59.99
75.52,75.52,39.18,35.70,59.85
76.40,76.40,41.27,33.69,60.44
76.31,76.31,37.11,26.94,61.60
75.54,75.54,44.34,30.11,61.75
75.57,75.57,47.77,28.41,62.77
74.82,74.82,46.92,29.39,63.71
75.26,75.26,40.72,29.09,63.69
73.97,73.97,44.34,25.18,61.31
74.37,74.37,41.28,31.80,58.91
75.44,75.44,45.08,31.26,61.16
76.07,76.07,43.84,29.25,62.31
76.12,76.12,42.68,28.55,63.48
76.34,76.34,45.06,22.65,63.86
76.92,76.92,46.76,22.29,65.34
76.12,76.12,47.78,24.95,64.09
76.03,76.03,48.89,24.99,64.43
75.03,75.03,46.51,23.62,63.50
75.18,75.18,46.40,25.47,64.40
75.26,75.26,45.52,22.53,63.87
75.14,75.14,46.84,23.17,64.79
75.72,75.72,49.49,25.44,64.57
75.90,75.90,49.40,22.94,65.48
77.19,77.19,43.11,23.54,65.50
76.66,76.66,43.67,27.21,66.29
77.05,77.05,44.89,21.90,65.45
75.86,75.86,40.90,23.26,65.01
76.70,76.70,46.81,23.79,64.48
77.37,77.37,44.23,21.30,65.23
79.32,79.32,44.34,20.02,63.68
80.19,80.19,43.29,25.83,64.56
79.58,79.58,41.71,25.61,63.98
77.92,77.92,38.22,23.91,64.13
76.22,76.22,39.68,23.29,63.48
74.49,74.49,40.52,23.61,64.59
75.27,75.27,35.59,26.26,63.94
74.95,74.95,34.71,22.89,64.95
75.73,75.73,36.58,26.39,65.46
78.18,78.18,35.03,29.52,66.85
73.81,73.81,32.81,22.01,66.80
77.58,77.58,34.96,19.87,66.85
78.73,78.73,34.75,25.95,66.35
78.86,78.86,36.17,24.39,66.60
79.40,79.40,39.35,27.15,65.68
80.06,80.06,33.79,21.58,64.39
78.72,78.72,36.12,22.32,64.30
78.80,78.80,36.29,22.76,64.51
79.62,79.62,37.25,25.23,63.66
78.01,78.01,40.34,27.32,63.02
77.73,77.73,39.96,30.17,63.53
79.86,79.86,36.02,24.97,64.18
80.34,80.34,33.17,26.71,63.68
81.85,81.85,36.37,25.84,63.58
82.12,82.12,36.52,27.32,63.46
83.34,83.34,33.25,27.96,63.51
82.36,82.36,38.35,29.75,63.01
82.15,82.15,36.37,27.89,63.65
82.91,82.91,36.78,24.03,64.49
82.58,82.58,40.01,29.77,64.72
81.47,81.47,38.29,26.08,64.07
80.87,80.87,37.38,26.66,62.81
79.23,79.23,38.42,26.31,61.57
78.68,78.68,40.50,22.30,60.87
76.57,76.57,38.46,23.43,61.08
75.05,75.05,37.97,28.79,60.64
75.09,75.09,35.44,24.54,60.74
74.72,74.72,36.57,22.19,61.32
76.85,76.85,34.20,27.84,61.92
77.50,77.50,35.56,30.74,66.67
78.80,78.80,39.98,28.71,80.62
79.82,79.82,35.81,30.10,81.09
79.56,79.56,35.15,28.37,81.62
77.56,77.56,37.77,26.97,81.06
76.62,76.62,37.19,31.49,82.06
76.35,76.35,33.32,28.23,80.68
76.06,76.06,34.91,27.05,80.45
74.92,74.92,34.06,23.91,80.79
74.94,74.94,35.70,24.39,79.77
77.47,77.47,35.99,26.42,79.28
77.83,77.83,32.17,23.72,79.72
76.64,76.64,33.58,25.54,79.57
75.00,75.00,31.54,27.29,78.68
77.34,77.34,27.99,22.90,78.37
78.37,78.37,27.17,17.63,77.64
79.55,79.55,30.58,21.63,76.50
79.80,79.80,31.23,24.05,77.40
78.78,78.78,38.92,22.59,77.68
78.17,78.17,40.99,20.60,77.43
78.65,78.65,45.44,19.14,76.47
79.40,79.40,42.24,25.80,75.81
78.15,78.15,46.65,19.31,76.79
75.67,75.67,42.41,18.34,75.88
74.48,74.48,39.98,10.46,75.63
73.42,73.42,34.70,27.69,75.59
75.53,75.53,36.24,20.39,75.26
76.13,76.13,34.18,24.50,74.86
77.11,77.11,39.32,20.49,74.35
77.52,77.52,36.62,28.86,74.31
78.49,78.49,39.95,16.56,73.50
78.10,78.10,35.78,20.81,72.77
77.52,77.52,36.46,27.11,72.28
76.76,76.76,36.09,21.37,72.32
75.74,75.74,40.64,21.73,70.89
77.04,77.04,36.38,23.41,71.86
76.96,76.96,39.85,24.66,70.11
74.04,74.04,39.25,20.72,72.40
69.08,69.08,39.58,18.73,76.50
69.91,69.91,37.14,16.80,79.22
71.45,71.45,38.00,16.63,80.81
68.44,68.44,40.93,23.48,78.45
68.61,68.61,40.42,24.73,79.55
69.91,69.91,40.42,29.49,79.50
67.69,67.69,35.87,27.14,77.88
60.89,60.89,34.76,24.31,75.87
58.12,58.12,32.04,27.44,74.45
57.07,57.07,25.45,25.87,74.22
58.54,58.54,30.41,26.93,78.18
58.56,58.56,32.37,29.39,76.28
56.21,56.21,34.40,27.59,77.05
56.86,56.86,33.43,25.09,77.27
60.97,60.97,25.89,25.83,76.19
62.21,62.21,29.62,28.71,74.45
60.68,60.68,31.22,30.17,75.18
58.98,58.98,34.16,28.89,73.98
60.11,60.11,32.57,34.84,72.30
61.31,61.31,27.03,30.32,72.19
61.58,61.58,29.92,29.62,73.75
61.33,61.33,32.92,31.61,74.72
62.73,62.73,30.41,33.53,73.93
62.77,62.77,28.25,32.10,73.34
60.93,60.93,26.70,30.97,72.88
59.03,59.03,27.00,27.92,71.23
49.75,49.75,31.44,34.88,70.58
53.25,53.25,38.22,32.02,69.06
53.95,53.95,41.39,26.00,70.70
56.21,56.21,44.36,34.68,69.13
56.87,56.87,45.56,36.60,68.15
52.72,52.72,44.36,30.76,69.01
52.08,52.08,45.12,36.10,70.49
52.22,52.22,45.31,35.61,68.92
50.63,50.63,44.05,40.02,68.82
48.36,48.36,28.77,34.84,68.39
44.21,44.21,11.54,38.29,72.80
40.97,40.97,9.12,32.01,80.91
37.61,37.61,18.98,21.72,84.52
41.14,41.14,21.42,26.85,82.25
45.03,45.03,17.81,35.25,82.20
47.77,47.77,8.52,39.23,81.45
48.80,48.80,2.44,35.92,79.30
43.91,43.91,3.41,29.61,80.09
38.65,38.65,3.18,28.94,79.89
46.26,46.26,6.50,32.20,78.14
46.91,46.91,10.92,37.33,79.49
45.11,45.11,13.76,37.76,78.18
43.54,43.54,12.88,34.48,77.44
41.73,41.73,13.55,28.54,78.45
38.50,38.50,15.69,24.65,76.95
36.80,36.80,16.34,27.22,77.15
37.27,37.27,16.79,30.71,74.82
42.07,42.07,17.37,29.94,75.86
41.20,41.20,18.36,31.43,74.99
41.41,41.41,14.65,30.90,74.53
40.15,40.15,19.69,32.73,74.60
41.33,41.33,22.46,28.24,73.44
41.01,41.01,22.48,32.77,73.33
42.38,42.38,16.68,32.88,73.51
43.87,43.87,21.19,28.11,74.10
41.59,41.59,22.58,25.92,73.29
40.41,40.41,22.31,25.56,73.85
37.29,37.29,20.00,29.66,73.93
33.75,33.75,22.53,29.41,72.64
35.01,35.01,25.13,33.43,72.66
34.42,34.42,26.37,34.60,75.10
34.63,34.63,27.53,34.08,74.05
35.10,35.10,23.72,29.66,73.06
34.00,34.00,27.24,37.93,73.16
33.79,33.79,28.35,32.65,73.79
31.86,31.86,32.00,38.99,72.21
34.50,34.50,32.91,33.37,71.91
31.06,31.06,34.73,36.46,73.54
31.04,31.04,36.09,37.88,73.16
32.85,32.85,37.82,40.38,71.68
32.60,32.60,39.15,38.51,72.29
33.24,33.24,40.07,37.09,71.74
34.00,34.00,42.35,39.74,71.32
33.03,33.03,41.29,37.53,70.99
31.90,31.90,42.15,40.93,69.14
30.53,30.53,43.49,38.01,68.92
29.78,29.78,43.55,39.90,69.85
27.86,27.86,44.20,35.43,67.98
29.05,29.05,45.13,34.81,67.98
27.49,27.49,45.82,38.62,66.81
25.73,25.73,45.46,34.51,67.48
25.62,25.62,45.17,32.40,67.38
27.07,27.07,45.99,35.72,67.28
26.12,26.12,46.90,30.61,66.32
25.33,25.33,46.96,32.07,66.76
25.17,25.17,46.11,34.78,68.84
25.47,25.47,48.00,35.76,67.82
25.58,25.58,47.57,32.19,66.93
24.42,24.42,46.89,32.95,67.38
21.68,21.68,46.01,32.42,67.32
20.10,20.10,45.79,29.28,68.04
20.68,20.68,48.28,30.57,67.99
21.83,21.83,45.62,32.74,70.40
22.05,22.05,47.57,30.14,69.74
23.52,23.52,45.86,27.93,70.52
23.30,23.30,45.44,27.69,69.28
23.96,23.96,45.84,28.73,68.91
24.29,24.29,47.97,32.35,69.90
23.46,23.46,44.37,26.38,71.15
24.57,24.57,45.43,28.43,71.73
24.31,24.31,42.03,22.97,73.26
23.72,23.72,40.46,22.27,72.95
23.64,23.64,41.78,25.65,73.82
20.20,20.20,41.62,24.01,72.97
21.20,21.20,41.82,22.22,71.59
21.53,21.53,39.80,22.12,71.21
19.81,19.81,41.17,23.69,70.79
18.77,18.77,39.37,21.86,69.99
21.22,21.22,40.21,24.86,70.22
19.92,19.92,38.19,20.39,72.63
19.03,19.03,40.83,25.56,71.78
17.73,17.73,46.11,28.57,71.48
19.31,19.31,42.67,23.59,71.31
20.81,20.81,41.17,22.09,71.79
26.55,26.55,38.38,24.26,70.22
44.10,44.10,39.72,22.51,69.39
49.72,49.72,43.65,27.05,69.25
57.38,57.38,36.67,30.28,70.80
63.08,63.08,40.43,29.27,70.74
67.96,67.96,38.70,29.89,70.76
73.87,73.87,39.14,30.08,69.38
77.99,77.99,37.40,30.75,69.76
80.17,80.17,35.45,32.04,68.51
82.20,82.20,37.35,26.43,68.42
82.76,82.76,36.17,27.58,67.96
82.50,82.50,37.13,29.02,68.85
82.09,82.09,30.36,23.90,68.12
82.61,82.61,35.48,28.34,68.45
82.64,82.64,39.23,30.42,67.92
82.02,82.02,44.79,32.21,68.00
82.01,82.01,51.43,30.93,67.15
80.69,80.69,52.61,31.94,66.19
79.62,79.62,50.76,31.13,65.89
78.82,78.82,44.00,33.22,66.90
77.49,77.49,45.01,35.07,66.52
72.62,72.62,43.04,37.27,66.90
76.75,76.75,37.71,39.60,67.47
80.20,80.20,37.67,42.75,67.17
78.55,78.55,40.06,39.68,66.88
74.15,74.15,43.33,36.01,66.12
72.80,72.80,37.95,38.30,65.71
74.18,74.18,39.35,36.62,64.39
70.72,70.72,41.53,33.00,63.17
66.39,66.39,37.85,37.39,64.06
62.78,62.78,42.00,39.77,64.10
65.41,65.41,41.30,41.94,63.90
67.45,67.45,43.41,45.25,66.03
66.32,66.32,35.88,44.06,67.57
65.88,65.88,41.18,35.33,67.87
63.47,63.47,40.04,32.99,66.91
62.16,62.16,34.15,34.51,66.79
58.62,58.62,32.15,38.15,65.95
65.87,65.87,30.57,33.78,66.74
81.44,81.44,23.07,35.41,67.15
83.96,83.96,27.68,39.78,66.88
81.93,81.93,21.79,37.29,76.84
82.63,82.63,27.22,33.87,84.34
82.00,82.00,32.51,34.30,84.30
81.45,81.45,34.73,34.64,83.77
81.33,81.33,35.06,31.51,84.71
80.71,80.71,43.14,33.93,84.35
79.70,79.70,42.47,31.49,83.71
78.23,78.23,36.32,30.17,82.93
78.97,78.97,27.26,26.03,83.09
82.91,82.91,29.80,24.83,82.18
83.34,83.34,25.91,31.54,82.31
81.46,81.46,36.00,33.46,82.49
80.21,80.21,26.09,30.54,81.71
80.11,80.11,29.31,25.15,82.08
81.44,81.44,34.00,20.48,81.85
82.41,82.41,32.35,21.71,81.29
81.89,81.89,35.68,28.50,79.72
81.36,81.36,32.53,32.43,79.78
81.81,81.81,29.39,30.81,80.53
81.83,81.83,26.32,30.80,80.51
81.50,81.50,25.13,32.13,79.61
80.24,80.24,25.58,33.68,79.50
78.24,78.24,27.57,31.02,79.91
79.85,79.85,32.20,29.03,79.24
78.68,78.68,34.85,25.86,79.06
79.25,79.25,27.24,26.07,78.45
81.09,81.09,31.42,22.82,77.42
83.10,83.10,30.98,21.46,76.09
84.50,84.50,26.10,22.14,77.36
83.38,83.38,22.87,25.08,76.47
83.92,83.92,25.53,22.90,77.45
82.14,82.14,20.35,29.39,76.48
74.03,74.03,22.15,28.05,76.33
60.22,60.22,37.84,34.86,75.83
61.23,61.23,30.74,32.89,76.33
68.29,68.29,29.76,28.78,74.35
84.15,84.15,26.22,35.34,77.35
83.10,83.10,41.25,34.34,78.29
84.15,84.15,42.57,39.09,81.51
85.82,85.82,28.07,35.80,80.18
85.34,85.34,33.86,37.69,79.74
84.27,84.27,34.70,34.17,80.72
81.97,81.97,23.02,41.86,80.01
81.86,81.86,29.28,28.12,77.83
82.48,82.48,28.34,35.28,78.06
82.15,82.15,32.21,35.02,78.09
79.81,79.81,41.46,32.11,78.94
78.50,78.50,31.15,36.85,78.45
76.86,76.86,28.88,28.76,75.84
77.00,77.00,31.73,29.02,78.90
78.90,78.90,38.85,28.79,78.69
79.11,79.11,32.42,19.99,77.87
75.69,75.69,21.05,25.72,77.50
73.19,73.19,11.48,29.54,78.58
68.61,68.61,16.05,30.15,76.75
67.90,67.90,19.74,28.59,75.73
66.82,66.82,25.52,27.61,75.19
65.14,65.14,31.97,31.11,76.56
65.57,65.57,23.34,28.35,76.67
71.58,71.58,39.75,26.58,76.05
82.12,82.12,31.26,29.92,76.51
83.06,83.06,32.59,27.95,75.16
82.07,82.07,32.49,27.09,73.95
81.52,81.52,32.59,25.44,73.31
80.44,80.44,23.46,30.78,74.10
77.08,77.08,31.69,29.31,71.02
71.11,71.11,36.27,32.14,70.22
74.81,74.81,45.26,31.50,69.78
78.34,78.34,49.58,26.83,71.20
79.89,79.89,46.05,28.38,69.52
77.66,77.66,47.41,30.72,67.02
69.93,69.93,45.31,33.14,69.60
66.07,66.07,41.42,31.04,69.36
73.28,73.28,31.01,34.68,69.24
81.32,81.32,24.62,41.73,75.14
81.01,81.01,25.21,43.69,80.93
81.60,81.60,23.21,48.15,82.64
80.79,80.79,22.59,45.88,82.42
81.15,81.15,22.34,48.04,82.85
81.72,81.72,18.03,47.28,81.04
81.24,81.24,20.41,40.90,79.81
81.14,81.14,25.20,38.02,79.09
81.68,81.68,24.50,43.05,80.10
80.98,80.98,24.72,41.81,78.06
79.21,79.21,28.54,40.95,76.26
78.54,78.54,29.67,43.07,77.97
79.90,79.90,28.99,37.88,75.95
79.60,79.60,26.34,29.02,75.35
79.48,79.48,27.57,33.80,76.38
79.60,79.60,28.37,40.01,74.47
79.51,79.51,30.30,40.66,73.43
78.53,78.53,30.84,34.13,73.93
77.49,77.49,28.93,38.25,74.31
76.87,76.87,32.52,32.84,72.16
76.83,76.83,30.53,34.37,74.17
77.17,77.17,29.69,30.58,73.89
76.76,76.76,30.15,32.71,74.02
74.77,74.77,32.36,33.98,71.03
73.54,73.54,30.76,30.48,69.20
77.53,77.53,38.01,27.77,70.56
75.61,75.61,37.98,31.76,69.83
74.72,74.72,40.35,31.80,67.44
77.01,77.01,39.57,32.31,67.49
77.41,77.41,35.54,37.37,68.55
76.86,76.86,36.56,34.67,67.41
76.66,76.66,32.82,36.33,67.85
76.02,76.02,39.40,31.39,70.02
76.81,76.81,26.20,38.39,68.43
77.41,77.41,28.86,36.00,68.99
76.56,76.56,31.99,37.72,70.46
77.14,77.14,30.89,34.14,70.72
78.50,78.50,41.33,35.64,70.02
77.03,77.03,36.48,35.56,70.52
77.33,77.33,43.41,33.51,70.41
75.55,75.55,36.10,31.35,68.64
70.99,70.99,41.67,34.31,67.54
65.28,65.28,45.90,36.12,67.92
66.11,66.11,41.85,36.43,67.45
66.91,66.91,44.02,37.20,65.58
64.15,64.15,42.40,38.06,66.11
59.44,59.44,36.64,31.06,67.00
62.33,62.33,41.59,31.91,66.01
62.43,62.43,46.64,35.53,65.90
64.74,64.74,42.84,34.76,66.03
67.06,67.06,43.94,29.68,63.73
73.49,73.49,40.55,32.25,61.66
76.29,76.29,44.97,30.13,61.94
75.56,75.56,44.15,29.71,62.38
74.95,74.95,43.13,29.90,62.19
76.81,76.81,48.68,31.21,61.61
77.18,77.18,47.43,31.81,62.22
77.28,77.28,43.96,29.92,63.56
78.37,78.37,43.28,31.33,63.82
79.18,79.18,40.17,31.05,63.43
79.54,79.54,42.00,25.71,64.23
79.53,79.53,42.40,31.13,62.71
79.97,79.97,43.69,30.15,63.02
79.43,79.43,39.37,25.61,64.27
79.64,79.64,37.90,22.00,64.43
80.06,80.06,38.10,25.13,61.39
79.98,79.98,39.16,28.31,61.86
79.50,79.50,46.00,28.41,62.94
78.93,78.93,37.51,24.38,65.22
77.97,77.97,40.52,25.26,63.77
78.20,78.20,29.89,23.50,65.41
79.05,79.05,38.34,21.27,67.36
78.41,78.41,37.81,26.61,66.97
75.19,75.19,34.74,23.49,65.72
75.99,75.99,36.17,25.00,65.59
76.72,76.72,37.26,18.21,65.45
76.03,76.03,38.98,25.56,66.12
75.23,75.23,36.71,24.64,65.88
76.58,76.58,32.63,23.62,65.22
75.63,75.63,39.06,20.18,66.26
76.31,76.31,41.65,22.37,66.51
77.73,77.73,39.35,23.12,65.86
79.01,79.01,33.67,19.41,66.24
79.60,79.60,34.09,20.56,67.14
79.80,79.80,33.62,19.00,66.95
70.45,70.45,31.37,21.42,67.47
78.03,78.03,38.35,24.08,64.88
84.74,84.74,42.86,25.81,65.25
85.26,85.26,44.28,26.25,64.32
84.25,84.25,44.61,23.84,66.23
84.02,84.02,45.73,16.06,64.96
82.71,82.71,42.12,21.39,65.65
83.14,83.14,47.52,24.46,62.61
82.72,82.72,43.50,21.50,64.89
80.83,80.83,48.85,25.42,65.13
78.05,78.05,44.32,27.63,65.40
78.70,78.70,50.75,19.59,65.98
82.75,82.75,41.63,24.78,67.43
83.22,83.22,37.69,26.44,67.25
84.93,84.93,43.18,26.69,66.60
83.21,83.21,32.11,25.85,64.35
83.27,83.27,39.22,24.65,64.88
82.36,82.36,37.42,27.58,65.12
80.97,80.97,36.79,28.05,65.03
82.19,82.19,40.84,28.58,65.95
81.06,81.06,41.67,30.93,65.03
81.20,81.20,42.24,24.04,63.57
82.01,82.01,41.56,25.97,63.57
82.12,82.12,37.24,23.86,63.81
80.62,80.62,36.29,23.67,64.52
81.30,81.30,32.95,29.73,62.65
80.84,80.84,37.94,27.50,62.76
80.64,80.64,42.08,17.60,63.62
81.81,81.81,41.78,19.30,64.96
80.07,80.07,42.36,24.94,63.36
80.40,80.40,41.56,27.39,64.06
79.27,79.27,42.48,28.28,62.66
78.45,78.45,40.94,27.03,62.53
74.12,74.12,43.45,25.18,61.75
79.73,79.73,41.13,23.82,62.41
81.41,81.41,38.00,21.27,62.33
81.35,81.35,40.08,28.78,62.20
81.65,81.65,37.88,28.56,60.88
81.47,81.47,36.16,32.01,61.75
77.77,77.77,33.74,37.51,63.58
79.03,79.03,36.90,31.56,73.98
79.73,79.73,28.57,33.95,79.76
81.98,81.98,29.90,34.30,79.49
82.26,82.26,30.02,37.68,77.87
81.86,81.86,34.70,37.18,73.48
81.88,81.88,39.19,32.36,73.88
81.58,81.58,36.93,29.17,74.12
82.30,82.30,38.71,31.24,75.03
82.72,82.72,36.42,28.88,75.73
81.93,81.93,38.92,26.94,76.77
84.41,84.41,40.67,23.93,75.03
84.81,84.81,38.46,37.25,73.96
84.25,84.25,44.13,38.00,71.72
83.15,83.15,36.74,34.93,70.60
83.57,83.57,35.27,32.52,70.62
82.85,82.85,33.08,28.14,68.35
84.03,84.03,37.26,29.17,69.93
84.12,84.12,34.88,27.13,68.53
82.15,82.15,32.87,31.06,66.32
82.09,82.09,34.57,32.01,66.98
83.24,83.24,25.91,32.00,65.68
82.24,82.24,26.77,35.02,66.68
74.95,74.95,27.27,35.82,69.72
69.42,69.42,39.02,28.99,66.32
73.76,73.76,41.96,28.33,63.90
75.34,75.34,46.87,31.85,66.24
74.78,74.78,46.15,36.74,67.87
74.50,74.50,41.09,25.87,70.78
74.09,74.09,37.97,31.25,72.72
74.03,74.03,40.26,36.05,74.68
73.91,73.91,35.64,34.27,75.21
73.16,73.16,41.03,28.00,73.86
68.58,68.58,38.65,32.36,73.16
63.33,63.33,28.69,28.74,72.51
75.21,75.21,23.82,30.37,72.29
87.03,87.03,28.13,25.99,65.54
84.12,84.12,37.82,26.62,68.23
85.25,85.25,37.21,29.86,80.66
83.78,83.78,40.42,33.46,86.00
83.83,83.83,32.66,40.07,85.93
82.53,82.53,35.59,40.50,85.16
82.89,82.89,37.28,39.93,85.23
82.88,82.88,36.64,37.19,83.42
81.09,81.09,39.25,34.57,81.27
81.35,81.35,36.90,35.29,80.20
80.92,80.92,38.37,37.21,81.24
81.47,81.47,40.00,37.50,79.42
82.53,82.53,42.13,38.27,78.55
82.61,82.61,33.19,37.30,78.02
83.25,83.25,37.15,33.91,79.02
82.81,82.81,40.78,37.42,77.81
83.36,83.36,39.57,33.81,76.02
83.15,83.15,36.35,33.80,73.74
78.98,78.98,39.68,33.80,69.96
77.71,77.71,38.73,30.66,72.57
78.53,78.53,40.44,29.45,73.49
75.94,75.94,44.52,26.45,73.11
74.81,74.81,36.51,27.60,70.58
74.93,74.93,37.40,29.88,72.37
73.35,73.35,41.90,28.74,71.24
73.62,73.62,41.05,29.99,69.81
77.94,77.94,37.73,24.35,66.01
79.42,79.42,39.38,25.06,68.36
79.11,79.11,35.62,27.85,69.28
78.61,78.61,38.04,21.13,66.97
75.68,75.68,40.45,31.18,69.33
78.26,78.26,39.73,28.23,66.85
78.98,78.98,38.95,24.83,70.08
78.74,78.74,39.30,30.07,67.49
79.12,79.12,35.94,28.60,71.16
77.79,77.79,35.16,27.99,70.78
77.31,77.31,35.47,28.00,72.00
78.35,78.35,34.86,26.12,68.54
77.90,77.90,28.83,30.84,71.71
77.82,77.82,27.18,34.75,72.04
74.35,74.35,27.18,28.83,74.15
76.02,76.02,24.56,30.38,77.66
73.53,73.53,25.42,32.27,76.55
74.82,74.82,25.73,22.90,77.91
72.36,72.36,24.28,20.34,77.73
72.74,72.74,25.49,27.01,75.32
71.26,71.26,21.69,26.22,75.83
74.28,74.28,22.57,27.37,74.10
73.13,73.13,22.55,29.06,75.08
72.87,72.87,24.13,32.66,74.88
70.52,70.52,24.01,33.31,74.29
71.17,71.17,25.57,34.86,73.40
68.85,68.85,26.61,32.80,73.04
68.59,68.59,25.66,32.47,74.23
68.30,68.30,28.06,31.84,74.25
69.34,69.34,26.72,34.05,73.39
67.94,67.94,26.08,30.82,73.01
66.09,66.09,26.21,35.08,71.27
67.08,67.08,25.35,30.58,70.33
66.35,66.35,27.79,33.80,70.37
65.28,65.28,26.65,36.03,70.66
60.82,60.82,25.21,35.23,71.12
61.09,61.09,24.47,33.86,71.02
63.69,63.69,26.07,33.39,71.56
64.62,64.62,26.70,36.79,70.83
60.88,60.88,27.95,31.38,70.76
58.19,58.19,27.49,35.29,69.64
53.90,53.90,29.18,37.04,68.23
52.86,52.86,26.60,36.51,68.07
52.24,52.24,28.42,35.53,68.44
50.03,50.03,28.20,36.36,65.51
53.38,53.38,27.61,35.08,66.80
57.53,57.53,27.29,34.49,65.05
57.77,57.77,29.01,34.45,65.67
60.94,60.94,27.65,33.75,65.14
58.56,58.56,29.46,33.48,65.67
55.44,55.44,32.69,35.94,64.61
51.03,51.03,33.78,30.05,64.05
47.88,47.88,37.82,34.43,61.90
46.02,46.02,41.13,34.22,61.32
47.04,47.04,33.31,28.42,62.29
51.37,51.37,34.10,27.23,60.82
51.01,51.01,36.89,33.03,59.87
47.58,47.58,37.70,31.76,58.92
45.09,45.09,39.01,29.51,58.58
42.78,42.78,42.17,31.82,60.74
41.88,41.88,42.89,31.33,60.22
44.27,44.27,42.39,33.83,58.24
39.24,39.24,40.75,27.84,56.81
38.26,38.26,37.13,31.01,58.42
37.80,37.80,36.86,33.42,57.73
38.11,38.11,40.34,27.61,59.25
38.15,38.15,38.45,27.07,58.99
36.23,36.23,38.12,34.27,58.45
37.77,37.77,39.45,30.61,57.91
37.53,37.53,42.15,30.37,57.81
35.40,35.40,40.22,33.17,57.33
34.82,34.82,41.24,32.48,57.64
38.16,38.16,40.33,32.42,57.27
40.11,40.11,40.16,28.69,57.33
42.99,42.99,40.29,31.11,58.20
44.17,44.17,40.78,34.24,58.57
43.21,43.21,39.86,33.75,58.03
45.69,45.69,41.19,34.06,57.95
46.62,46.62,41.18,37.13,56.55
48.96,48.96,44.09,36.53,56.98
49.44,49.44,42.07,37.09,58.39
51.16,51.16,40.77,37.41,58.17
51.51,51.51,42.18,39.33,56.77
50.66,50.66,41.79,38.15,56.23
52.77,52.77,43.56,39.89,56.57
53.61,53.61,42.08,42.14,56.18
52.33,52.33,40.14,43.40,56.46
54.69,54.69,40.98,43.15,56.82
53.79,53.79,39.96,42.77,57.88
53.33,53.33,40.71,42.63,55.97
51.03,51.03,41.03,43.52,56.28
50.30,50.30,41.17,43.61,56.11
49.42,49.42,40.30,43.27,55.61
46.70,46.70,41.70,42.67,56.13
46.47,46.47,39.91,39.85,57.24
43.39,43.39,39.81,38.18,56.61
40.83,40.83,38.90,38.43,56.11
40.20,40.20,39.17,40.19,56.54
37.52,37.52,38.87,37.99,55.93
37.58,37.58,39.55,39.68,54.39
37.50,37.50,38.90,39.58,56.37
36.36,36.36,40.57,38.85,55.89
33.74,33.74,38.95,37.50,54.87
32.26,32.26,40.68,39.93,54.97
30.40,30.40,38.30,38.46,54.39
31.40,31.40,42.86,41.39,54.33
34.74,34.74,41.68,42.49,52.85
38.59,38.59,40.75,43.26,53.13
49.87,49.87,41.84,45.09,52.24
53.07,53.07,42.28,45.75,51.24
55.92,55.92,40.34,44.69,50.02
60.79,60.79,39.32,45.02,47.43
64.75,64.75,40.36,45.21,44.40
77.10,77.10,41.82,43.03,43.17
81.93,81.93,49.74,44.41,44.59
80.82,80.82,48.20,44.53,43.02
79.51,79.51,48.86,44.35,43.58
79.70,79.70,50.38,46.02,42.44
79.43,79.43,50.33,44.29,39.70
79.82,79.82,46.91,42.87,39.76
77.64,77.64,53.08,42.35,39.23
77.81,77.81,52.77,41.62,40.88
77.85,77.85,50.24,43.14,38.71
81.17,81.17,52.42,43.46,38.24
81.14,81.14,48.79,42.34,38.68
80.56,80.56,50.91,42.18,37.09
80.66,80.66,48.15,42.05,36.26
79.47,79.47,44.72,39.40,34.64
80.20,80.20,45.59,38.90,33.34
80.89,80.89,46.11,40.29,32.04
81.21,81.21,46.46,42.66,35.23
80.52,80.52,47.21,44.70,35.32
82.28,82.28,44.03,43.49,42.91
81.05,81.05,43.66,42.50,51.66
77.11,77.11,41.26,41.91,56.89
75.22,75.22,36.38,41.03,54.54
70.79,70.79,41.44,35.31,57.59
70.81,70.81,43.52,27.14,73.12
69.77,69.77,38.36,22.02,83.07
72.48,72.48,39.86,23.12,84.40
83.50,83.50,41.59,30.45,84.18
82.90,82.90,48.76,30.97,80.95
83.02,83.02,44.69,31.17,81.25
83.19,83.19,43.79,26.80,79.25
83.09,83.09,49.15,18.70,78.84
81.49,81.49,44.56,29.80,79.93
82.13,82.13,42.18,31.54,80.05
81.55,81.55,44.56,25.09,77.57
82.15,82.15,40.26,28.12,76.16
81.40,81.40,44.42,29.45,76.20
81.33,81.33,42.53,23.25,75.46
84.18,84.18,41.13,28.48,74.15
84.66,84.66,43.25,27.96,73.77
84.47,84.47,44.54,26.28,72.82
85.08,85.08,31.44,30.26,71.12
84.43,84.43,34.36,32.88,72.66
84.91,84.91,37.18,31.50,72.08
85.77,85.77,36.55,33.20,69.45
85.16,85.16,38.61,32.81,71.22
84.20,84.20,35.21,34.65,72.05
83.52,83.52,31.43,32.55,69.04
83.37,83.37,25.30,30.15,70.00
82.78,82.78,33.75,23.29,70.11
78.26,78.26,34.17,28.47,70.42
67.01,67.01,36.64,32.64,69.95
70.84,70.84,37.63,24.45,71.29
69.69,69.69,38.79,31.96,71.26
73.57,73.57,39.33,32.12,71.67
74.77,74.77,38.42,27.22,72.84
74.88,74.88,39.80,33.25,73.04
72.72,72.72,33.09,28.79,76.34
69.95,69.95,31.55,30.50,76.75
67.98,67.98,26.37,32.49,75.26
67.13,67.13,22.79,28.81,73.45
73.44,73.44,33.79,30.40,75.06
72.03,72.03,34.53,31.58,77.01
86.33,86.33,34.41,30.94,73.29
85.21,85.21,31.43,30.69,75.68
84.56,84.56,35.01,32.80,76.18
83.54,83.54,32.61,30.19,73.62
83.97,83.97,35.09,25.45,75.20
86.09,86.09,36.80,28.35,76.00
86.05,86.05,27.87,30.56,74.25
85.97,85.97,35.89,29.13,73.83
85.34,85.34,36.45,30.88,74.16
85.55,85.55,29.83,35.14,73.71
86.17,86.17,27.87,30.42,73.08
86.22,86.22,26.94,29.79,70.97
85.23,85.23,36.06,34.03,72.15
84.26,84.26,38.69,32.80,69.91
83.80,83.80,40.05,32.83,67.22
85.22,85.22,34.04,34.47,69.02
85.52,85.52,37.08,33.65,67.79
84.86,84.86,33.52,29.90,66.93
86.18,86.18,34.63,32.82,68.58
86.52,86.52,38.26,28.19,67.79
87.23,87.23,36.22,30.78,66.73
87.58,87.58,33.24,30.91,66.85
88.39,88.39,31.36,31.69,65.73
88.90,88.90,32.06,32.47,66.75
87.40,87.40,30.93,30.07,64.67
85.92,85.92,33.60,30.93,64.01
85.99,85.99,34.34,28.57,63.46
85.64,85.64,37.93,31.90,61.91
86.65,86.65,37.51,33.95,64.62
86.23,86.23,38.06,29.32,63.79
84.81,84.81,38.39,24.22,62.69
86.10,86.10,39.70,25.36,62.76
81.54,81.54,35.97,26.58,62.13
70.05,70.05,35.44,24.13,63.04
70.25,70.25,34.95,19.27,62.81
73.06,73.06,32.12,27.29,62.85
86.61,86.61,32.05,27.08,69.92
86.82,86.82,27.53,26.65,73.70
85.60,85.60,21.98,27.64,74.64
85.85,85.85,22.22,30.14,74.40
86.19,86.19,19.99,22.92,71.14
83.93,83.93,21.39,25.14,72.26
83.83,83.83,17.61,25.42,70.82
83.64,83.64,19.61,22.80,70.31
84.68,84.68,20.11,27.57,68.68
85.25,85.25,22.29,28.15,67.45
84.31,84.31,24.58,27.40,65.87
84.14,84.14,24.47,29.56,65.62
85.08,85.08,24.51,30.03,64.10
86.07,86.07,22.45,28.44,64.75
86.57,86.57,22.15,27.86,65.38
83.35,83.35,22.85,24.81,65.01
84.73,84.73,22.68,31.27,63.14
85.67,85.67,23.59,25.72,64.57
85.73,85.73,24.59,28.85,60.77
85.38,85.38,24.31,29.19,61.94
84.96,84.96,25.70,27.65,61.28
85.12,85.12,20.83,28.39,62.74
84.91,84.91,22.35,26.97,62.61
83.77,83.77,25.42,30.44,63.40
84.04,84.04,26.93,32.16,59.93
85.05,85.05,31.62,33.98,58.27
81.96,81.96,28.33,31.93,60.33
79.13,79.13,22.14,32.14,60.55
74.25,74.25,22.92,35.96,60.39
69.50,69.50,23.15,35.93,60.17
65.35,65.35,22.38,35.54,60.90
63.56,63.56,22.26,37.29,62.65
69.82,69.82,21.20,38.86,62.38
69.55,69.55,24.10,39.15,60.45
66.58,66.58,24.47,39.13,63.22
67.00,67.00,25.05,41.88,64.32
64.98,64.98,24.98,40.91,65.07
71.99,71.99,24.69,41.93,62.61
65.08,65.08,24.77,42.16,59.04
70.57,70.57,25.89,42.90,56.70
68.99,68.99,22.65,41.63,59.64
65.77,65.77,24.40,39.62,59.69
67.55,67.55,23.59,41.01,60.86
66.90,66.90,27.49,41.14,59.61
66.28,66.28,24.99,36.69,59.87
68.02,68.02,24.48,40.19,60.00
66.44,66.44,24.99,40.49,60.15
61.81,61.81,29.68,42.63,59.43
54.66,54.66,30.98,39.54,57.97
64.02,64.02,31.07,43.25,60.02
63.76,63.76,33.56,44.57,61.39
63.02,63.02,36.76,44.01,62.91
59.41,59.41,37.13,44.43,63.64
56.91,56.91,39.85,44.26,61.53
56.98,56.98,36.86,44.80,58.94
57.44,57.44,36.88,40.30,57.80
55.44,55.44,39.69,43.44,57.83
52.50,52.50,37.88,43.73,59.16
56.62,56.62,40.60,44.11,60.55
58.29,58.29,41.97,40.82,59.16
57.51,57.51,43.07,43.69,56.64
56.35,56.35,43.79,43.68,52.60
58.73,58.73,42.33,43.64,52.98
53.00,53.00,43.32,44.35,54.03
57.75,57.75,40.73,43.99,57.38
48.22,48.22,42.33,45.49,58.09
54.12,54.12,43.99,43.04,57.88
52.96,52.96,41.59,43.29,55.44
54.06,54.06,45.26,44.75,55.11
55.55,55.55,44.81,44.42,54.87
56.29,56.29,45.86,43.46,56.63
53.95,53.95,42.25,44.23,56.55
52.45,52.45,39.84,40.56,57.52
49.91,49.91,43.50,43.56,58.14
49.49,49.49,42.02,44.43,57.66
51.94,51.94,42.36,42.57,57.56
51.58,51.58,40.83,45.20,57.82
51.86,51.86,42.12,45.55,59.09
47.02,47.02,44.02,44.59,59.42
45.50,45.50,44.51,46.74,58.84
44.99,44.99,42.76,46.95,58.67
45.96,45.96,44.08,46.22,57.98
48.55,48.55,43.74,47.43,56.59
47.72,47.72,45.34,46.28,56.42
46.27,46.27,44.20,46.58,55.25
50.23,50.23,44.96,48.40,54.53
45.06,45.06,46.93,49.12,54.19
46.39,46.39,42.07,48.37,53.19
46.69,46.69,45.07,48.39,53.76
44.41,44.41,45.25,46.58,53.77
48.82,48.82,45.81,47.17,54.24
46.54,46.54,47.56,48.12,54.46
44.69,44.69,44.61,46.81,53.36
47.80,47.80,44.32,47.78,53.28
44.74,44.74,43.41,48.89,52.57
42.70,42.70,45.46,47.32,51.32
42.63,42.63,43.90,46.21,50.31
44.95,44.95,45.76,45.56,49.14
40.21,40.21,43.50,44.62,48.38
39.36,39.36,45.80,45.58,47.51
39.99,39.99,46.76,44.82,45.96
37.31,37.31,39.58,37.48,39.42
19.84,19.84,26.23,19.05,25.63
6.03,6.03,10.66,9.43,8.81
0.10,0.10,3.49,1.29,0.09
-0.00,-0.00,2.04,-0.00,-0.00
-0.00,-0.00,2.03,-0.00,-0.00
-0.00,-0.00,2.03,-0.00,-0.00
-0.00,-0.00,2.03,-0.00,-0.00
-0.00,-0.00,2.03,-0.00,-0.00
-0.00,-0.00,2.03,-0.00,-0.00
-0.00,-0.00,2.03,-0.00,-0.00
-0.00,-0.00,2.03,-0.00,-0.00
-0.00,-0.00,2.03,-0.00,-0.00
-0.00,-0.00,2.03,-0.00,-0.00
-0.00,-0.00,2.03,-0.00,-0.00
-0.00,-0.00,2.03,-0.00,-0.00
-0.00,-0.00,2.03,-0.00,-0.00
-0.00,-0.00,2.03,-0.00,-0.00
-0.00,-0.00,2.03,-0.00,-0.00
-0.00,-0.00,2.03,-0.00,-0.00
-0.00,-0.00,2.03,-0.00,-0.00
-0.00,-0.00,2.03,-0.00,-0.00
-0.00,-0.00,2.03,-0.00,-0.00
-0.00,-0.00,2.03,-0.00,-0.00
-0.00,-0.00,2.03,-0.00,-0.00
-0.00,-0.00,2.03,-0.00,-0.00
-0.00,-0.00,2.03,-0.00,-0.00
-0.00,-0.00,2.03,-0.00,-0.00
-0.00,-0.00,2.03,-0.00,-0.00
-0.00,-0.00,2.03,-0.00,-0.00
-0.00,-0.00,2.03,-0.00,-0.00
-0.00,-0.00,2.03,-0.00,-0.00
-0.00,-0.00,2.03,-0.00,-0.00
-0.00,-0.00,2.03,-0.00,-0.00
-0.00,-0.00,2.03,-0.00,-0.00
-0.00,-0.00,2.03,-0.00,-0.00
-0.00,-0.00,2.03,-0.00,-0.00
-0.00,-0.00,2.03,-0.00,-0.00
-0.00,-0.00,2.03,-0.00,-0.00
-0.00,-0.00,2.03,-0.00,-0.00
-0.00,-0.00,2.03,-0.00,-0.00
-0.00,-0.00,2.03,-0.00,-0.00
-0.00,-0.00,2.03,-0.00,-0.00
-0.00,-0.00,2.03,-0.00,-0.00
-0.00,-0.00,2.03,-0.00,-0.00
-0.00,-0.00,2.03,-0.00,-0.00
-0.00,-0.00,2.03,-0.00,-0.00
-0.00,-0.00,2.03,-0.00,-0.00
-0.00,-0.00,2.03,-0.00,-0.00
